place,gid,name,place_type,address,area,coordinates,ended
48918,fcab91d6618446bb83b98b7368e90e65,Pacific Spirit United Church,Religious building,2195 W 45th Avenue Vancouver BC V6M 2J2,5212,,f
46135,af56915275cf4a01b4c143ca33c0e564,ICIS Duplicating,Other,,29508,,f
18039,5ff2a67fa78543f48b09a92702f5e09b,The Attic,Venue,170 High Street Cheltenham,29508,519007522074432,t
9807,f9ad77c3965c4994801e09e4dfd3dcbc,Studio Quatre Chemins,Studio,22 Rue Cartier Bresson,68553,48903252395776,f
13566,3ba5ed02245b41d8ac47568c800229b0,FranzAlthoffBau,Venue,,7948,,f
17019,e7db493f762444abb216ccf660baf932,BankPlus Amphitheatre at Snowden Grove,Venue,6285 Snowden Ln Southaven MS 38672,23072,3495111189933889,f
55166,b94a7e6704c54b498baec5de9beca092,Reid Brody Studio,Studio,,5099,,f
43189,3fb384b984c54e4f9f6067646cb90504,dada,Venue,Гороховая улица 47,2450,5992754830323238,t
16612,93703649aa044dd6915ba8b23b2a9605,Mechanics Bank Theater and Convention Center,Venue,1001 Truxtun Ave Bakersfield CA 93301,22323,35372119013,f
21498,eefc48ddf08440bc84f43f1cc829c8d5,Wanna Rock Studios,Studio,,7984,,f
36327,4a898ef15d0347f4af4d24108d3ed1b1,Microphonic Mastering,Studio,77 13th Ave NE Minneapolis MN 55413,5239,4500088193254967,f
46116,7085b01f35b84abb8378090db00e095d,Tonengineer Studio,Studio,,,,f
52549,ffa91e81414340deab6e5ebff5b6d0a1,Big Mamas Recording Studio,Studio,,7707,,f
15152,92362f501f9d4a58b110c160638e0edf,Bohemian Grove,,6664 Grove St,10861,,f
41316,1d19d1ca426146e0a7155db13bf117b8,WPRB,Studio,WPRB PO Box 388 Princeton NJ 08542 USA,44467,,f
22090,23a7e6c7970d498bbb5fb6fc64aa155c,Nar Mattaru,Studio,,,,f
16894,a66ca71e9c5047129cb76f31ebd53ab8,Cavalier Sound Recording Studio,Studio,,8105,,f
39404,63cc0f8be2f64f5abb154e5f2eb93db0,Iolani Schools Seto Hall,Educational institution,,5193,21284646157824579,f
2167,cb37c80c51b04d5e950e95c2c154fc87,The Wamdue Room,Studio,,5210,,f
12911,9bcc164bb240454bae9197b5fd002b3f,Pensacola Bay Center,Indoor arena,201 E Gregory St Pensacola FL 32502,24566,3041648587209372,f
38396,202b6eb331594d828aff63a7dfba90e1,Highlander Research and Education Center,Educational institution,1959 Highlander Way New Market TN 37820,83934,3604284483584929,f
23848,d8815607288f4ad38a6ab98cedd939ce,Reanimator,Studio,Appelstraat 19 2140 Borgerhout Belgium,116160,512132534440806,f
28069,de0becff661a4e5881191684d08b6adf,Basilique SaintBonaventure de Lyon,Religious building,7 place des Cordeliers 69002 Lyon,12030,457631444836905,f
37182,47a8c7b0ef704603ad9863b5b9418361,Blind Faith Recording Studio,Studio,Pigneto Rome,5060,,f
25859,1eddfccce22d4c4f89fd59095eb61c3d,Studio 91,Studio,,117401,,f
47104,1fa77d7779c54d9ea63767c5359b7af1,Studio Schulte,Studio,,,,f
33774,74362a2e56274316936f7e0b73f727fe,Arbeitshaus,Studio,,,,f
47456,2d7e97152824446687e596b7a0b31329,Ballyhoo Studio,Studio,,7705,,f
12346,6def9ea0d91c437c84791dfd929b316f,First United Methodist Church,Religious building,,5241,415018918166699,f
48716,f3a70b0270d44d06b224bb656fe3cb0a,The Mona Museum,Educational institution,655 Main Rd Berriedale TAS 7011 Australia,119391,42812778147261111,f
28559,f9e0368a4b3c4a2db987399b516bc7d6,BernHaus Studios,Studio,,,,f
39794,2ad3900db7d844f49ca1fae7ddfa844a,DLR Studio,Studio,,271,,f
2714,df0ad79003ca46bd9572d9bb3de89e66,Barrowland Ballroom,Venue,244 Gallowgate Glasgow Scotland,3855,558550614236807,f
31645,0a9e5c696c5c42a8b84f64dbb3b198e1,Multi Media Masters,Studio,,203,,f
21700,e6fae9ac261d4ecc89953ad8deb9f229,35 Wyndham Street,,,3813,,f
13014,89a9b3c57ed94a558181a22755fb98cb,Studio Babelsberg,Studio,AugustBebelStr 2653 D14482 Potsdam,8852,5238706413120179,f
19697,093bb5bbd74e4bc4a9bf8aa2df7d210d,CWR Studio,Studio,,,,f
11203,16d4b88d8f7647f3a5cbcf5de1cdc976,First Unitarian Church,Religious building,2125 Chestnut St Philadelphia Pennsylvania,7707,39952122751766,f
12928,e1b62af0398144eb9ea347aa61f5db7c,Mid‐South Coliseum,Indoor arena,996 Early Maxwell Blvd Memphis TN 38104,7729,3511634189980835,t
20176,4c7a5465f8c346c2b1cc071554325828,An Club,Venue,Σολωμου 1315 Εξάρχεια 10682 Athens Greece,12762,3798644723733392,f
10965,2c65861830344564874dff251e0b9319,RedRoom Recorders,Studio,,,,f
18479,ee6d9f7ef87a48b289b4901eab1b2dc5,Styrene Studios,,,,,f
2752,ba7733f7eed44bf4a75837c30f516625,MECCA,Other,,12057,,t
22109,ccb5da21d6cb4eda9e384e30c8f5269d,McDonald Theatre,Venue,1010 Willamette St Eugene OR 97401,45171,4404851512309306,f
51943,7d26578eadaf4bb4b25bb91fa086cf7c,POTAR Practice,Studio,,48334,,f
20775,ae2dfe79ea1b48e8b45c78172417ed21,Born to Boogie Studios,Studio,,,,f
14723,4478535d654a44688fde2b2835a68bc8,FNFStudios,Studio,,331,,f
30536,795406ff93e6461eb30b00684c450eed,St Catharines College Cambridge,Educational institution,St Catharines College Cambridge CB2 1RL UK,7307,5220301169,f
9020,ecf074a90a54425ba186b673631f6037,Bethaniënklooster,Venue,Het Bethaniënklooster Barndesteeg 6b 1012 BV Amsterdam Netherlands,7706,,f
12730,86fe5c6861174f66894f45a1309b8c22,GospelgrooveStudio,Studio,,75073,,f
18447,3c94deca6a3d4627a1c41ab5c60d59c4,Apple Store Rosenstraße,Other,Rosenstraße 1 80331 München,7710,48136831157456,f
53567,7e7fd9f1b60c4bcfaafaf1179ee586e0,Taller Blanco,Venue,,,,f
45120,55e0959b6d5d48d2ae78351e4cf2034a,Apple Store Third Street Promenade,Other,1415 Third Street Promenade Santa Monica CA 90401,5283,34015417118495361,f
48369,c277529bb3bc427eb3ff2c885683950f,Spot X,Studio,,7295,,f
31946,4cb52ed5f1bc411d9dc4342adbde5d92,Pevnost Josefov,Other,,118133,5033927815930222,f
10018,14d72d98d8bb409ca33613383053cb0c,Scruggs Sound Studio,Studio,,5213,,f
38815,75bdc22a3ec044df989ecf2cadf7b917,Studio Brasan,Studio,,,,f
42354,34dfd4bacf1e425c9d77794ca556c467,StudioA,Studio,,62241,,f
21433,5c019b0970e843edb6d7827ce6aa1f18,청음 Studio,Studio,,113,,f
7513,7484cbf3d16742a3acca3a65a5058f94,MusicBrainz Summit 14 HQ,Other,Danshøjvej 42 2500 Valby,7712,5566217612490344,t
15995,79dceadb282647249ad9f5bfc858bff1,Mølla Studio,Studio,,12730,,f
16481,47540a850c1c49c992996eaf57016a54,AlbertusMagnusGymnasium Bensberg,Other,Kaule 3 51429 Bergisch Gladbach Germany,68850,509610977155988,f
53322,558504423409420f9d9b67958e4b3920,Indie King,Studio,,5114,,f
12373,efca4e1760c142aabdd395661010602b,Raintree Cafe,Venue,220 King St N Waterloo ON N2J 2Y7,115885,4347529180524457,f
27890,aa290479c25d42b7a7fd5927858a63f8,Lalabela Studios,Studio,,7020,,f
34034,82aacd5899fc4903be938f1567ae3c7d,Big Island,Studio,,,,f
41428,c4b44893613e403282be2a3238809208,Sala Canciller,Venue,Calle Alcalde López Casero Madrid Spain,9413,,t
22998,b7e54c05858a4fb5adfbe7ac26d3ab7e,Lounge Ax,Venue,2438 N Lincoln Avenue Chicago IL 60614,5099,,t
29449,5c29a7458ae54e60aeb519ceb281b840,Cliff Temple Baptist Church,Religious building,125 Sunset Ave Dallas TX 75208,9399,3274455896826152,f
24550,3d129bdadb0d428384d0b183aeff00d1,Studio Charlot,Studio,,4434,,f
9736,3f977f5c9476466e9e68ec85bbd0bad0,Artheater,Venue,Ehrenfeldgürtel 127 50825 Köln,7954,509531486918527,f
51570,d0c339bf5fb04e759a3a86edc453d87a,Straight Theater,Venue,1702 Haight St,7022,37769773122450603,t
49454,cb26909af490463082e4cef9bf023502,Na Cena Studio,Studio,,643,,f
7166,8e81d084a6a446bbb0870f20c5e79bc7,Bla,Venue,Bornheimerstraße 2022 53111 Bonn,7023,507364057093592,f
51963,5db9c0f8e862429293cd05d6adf4c5b6,Studio 19,Studio,,202,,f
3079,4966c97767a7456b96456f386c8f90b2,Lyceum Theatre,Venue,21 Wellington Street London WC2E 7RQ,1178,51511556011975,f
38954,2ce01af35c7c409cbd31cab75b3542cf,Thorns Facilities,,,,,f
34472,748ba9cdbd174fd4b1ef4dc312a376cf,DangStudios,Studio,,22162,,f
22130,52e69165d64546bf90f958e662dfdc91,Apollo Stage,Venue,,11117,,f
49452,b521b5a7fd6b4b34aef2708668864282,Furuheim,,,12336,,f
46257,642d23b08af144acb47476b9bd55c045,Mottow Soundz Studio,Studio,,,,f
34404,0b4cf1d8cd1e4f858153a542cb8fb5e2,Threshold Recordings,Studio,,5782,,f
31697,0ab01ed60076448ab5b3778746484175,Herbert Place Studios,Studio,,9622,,f
6531,0489178e8fc54f9cb2993d430251d6d5,東京体育館,Indoor arena,〒1510051 東京都渋谷区千駄ヶ谷1171,116887,356797221397125,f
32617,63b0aad4fe704268a810204869c21b08,卜公碼頭,Other,Central Hong Kong,96,2228261141583,t
47730,09e79860c2014844b036a5adfb21b5eb,Soundworks Recording Studio,Studio,3801 23rd Avenue 303 Astoria Queens New York,67440,,f
47075,9adda81ff0a54f2c9d84c43ae3017eaf,Mountain of Light Studio,Studio,,1178,,f
4290,67f0f81ea6b6411d87710554db484706,Pieve di Palazzo Pignano,Religious building,,14324,,f
49624,e6cf9e38986a4176ba317722fd80e871,North Farmington High School,Educational institution,32900 West 13 Mile Road Farmington Hills Michigan 48334 United States,22959,4251683376,f
26055,fcffec1c9acb49b3888bf4b00af9e400,Kendall Hall,Venue,,118012,,f
19497,656c8df5add54075bf01f443a785d39a,Japanese Academy,,,,,f
57104,0a98a7f0436349f39d7ebbe45f9d0cf7,Festival Messiaen au Pays de la Meije,Venue,La Grave,,,f
4844,66b323ef56e34994a1aa96cb6949fa61,Nemo Studios,Studio,,1178,,t
57107,2372dd644f9946309c37a6e3eb6c2d7e,Evansson Audio Media,,Unit 6b The Fortress Avonside Melksham Wilts SN128BT,,51376515214165,f
47824,08da2c8a127c4e85b785bd7a571be43c,O2 Academy Sheffield,Venue,O2 Academy Sheffield Arundel Gate Sheffield City Centre Sheffield S1 2PN,3934,533816021465469,f
40351,1cd34a5a9adc4b28b58321e2b00e19d7,Zénith de Dijon,Venue,Rue de Colchide  21000 Dijon  France,67890,473552825058136,f
19244,ff3466d97ce94080b0718198b9cb74bd,House of Culture Vltavská,Venue,,1805,,f
29181,b9ec000657884b47bf28f2bcea075a5b,Horta Hall,Venue,,1793,,f
45056,f380b10a995c4e3c8e4482a66d39b021,Studio MySound,Studio,11 allée de Longueterre 31850 Montrabé,43556,,f
13971,fc79f9ad818e46a1ab9f7854ea90ce21,Concert Hall Sydney Opera House,Venue,,5126,3385671512149,f
40475,fa6aa293182a4fed9f1ff00081585d0d,Mixroom Studios,Studio,,9413,,f
46450,6a6a1201604f4be790f2e977ae3fa413,Caledonien Hall,Venue,Radisson Blu Caledonien Hotel Vestre Strandgate 7 4611 Kristiansand Norway,12389,,f
34819,66cdd340b70c4104b7fded226d68a0c0,Norwegian Jade Bliss,Venue,,10422,,f
28661,fe0efa0ee14348afa91d0a1d8fe59e1f,Santuario di San Bernardino,Religious building,,13310,45492796407,f
2749,42dc99e1f5ec4e86ad7ab3761943ec4d,Orpheum Theater,Venue,216 State Street Madison WI 537032215,5287,4307589388611,f
7714,4aab83f116da42e0a964085b2dd2fdfe,Laboratorio Soyuz,Studio,,194,,f
25611,2d310abe80fe4287b8ef32e37b364491,Aula Sargans,Venue,,97160,47044194397,f
16016,3f19c216aa6e4fd4affd63eff824616c,Guelph Lake Island,Other,7743 Conservation Rd Guelph ON N1H 6J1,68698,4359676480243612,f
38450,559492d0dff945d3a71fb5d3b0be2772,Centro de Convenções de Pernambuco,,Av Prof Andrade Bezerra,633,,f
5816,fc8c39bf39444c44a14a95819c88e90c,St Lawrence,Other,Cannons Park Edgware,1178,,f
28338,0ff9919373a740ccaafa32f0bbc6b990,Golden Room Copacabana Palace Hotel,Venue,,5161,,f
11563,6028b2777f4b4a4786a60a00b1f1ba27,Grünspan,Venue,Große Freiheit 58 22767 Hamburg Germany,331,535518269958052,f
32571,517214bed9da49b39933aadb260b7e7c,Sound Circle Studio,Studio,,,,f
50560,7731e6a8886f4382b78059772b67eb32,Alvic Studios,Studio,Wimbledon,67482,,f
54820,1c204399735b4a25bc9c268f608227f7,Hickory Sound Recording,Studio,,21907,,f
12321,dee91b4c6b174b6085e0faa16f53f5fd,Rathsgymnasium Wolfsburg,,,8908,,f
12289,46e0c2410876455db71814798e7138ea,Boogie Park Studio,Studio,Boogie Park Studios Eulenstraße 70 A 22763 Hamburg,331,535515779923772,f
53492,33b5ad5f3da44b02831853b5db1bb454,The Jungle,Studio,,160,,f
9206,944850c4e91d49dd9af8e676593fa9a3,CorbNation Studios,Studio,,,,f
21171,7ae609f089c54c05aa99b59390d2a20f,Fat as Funk,Studio,,221,,f
871,c8334f61fafe4519882153bb3327d05f,梅田CLUB QUATTRO,Venue,〒5300051 大阪府大阪市北区太融寺町817 プラザ梅田10F,118630,34701773135502286,f
39430,f59b83cdf4a24c98ba473dbb6582e771,Kostel Matky Boží před Týnem,Religious building,,1805,5008771144227,f
38358,ecca7b03afb34b99b64659d30d18064c,The Half Moon,Venue,93 Lower Richmond Rd Putney London SW15 1EU,55341,5146802022257,f
51217,40cdb6c8e228403584cb3988ed42591d,スタジオ サウンドバレイ,Studio,,,,f
52922,7db70e038e9749f48e05611e54cef88e,RSA,,,,,f
49272,cb00f3a77f86461b9d5bccb311c6220d,Salinas Studio,Studio,,99547,,f
23950,0a989a40f573422ca1d133ecf1c76376,Spider Formation,Studio,,5099,,f
35682,5aadef53505d40409233d2d4c21dcb7e,The Gannon House,,,,,f
51951,d1f3d9627fbc4e3991547cf4db5f94df,The Bridge,Venue,,80914,,f
31584,327e837734234651ab8d38f416069228,The Basement,Venue,Marsh Street Hanley StokeonTrent ST1 1JA,90855,53024055218058,f
22927,da23defd1b7b4bffa0e6ebaeb0c98692,Gods Butt,,,,,f
18435,b68fb6da414b45ae9d0bbc75f0495688,The Pit,Studio,,30644,,f
52384,a5648b938b3449768e6b031015788302,Andys Bar,Venue,122 N Locust St Denton TX 76201,22162,332154219713216,f
38749,01e715edf7264f0fb67fa35721a27f86,Budahegyvidéki Evangélikus Egyházközség,Religious building,,721,474989190213,f
54314,b76dfc46b47940f89263814d8db7727e,Подвал приёмной комиссии МГИМО,Studio,Москва НиколоЩаповский переулок,2429,,f
23755,4b75e456533747ddaae3fc91f9dac511,Klanglabor Weimar,Studio,,8966,,f
49253,4586359ab816408bb5437ef60cf47e20,Соль,Venue,Профсоюзная ул 22 Казань 420111,86219,5579133849115922,f
37300,78ff2ed527d44d68ab99e4d381331781,Old Renaissance Faire Grounds,Other,,82790,,f
24297,45c4e40810f842fa8602af129c61ccd8,The Vic for Jazz,Venue,2640 Main Street Santa Monica CA 90405,5283,,t
33538,0eacfde75b0e43b9bc198cc4c3e57da2,Sössd Nix Studio,Studio,,,,f
3043,e426abec7cbb4636bddb1186f22a8028,St Michaels Church,Religious building,South Grove Highgate London N6 6BJ United Kingdom,58384,515689580150416,f
11477,eebd9699f98a4c53abfe90e0a0858c62,Cole Rehearsal Studios,Studio,,39882,,f
8544,89ba30b5deb344f88f855f2dcfa45f3c,Theater Marl,Venue,Am Theater 1 45768 Marl,69497,516527177089658,f
36109,2938563209ee4f6192a5acaf7ea80ab5,Psyrus Studio,Studio,,,,f
34106,c31ffe0437694de5a9b22157b1b1e313,Skråen,Venue,Strandvejen 19 9000 Aalborg Danmark,8173,570532089911536,t
44485,0ae7c344d9444f04a0ca0d39ad2269ab,Victorian College of the Arts,Educational institution,,5121,3782481449702,f
42927,289fad1e3a404cf5984470fc51e5e619,Mount Sinai Morningside,,30 Morningside Drive NY 10025 US,10862,40805573961806,f
18477,5e846ee5f97d429ebfa47b849d4d2a1b,Acyclic Systems,Studio,,,,f
29157,068e297fd9ad4666a1dbe1f1ffec1114,Hamilton High School,Educational institution,327 Fairgrounds Rd Hamilton MT 59840,5876,46245114161944,f
28348,50a3811d3dda4a0fa180a44672517f40,Muzej suvremene umjetnosti,Venue,Avenija Dubrovnik 17 10000 Zagreb,1872,457788159818,f
13533,91b167176a4e4879b36b2f237a94cc3d,Palco Street Dance,Venue,,5161,,f
41256,b18f1023f1c04fbf86fa9ec4e31636dc,Église SaintAndré,Religious building,35 Avenue Jean Jaurès,68605,492591674041389,f
46130,a71c8db100f24669bfb66db9ddd83a43,Alpana Tonstudio,Studio,,,,f
41223,190dd2b4defd4b7bbe0572a14ee938fc,Tropen institute,Educational institution,Mauritskade 63 Amsterdam The Netherlands,7706,523626924922517,f
33667,aad0200489d549bfb88db858a8b44661,Red Brick,Studio,서초구 방배2동 45323 Seoul Korea,113,,f
45553,e82981f629bf4334b252da12309a68b4,dada,Venue,Московский проспект 1093 СанктПетербург,2450,598901130317271,f
21811,cc822779f94542a1a73fe1779b93fd01,RADION Amsterdam,,,,,f
4886,7b9713133ff74950888f9f6585ceac06,SHINJUKU LIQUIDROOM,Venue,〒1600021 東京都新宿区歌舞伎町1201,116767,35695843139701491,t
2077,f84f6ef501ad4917846d3f35a18e2711,SAP Arena,Indoor arena,An der Arena 1 68163 Mannheim Germany,7716,4946361185175,f
48176,940d583981e64dcfb5d1899997928645,Olimpo,Venue,Av Vicente de Carvalho1450 Vila da Penha 21210154 Rio de Janeiro RJ Brazil,5161,2284234243299167,t
53498,5b1ca96ec1b14707a9da354035f8d48c,Le Mobile,Studio,,73,,f
30306,0d597ce4dc734f9cacbefd34a213ee7a,St Elisabeth,Religious building,Obere Sandstraße 29 96049,23723,4989275610883094,f
52957,031ae3a6f3ef4d709a4fe42c3f095c72,Lunar Cabaret,Venue,,5099,,f
35177,c2d8703dbe51444b9f338e21006d779d,University of California Berkeley,Educational institution,,7805,3787122259,f
6254,3201667359ff4d6bba6c88108fc06bc0,T T G Recording Studios,Studio,,7703,,f
25622,275cd2510bc74a728a950438faabfaea,National Guard Armory,Other,Ocean Avenue Long Branch NJ USA,28034,,f
1825,7b357fb6f618472b96f516ca86d3f54d,Avicii Arena,Indoor arena,Globentorget 2 121 27 Stockholm Sweden,115834,5929355618083236,f
38935,1803c2655f3c4b41ba663bfebb2002e0,Burg Abenberg,Other,Burgstraße 16 91183 Abenberg Germany,68705,4924329210962848,f
4141,8c2ae7b6c85b4bb090234deff04db027,The Vanguard,Venue,42 King St Newtown NSW 2042 Australia,5126,33892862151186365,f
57093,d95347654a3a416cbe75a90834e37d42,Hard Rock Café Dublin,Venue,12 Fleet St Temple Bar Dublin D02 NW56,9622,,f
31048,580ab2b0b588426583931b1b41a01108,Sound Ranger Studio,Studio,Schleebrüggenkamp 8,69541,,f
29029,84913170b91c4a5a98935f702ab383c4,Classic Sound Ltd,Studio,,1178,,f
3575,dca2464368984f6a9f3723a409421f54,Le Réservoir,Venue,16 rue de la Forge Royale 75011 Paris France,4434,488514472380528,f
843,4e25c960584e4f0d98c52e5ea2d929c1,cube garden,,北海道札幌市中央区 北2条東3丁目25,11712,43065039141360129,f
8048,96074590aeab45b3a82b7d3df7ced631,The Boarding House,Venue,960 Bush St San Francisco CA 94109,7022,37789968122414781,t
31475,c28d207b43a34196a465c2304634fdcd,La Marée,Venue,,7281,,t
18510,bcf58380005c4f06b3337c02693e485f,M4II,Studio,,,,f
37207,2f6d8219bb77457385d16214838eb805,Post Logic Studios,Studio,,39882,,f
8829,c990761c3ee24fc09bad6d5d85d28945,Schlosskirche,Religious building,,8966,509803113322,t
17549,7b6065701d0c4e0f9cc650b948804e5f,SOMA Studios,Studio,,1178,,f
3789,cab9dc1b76664207be18f1e27e4d4899,Accademia nazionale di Santa Cecilia,Educational institution,Viale Pietro de Coubertin 30 00196 Roma,5060,41929124745,f
16513,69b70013edd74a559ed0a87946be1482,KCE東京Aスタジオ,Studio,,397,,f
34513,7ba039c381df45f3a0431cfa8b1c438d,Stereo Sound Studios,Studio,,7020,,t
39107,a08c60c1773d4977969dc35802295002,Two States Audio,Studio,,5099,,f
18716,f14b88432f4b4519a71202a22dfa7980,Brooklands Road Studio,Studio,,1178,,f
35049,aee431b832534bab8129e88e71eb7694,Preah Suramarit National Theatre,Venue,,2625,,t
14039,6645a264247a4d728a80a3449bf64549,Revolution Bar  Music Hall,Venue,140 Merrick Rd Amityville NY 11701,87946,4067126173419026,t
49896,2b3345954c33404a8f5b879592c55986,Kleine Beethovenhalle,Venue,,7023,50672671583,f
12651,3dc2fac3fccc4764b543d0e08e67e801,Bug Jar,Venue,219 Monroe Ave Rochester NY 14607,5303,4315004477600096,f
35794,e55353db8f1c4cc982b71c54e02f943e,MOXE,Studio,,5213,,f
10365,8ef573b73c464348b068001f2b357cfe,April Base,Studio,,94156,,f
4962,d2ceb7f9977a4e70ac5f9d2d2c219a8c,Lovely Records,Studio,,8852,,f
24868,878313a530604e349f8539e888e06d68,Teatro del Estado,Venue,Boulevard Adolfo López Mateos 1112 Conjunto Urbano Caliss 21150 Mexicali BC Mexiko,87960,32654812115474565,f
5582,3e83afb962b04c2ba87bdd5308a69cb5,Astoriasali,Venue,Iso Roobertinkatu 14 FI00120 Helsinki Finland,7713,6016350324942328,f
56809,e4e75cf47f48425691d6acd3c7a36018,Angel Sound Studios,Studio,,9279,,f
22361,e9f40c1a46b5424ca06cb3281ff9eb6d,Radio Records Studio,Studio,,2913,,f
46700,13af5ec1369040558f28676a65328def,The Jaffa Cake,Venue,28 Kings Stables Road Edinburgh EH1 2JY,3822,559484823203925,t
35966,651e3ac65df04b25842ae2d8d5383ee4,Partille Arena,Indoor arena,Arenatorget 2 433 35 Partille Sweden,12836,577400212116962,f
52981,93f08e9201964edaa20549d2e72bf22f,Vortn Vis,Venue,Kiekenmarkt 7 8900 Ieper,101373,50849462884307,f
33015,eedd5a0b64b44e93a0ad85c4b37ac698,DQ Studios,Studio,,71662,,f
50905,6b77ac40e3dc4de19d8dca0628e43d31,Location B,,,,,f
42678,eca51586a3f34f299989fcd13fea1820,Gyllenbergsalen,,,7713,601791249222,f
5178,577e3e7235b5484bbad1b9d2816d839a,Rainbow Studios,Studio,,7710,,f
22376,60ead923b2f74a15b44f0d2b001d68e5,Pavillón Multiusos Fontes do Sar,Indoor arena,Rúa Diego Bernal 15702 Santiago de Compostela A Coruña Spain,5184,428761918530752,f
37470,39357e8af8754bf7bf239f974f5e58fb,Crosby Hall,,,1178,,t
48842,51f0f93ab4f64df78591646784224ffe,Ryemuse Sound,Studio,64 S Molton St,119072,515133530146862,f
7497,24a405cfdc334848ae9c1e8d84baa7b8,Rogers Centre,Stadium,One Blue Jays Way Toronto Ontario Canada M5V 1J3,5076,4364138979389167,f
24852,ff8baa0a999b4fad8a5d75e3ceb7e7c6,808sounds,Studio,,,,f
25251,8ede0ad6c1574df4a477c72ea2eb0fb6,Main Stage,Venue,,107042,,f
36507,0720c470c36541d9b52a1869f3163829,Inouïe,,,4434,,f
21124,fbd856546aef445eb10fb3d718de64f5,Guldbergaunet stadion,Stadium,,12351,6402145211510496,f
32621,f0c7ee6d63a84c92b03be0d3701e265c,Bright Lights Studios,Studio,,23641,,f
6619,685a0a1899c044b3b5d5e35587061a0e,St Georgenkirche,Religious building,,69821,508161381254126,f
33696,f0de5f4285ad4fdc977b8b4d327b7a45,Studio KOLKHOLZ,Studio,,,,f
56317,a1ff3a4798a141d3a3a88b0dc7b5d8e4,Glass Hand Studios,Studio,,5282,,f
5831,b976af4446f149b396372799f7d14f9a,Epicurus Studio,Studio,〒1530064 東京都目黒区下目黒３丁目２４－２２,116724,35631506139707729,f
24216,0e6ac0a85bc3406087ea484778634531,Rock  Roll Hotel,Venue,1353 H St NE Washington DC 20002,269,3890005176986575,f
28814,5b8b3a24f05f4273b94cc37744c329be,AB Recorders,,,7731,,f
37647,2f41f7a72ef2455ab11cadfff2098846,Eagle Mountain House,Studio,,,,f
45036,ea082a2f86ca44668bc1864a485d9d28,Recombination Labs,Studio,,295,,f
48198,645b2c6fe00343d48812c9d3e01124c6,Rotund Rascal,Studio,,115610,,t
29495,0baf8cecb2fc432c8bf923428a287d54,Akins Ford Arena at The Classic Center,Indoor arena,,31088,,f
22314,0b0fc96779324e86ae40b0f45f4e0d44,Space Velio,Studio,,397,,f
31099,a31abd69c05740bbad6b50868a003e99,Bliss Studios,Studio,,7734,,f
21681,3895b49d440740a4a69d88ba75de741a,Lydetaten,Studio,,160,,f
43291,845eb694208a46f8a3400a4bbe8c378d,Nurmijärven musiikkiopisto,Educational institution,Keskustie 6 FI01900 Nurmijärvi Finland,12047,,f
6530,70e8ac3c82ae41208d68dbcc80aad02f,Mann Center for the Performing Arts,Venue,5201 Parkside Avenue Fairmount Park Philadelphia PA 19131,7707,399831752228,f
10500,f95b89e19fae40878ddbbeae80c5650e,Sunswept Studios,Studio,,7703,,f
17219,b447db94466945be85ed6c2e07759cf8,Track Farm,,,,,f
44949,53d3978a0b0a4ba0b9f61e6cd470da08,Le Baril Roulant,Venue,1885 Chemin du Village MontTremblant QC J8E 1K4 Canada,9250,,f
8487,cbc3e48f8c4b461cae9e47bae819d30f,Brisbane Entertainment Centre,Indoor arena,Melaleuca Drive Boondall Queensland 4034 Australia,117103,27342222153071111,f
32627,d3300914c7ce4173ae2f4cb7e24cd1a2,Bobtale Studio,Studio,,68706,,f
18394,2172dcce80f6480eab4bb4f453ab281b,WET Stage,Venue,,71242,,f
20698,581b3ffb9b2d4c7a8f6148736f5b910c,Erock Studio,Studio,,,,f
46521,de5fc21fafac4aa3bb0e5728fd85ff96,Parkhill Studios,Studio,,115961,,f
3015,ede5281aa94f47dc9db518a6cbe6ae43,Coliseu dos Recreios,Venue,Rua Portas de Santo Antão 96 1150269,5062,387167339140175,f
37960,f28b6faeea144d8e954da94a9cfef31f,Coldwater Studios,Studio,,7703,,f
17326,b06fcaedf3f146559fee675c5351d6ad,Digraneskirkja,Religious building,,26627,6410778421886278,f
46413,4b3f70db8b484127bdda4058188f5cab,VL Studios,,,22375,,f
50494,fcd643f69d0147bdbcd18ac93704daad,Huntington City Beach,Other,,22328,33650994117995996,f
32441,552ef9a8c7f24be6bde7e0a8aedf9f25,Brooklyn Bowl,Venue,61 Wythe Ave Brooklyn NY 11249,115611,407218873957424,f
15353,82ae79b57b514edeb211c41bdb940437,Europahalle,Venue,,23722,,f
15989,24c076b2acdb4d07b546c3c2395e0289,Mixing Room Studios,Studio,,7703,,f
21270,9fe76a64e23d49e1a23c969d9c2eb36b,Uneven Studio,Studio,,5197,,f
49174,7895a3d94bd0436cac819b2966b11149,Studio 54,Studio,Berlin Hohenzollerndamm 54,81,5248162513289115,f
24278,eeeb077ff76b4488af45de6ce53e2836,Secret Studios,Studio,,7737,,f
25094,8c4db0ebea6646f784739140fb7107d4,Long Beach City College,Educational institution,,7324,33834167118135556,f
8010,7c97725bc40c462db050ab6423560546,Formation Studios,Studio,,221,,f
30712,09bbfe134f1e45d0bad87bed52cab46f,HiBPM Studio,,,,,f
5607,d94ed499f6844d419576442ec59af6ad,NightShift Studios,Studio,27 Whittington Avenue Christchurch 8023,5353,,f
53995,87d27a545cc94060a9c7e65916cdc45c,Playback Recording Studio,Studio,400 E Gutierrez St,7503,34419952119689189,f
29838,7abfe26f034442168e63ab8d85e9c166,Wyspa Słodowa,Other,,5104,5111600417037703,f
28882,072d8088b3894e1e95fac78b98be23fc,Ulyd studio,Studio,,,,f
17332,5645ce6c36b44a19b22d1f3d8e8c5fcc,Sugarfoot Mastering,Studio,,5152,,f
38724,41532e72deef4c43bdbec8c53d6be10d,St Pauls Lutheran Church,Religious building,4900 Connecticut Ave NW Washington DC 20008,269,389537577070432,f
54408,6c96af2a34df4a15b0daf1e7688661b2,Boxwood Studios,Studio,,,,f
12453,1d892bdbae6c482ea6e5d66d8fd85ae6,Palácio das Artes,Venue,,5274,,f
18377,e03188865b8d452d8cf876ed3782198a,横浜産貿ホール,Venue,〒2310023 神奈川県横浜市中区山下町2,11811,35446944139646111,f
43857,1d3afdb1553e44de8bf6939a7b83809f,Sahara Studio,Studio,,205,,f
28148,c7579d707f8d46728a7693203a05dd9d,Mayberry PCH,Studio,,5283,,f
53999,8047916649494093bd681bb67596e815,James and Anne Duderstadt Center Audio Studio,Studio,2281 Bonisteel Blvd Ann Arbor MI 48109 United States,5769,4229115583715707,f
1633,aa26df574dd3430da340abb40fbd7572,Knitting Factory,Venue,74 Leonard Street New York NY 10013,118366,4071733974005346,t
18877,92ccf469e7204108a956f495995559ff,Ocean Sound,Studio,,,,f
46850,d78c72320e8443d7b5d9009c8a16bfd4,Stadthausgalerie Münster,Venue,,5131,,f
11574,39acc09760f94f9d846e42d9e5d5a3f9,Henwood Studios,Studio,Unit 8 Oakley Wood Farm Benson,93564,,f
27326,36190cffd0414343b1585601394771e4,Théâtre du Vaudeville,Venue,,4434,48871252333611,t
4490,5658d0c21ce549038091d124de726f35,room2,Studio,Clubgroove Records,,,f
14153,63d1c45a38b9428abff5c5e0f92a778f,Finsbury Park,Park,Endymion Rd London N4 1EE,3887,51571201009,f
9801,fae265b207b44faa92ffe26596e49e05,주예당 Studio,Studio,,113,,f
28565,204519f777714f24af433944e9858cc7,Pollack Hall,Venue,555 Sherbrooke Street West Montreal Quebec Canada H3A 1E3,118880,4550574973573358,f
53647,f9379bfd7ab34b7dac1be9a367c75ff0,StuStuStudio,Studio,,7703,,f
44052,b73a09a25e4d403f8b6c2fa481122c6f,Princeton Abbey,Religious building,,44467,,f
24579,91f824338ccb4d4aa3681f51323bb940,Tropical Disease Mobile,,,100792,,f
14292,0be55b4e6a6d4b5592f8f7f0093ee06c,TOM·TOM STUDIO,Studio,〒1500011 東京都渋谷区東31419,116890,35651323139707295,t
33496,c10661338d5f4e3aa5fa9de075632527,Embeat,Studio,,81,,f
37710,757626b0e0bc4816bec8f8a337688817,Rumor Mill Recording,Studio,,100940,,f
51310,35ed50f37ba242bcafe6534658cf11cb,Nugget Events Center,Venue,,81685,,f
21225,84c7c91e35934fefb6e0f9cbbb35ca8a,Century II Performing Arts  Convention Center,Other,225 W Douglas Ave Wichita KS 67202,7749,3768487697340283,f
16930,a4496eb7598e469b842eed6b8cdbdeeb,ExEx Audio,Studio,,9655,,f
26277,b460dfec934e4dd6a6e752bf14a487b0,Millersville University of Pennsylvania,Educational institution,1 S George St Millersville PA 17551 USA,101739,4076356,f
8440,efe6a0455fb448dbb411da53c4e48153,Zona the Intolerancia Studios,Studio,,138,,f
882,2bada9acd5794c7b86d2b028bdd665da,Z7,Venue,Kraftwerkstrasse 7 4133 Pratteln,29612,4752725769425,f
47851,696d6b7dc02c47279aa144458bb3fd79,Thoshiba EMI Mixdown Room,Studio,,,,f
1380,b7313aee71af45c0b53bb994aedc0c5e,Johanneskirche,Religious building,Kirchstraße 9 31832 Springe,69946,522158579625313,f
10145,480f37b72ac44c8892b3d19b6b5ce388,The Lighthouse Theatre,Venue,247 Main St,88625,4278604680203093,f
2584,39fdbb2fe444413fb063a4bf5aa1a28a,Arts Centre Melbourne,Venue,100 St Kilda Rd Melbourne VIC 3004 Australia,5121,37820278144968333,f
49292,812cca9ee545457a8bdc9c89d5731a69,Milchwerk Radolfzell,Indoor arena,WernerMessmerStraße 14 78315 Radolfzell am Bodensee,69750,477417218973508,f
19729,8b077dd15a8248af9590d3be8f13c290,Studio VIème Sens,,,23037,,f
43310,9e20a8c0398a4d1ab123c1e6ef0507bb,Kirishima International Concert Hall,Venue,,8000,31881308057,f
21868,6dffbdccd7c747d2b8c39afc816bb8ff,LT Club,Venue,Tiergartenallee 12 18059 Rostock,5127,5408046412102529,f
6265,720ba0ae3d1946d588049a7b0a2d4a45,LoHo Studios,Studio,48 Clinton St New York NY 10002 United States,67445,407196727398447,f
36666,d5a8ddfa1c3143ab8d0cb43429fbbb88,Laura Secord Secondary School,Educational institution,,23204,,f
15207,ce84850cc19e413e93715a08c498484e,Waterfall Studios,Studio,,358,,f
19458,79fe133a882f44f199ddad4c0b9a3173,Mountain Winery,Other,14831 Pierce Rd Saratoga CA 95070,23910,37260372122064936,f
57452,be29fc172aa8489ebb88b8997e7d5d03,Sweetwater Municipal Auditorium,Venue,201 E 4th St Sweetwater TX 79556,29013,32472489100408519,f
50605,3eba8429e2104673bc723cc6750415c0,University Of Helsinki Electronic Music Studio,Studio,,7713,,f
36115,607a0254fadf4fe08cb973d16ea397e9,Symphony Studio,Studio,,3992,,f
30217,97ddeab4bf5846c1b7128f47b1ba4e85,Moonee Ponds Studio,Studio,,7800,,f
47983,e4610e61af894a9e95bb73c4733f283d,VERO,,,113,,f
47641,f1c584e5fa0245128c39b24cc2ac480a,SL Sound Studio,Studio,,5110,,f
35811,9e239cd4b8f547489611c77cdeaefcc3,Kunsthalle Wien,Other,Museumsplatz 1 1070 Wien Austria,112783,4820294816357993,f
46078,709cbe627848464aaba2878e1079d382,Synchestra Studios,Studio,,7731,,f
22551,5c88229eed604531a39ed4a0c06dbcc2,Domination Studio,Studio,,2159,,f
9574,9d9b35aa13664f4eaeb6eff6bb7bc892,Music Hall Center for the Performing Arts,Venue,350 Madison Street Detroit MI 48226 United States,5179,4233722283046111,f
18458,536893380e0047e4b27fb4f890a2d75f,Judys Velvet Lounge,Venue,777 River City Casino Blvd St Louis MO 63125,7952,385308902645,f
31209,aa6ec04afa554df896b25f27b1351166,Säälchen,Venue,Holzmarktstraße 25 10243 Berlin,326,5251140913427082,f
31602,ad05912fa11f41e39525f6101bea00b6,Égilse SaintSymphorien,Religious building,,39344,,f
7290,65ac63702f0a4533a2f453717ff68940,Pain in the Art Studios,Studio,,5213,,f
6930,a7a684e694b84ef493890ca13a713228,Swedish Broadcasting Company Studio,Studio,,5114,,f
4952,7216a1298d6d4f0ea79c7ca74ad53362,80 Hertz Studios,Studio,80 HERTZ Post Production  Recording Studios The Sharp Project Thorp Rd Manchester M40 5BJ Manchester UK,3925,5350201219344,f
19267,8bedccdbe82a4b9a99287b830d570dde,Nikos Nido,Studio,,,,f
10731,080f3403b4e94c089f5a878ec04394d6,Evil Genius Records,Venue,Adelaide Road Wellington New Zealand,4879,,f
10560,c284373165cd4f4fb5bc3f55d3c8aef3,Westwood Studios,,,5213,,f
2003,9e2dbee946fc4e6194598056ead85aa5,Trancentral,Studio,55 Jeffreys Road Stockwell London,64334,51471407012822,f
4121,ab94ade5180c430e9a9fb15d13fbd776,Park Lane Studios,Studio,,3855,558324884277502,t
34876,789938fddc864295a3b7bc650b707a80,Upside Down Studio,Studio,8512 Santa Monica Blvd Los Angeles CA,7703,,f
4867,f39d914ee96f4d4b9feb828ab2f6d0a8,Mad Dog Studios,Studio,293 S Lake St Burbank CA 91502,10971,3417411183129,t
1058,648d02110fb34dd4bbf61d33697243de,Twilight Hall Studios,Studio,GrefrathOedt Germany,72200,,f
8697,eb65d6e6f6724649983cdc01cf00ba94,Orchesterprobenzentrum,Studio,Stolberger Straße 3,7954,509412046907772,f
50765,1f1f6e0e764b4287ab94398afbaa9673,First National Bank Arena,Indoor arena,217 Olympic Dr Jonesboro AR 72401,5331,3584542290670319,f
22043,9d63b8bea73542408fd465d66a622ff0,Eagle Oaks Golf  Country Club,Other,20 Shore Oaks Dr Farmingdale NJ 07727 United States,115443,,f
7107,c23004edcd3f42e0b75fef39fcaffa88,A Secret Location,Studio,Christmas Street Melbourne 3000,5121,,f
43205,17e94f70f101498b83c5bfec360de10d,Instituto Musical de São Paulo,Educational institution,,80664,,f
16905,d157957cabab4944a5d55d7ca51f0a04,Luna Mixing Room,,,,,f
28655,c3dd3217dc554a808260e1c4374720ef,Eventhusetcom,Venue,Vretensborgsvägen 5 12630 Hägersten Stockholms Län Sweden,5114,592991418017704,f
2930,69e21a9e53b74962a28072fefb1d51ac,Neuwerkskirche,Religious building,Klostergang 3 99084,8851,5097232911025019,f
51574,29769651c3374283865d2967f2d848d8,Robert Samut Hall,Venue,,961,358918145032,f
27282,5a7c35dc66e645749af002ec5b167c7b,Auditorium Matteo dAcquasparta,Venue,,8169,426933125456,f
14269,75707409798f4dd58b626cd7ea1dffa7,Planet Whirpool,Studio,,7954,,f
4228,375ee35e65244cc0aee8be27ddd0ed7d,Southminster United Church,Religious building,15 Aylmer Avenue,5107,453954475685268,f
56845,e698aa9b5656416aa36e8a8f37e4c419,Kulturcafé der Uni Mainz,Venue,JohannJoachimBecherWeg 5 55128 Mainz Germany,8854,499941868245289,f
45745,acbd9373c5c04f5d916a866b58681c57,Congregational Hall,Venue,Castle Gate Congregational Centre 6 Castle Gate Nottingham NG1 7AS UK,3967,529517221149425,f
9096,2be545471ae6494aa68cc1f7c3ab158f,The Funkmosphere Lab,Studio,,7703,,f
55566,d957e9b94e974e6a81b3e6721b34db2b,West Sound Studio,Studio,,102430,,f
50098,2180d0ae50e144ab8a3d9bd2eb4fca21,Other Music,Venue,15 E 4th Street New York NY 10003,7020,40727917399314,t
6652,b0cd9fc1397049619c5ab68bdf5cc2f9,Piazza Napoleone,Other,Piazza Napoleone 27 55100 Lucca LU Italy,14228,4384139710502667,f
26623,a0b9a40216e0483b92c92ff2095c572b,The Rosemount Hotel The Main Room,Venue,459 Fitzgerald St North Perth WA 6006,7280,3193092411585891,f
17376,87d9b3ac2a114c0cbb43db0d87ba25d1,Ocean Center,Other,101 N Atlantic Ave Daytona Beach FL 321184203,22844,292287810106,f
36256,ed206a2de9804f22a6798dd5cfc10d45,Polideportivo de la Junta de Castilla y León,Other,,12799,,f
28395,3eb7eb09e5c44661a84465c242d706cd,Museum of Arts and Design,Other,2 Columbus Circle New York NY 10019,10862,40767573981944,f
45247,4f82da2d30e845829b1a72a08e0dbdf8,Kino Šiška,Venue,Trg prekomorskih brigad 3,5057,460688691448895,f
30219,6cfd57e903d9474b90069c183bdb6850,Mesa Recording,Studio,,5213,,f
25691,787288c960c842ba8f14f32f3c48c367,St Marys Hall Auditorium Theatre,Venue,,118016,,f
26568,66e35e5da10b45e8b2d95ee241723b55,DAVE Audio,Studio,,5076,,f
38256,9cb25c878de64d9993b8d76196ff3dfb,The Birmingham Hotel,Venue,333 Smith St,116788,,f
13666,710bdf66cacb4d66b09bde0467ec94cd,Maison de la culture dAmiens,Venue,2 Place Léon Gontier CS 60631 80006 Amiens cedex 1,68614,4989409229168,f
29474,acd3e1a8be0f40f5a50614956100a36e,Grand Théâtre de Québec,Venue,269 boulevard René‐Lévesque Est,7715,,f
48576,647d42d4e59e47cb93e7f9b2981be64b,Seminar Bern Musematt,,,,,f
17450,397ff111e79045218221eaf43c967727,YAD Music,Studio,,4434,,f
32316,b2fb1a489c864d519865112125dc244f,Sandkvie Studio,Studio,,35063,,f
48581,c27cb925e2604ea69f6df3b9522ce008,Musikhochschule Biel,,,,,f
26345,a570085a9ae24fe49141eccfc189cb02,The Boardwalk,Venue,,60189,,f
13692,b4322959bd104c7aa0ce2099a883cecf,Bojangles,Venue,2000 K St Sacramento CA 95811,7328,385753612148023,f
39071,befb05c4d6904d4e980750230314fc66,Ninth World Studios,Studio,,12988,,f
7085,7764a448f94b43a0a8dec09afe85e696,Tipitinas,Venue,501 Napoleon Ave New Orleans LA 70115,12021,299173901009,f
32805,12956460ae7c4569b57687c4f86d0b7b,Rose Gold,,96 Morgan Ave,10861,,f
22404,d821c886b1eb48a0899758aefa3402e4,Wood Street Galleries,,601 Wood St,7961,,f
36797,415143ef8a464d0592a852a4988ee0ff,Zwinglikirche,Religious building,Rudolfstraße 14 10245 Berlin,326,52503421345457,f
28339,268cb24eea4548e5bb0fe852c7e821d8,StudioPh,Studio,,,,f
28091,d6310c7b759241cf9ecba3c3d897db6a,Rapture Audio,Studio,,3912,,f
44706,59583e31a5da436d9bfe31eda59ff480,Konk Klub,Venue,HermannMendeStraße 1 D01099 Dresden,7291,5108708313764583,f
8276,4d7bf658c49e41e5b560471ccb62b94f,St Jean Baptiste,Religious building,,47778,,f
34810,b61029c938e84d3981bcd2c2dcd5c873,BBC Radio 2 Studios,Studio,,1178,,f
37508,e07602bacfc24eeca1216fb127e6aab2,The Parish Church of Sarum St Martin,Religious building,St Martins Church Street Salisbury Wiltshire SP1 2HY,19680,,f
14744,79f86b279eba4cbe824202ff79785750,Musik Galerie,Venue,,70043,,f
48746,4e6d7f1239144a818fc5e4808c93ab1e,The Atrium City Hall,Venue,,5242,520777244316833,f
52210,9f620ca1aa7142289595bf71ff4dcd32,The Porter,Venue,15A George St Bath England United Kingdom,15556,,f
24389,fcdd2a9bf9c94aa39a7e87463854f55f,Be Musical Productions,Studio,,23187,,f
42285,dae25ca6f800403cb7057b3112590e9a,Wicked Wahine,,,273,,f
45569,4bf99cbd7fcb4e6ea57b6c453ad1a5dd,Garbos,Venue,429 Queen St W Toronto ON M5V 2A5,5076,4364871279395483,t
40205,249e401b449444c483cf64f910b940c1,KFJC,,,82351,3736111221284,f
4724,cb7b5a789bd24be68f10f3b360d3c237,The Bubble,Studio,,5196,,f
10444,2f2a03be0f6e41738d6b755e22a1451d,Pomeranian Philharmonic Hall,Venue,,5279,,f
9618,c700eb878c934cdc970331c63683757f,Paradise Studios Grand Lake of the Cherokees,,,297,,f
35027,e2c5ed248504425cbda92240a47b2f59,Calibrated Recording,Studio,,5303,,f
3253,cb71b62ca296424d8212357fa9a04146,La Chapelle des Lombards,Venue,14 rue des Lombards 75004 Paris France,4434,488591962349734,t
7214,fb7384796a2341b69d8205b364ddddb2,Soundsurfer Studios,Studio,,4000,,f
51523,77aeef687ae84c16b9ee071737582759,StarVu Studios,Studio,,5239,,f
54317,3933a7b556364fd2bbd8a011e5762d6d,New Langton Arts,Venue,1246 Folsom St San Francisco CA 94103 United States,7022,377746122410999,t
14814,1a83515c56de4e3eb2896d224c95596c,Stafford Township Arts Center,Venue,1000 McKinley Ave Manahawkin NJ 08050,102372,,f
19516,170697cefbe94f5e83785a0dd575ec03,Ricoh Arena,Stadium,Phoenix Way Rowleys Green Coventry England CV6 6GE,3917,524480561495556,f
6762,fcbb29497b394cdaa5251bbdcb40b8b4,ZOZOマリンスタジアム,Stadium,千葉県千葉市美浜区美浜1番地,11880,35645239140030922,f
22009,f535842b30ea4c80b467d6a0364103f0,JC Arthur Satàns parents,,,,,f
44243,5afb519b4d344a63bd973c8bf470326c,Château de Méridon,,,53025,486923492033587,f
23729,feb7c6a9c377463f8e8854ae8220a66c,Bramham Park,Other,Bramham Park Wetherby West Yorkshire LS23 6ND,116862,538702781380278,f
39876,7be766e6ca5a4d328365fd9064095eb8,Chiesa di San Francesco,Religious building,Via F Baratto 36015 Schio VI Italy,18717,457183113581,f
25082,fbd583eeb2e24c71ad1e9085fbfee1ae,Espace Culture Saint Andre,,,68600,,f
36566,fe7df163553a4624b5af20b2925e0fe4,PolydorStudio München,Studio,,7710,,f
49213,4faefba9f4574f7f9571de38e6123c74,Ukonx Studio,Studio,,,,f
26137,32cb465c6c114f179cec69793601d9bb,Calamigos Ranch,Venue,327 Latigo Canyon Rd,7800,,f
15613,8b191a32d119485eb20de376bd58f0ca,The Neck,Other,,13,,f
36113,db71536e7ffe4a679ae66043eec1af70,COP Studio,Studio,,23734,,f
16464,899ad09e9537479fb60c993559c581f1,Peace Music,Studio,,397,,f
13516,b6b7440db911483dbe3ba1c87d0ed081,JOE eV,Other,Lindenstraße 4 45739 OerErkenschwick,69661,516284287260831,f
13607,e60f5d2f2e4f4a2387f8d9af7c18d6cd,The Tabernacle,Venue,35 Powis Square off Portobello Road London W11 2AY,38581,515170320201985,f
25512,ac7b9506dec94afea3c1767787f0abf0,Newtown Community  Cultural Centre,,Cnr Rintoul  Colombo Sts Newtown Wellington New Zealand,31090,41312514174778785,f
42924,64721d0e2dea4589b5fc99a4387191c6,Mountview Academy of Theatre Arts,Educational institution,120 Peckham Hill St Peckham London SE15 5JT,88222,51594301133,f
31941,1c2d80ebf28842a9b3baf236e2bc84d7,Essex University,Educational institution,Wivenhoe Park Colchester,8258,518773260948708,f
3230,72f83b4a7fec4d499ed399747d732338,Cubeaudio Studios,Studio,Obere Straße 25 37124 Rosdorf,71954,515026679895693,f
11925,6adaacffb6fb42dc82565ce043b35fa0,Killion Sound,Studio,,39882,,f
33327,fd4d42a377d54833b6cc55bdffff7524,Blue Note Studio,Studio,,653,,f
39687,eaa3e47ac80d466a967c7bb2b22d9bd1,All Platinum Studio,Studio,,43994,,f
25443,256ecc3e0e084f6bb078140ad4f494b1,DNA Studios,Studio,,7279,,f
16873,b14203ad441246fc85893657163b648c,Bixby Music Exchange,,,27657,,f
6975,fcf0d8d25d62486bb4ae582eb30a6f24,Bilgi Üniversitesi Kuştepe Kampüsü,Other,İnönü Cad No 6 Kuştepe 34387 Şişli İstanbul,5065,410726712899079,f
5080,c903d82e33e340f99bb7012c511c16ed,OneOne Studio,Studio,,7954,,f
23932,5832a891e1b543578e8b5d3f2d9cb269,Château des Chats II,Studio,,22399,,f
5212,36636cf09cef4b78991910c50a229c95,Radio Suisse Romande,,,23037,,f
8390,4f8ab6e5bf684d4e86efe88464ba6852,Ungdomshuset,Other,Dortheavej 61 2400 København NV,7712,5570873612523502,f
15159,2929cf183922493fbbc90fae64469205,WFMU,Studio,,66426,407886742556,f
50054,1a338dbc3980486e8352f9e97dd2f314,Parc LéonidasDufresne,Other,Parc Léonidas Dufresne ValDavid QC J0T 2N0,117367,4603107474207758,f
24338,2f51e21d1a9648af91f3f3b189832760,DePaul Concert Hall,Venue,,5099,419239876492,f
54747,ebb97ee0a26d4e9a9017711571e24af1,ДК Сибтекстильмаш,Venue,630071 ул Забалуева 47,5082,5498722282813611,f
38632,ea631b3b491d41968a72564ea6d7df89,HiverlyHills Studio,Studio,,107,,f
29804,ee93de104e0a453db7171576e4a195e0,Market Hotel,Venue,1140 Myrtle Ave Brooklyn NY 11221,115540,,f
51213,af6f30b34ae8493bb4f49f729ecc784f,Audacious Studio,Studio,,7703,,f
19814,0c47ed2e3cb74570918ff190c0c1a669,The Manor Mobile,Studio,,221,,f
28234,3c9354d7f78341eeac54df76001cd409,Studio 38,Studio,Getinge,481,,f
12008,a1b2cf4021614728a3115dd0ae835fde,Oregon Zoo Amphitheater,Venue,4001 SW Canyon Rd Portland OR 97221,5147,4550994112271613,f
54405,ff7fc865dc614ed482b207e4a3ab705c,0x7 studio,Studio,,107,,f
29995,db14ec1fa90d4073a1fdd16a688f74ef,MRA Arena,Indoor arena,,3926,,f
4622,2fd23477d3a04dd1bc698f6641f54afb,MasterMix,Studio,1921 Division St Nashville TN 37203,5213,361491798679743,f
51216,5d42fdce86cb4c3da08a06d4c3c735e4,Crossroads Garage,Venue,,23707,,f
47271,aba4f7fb81474d1e92e2e5af2b44f731,St Cecilia,Religious building,,5179,,f
30450,ad5762a1ed3d461ba7144c83a680a1dc,Palace Music,Studio,,5114,,f
46174,a902eab4dbf04d95811ffe7b03c5218c,Stagges Hotel,Venue,,69685,,f
1050,11f16f1cf2504b6586f0ea328b87bb55,Kleiner Konzertsaal,Venue,Rosenheimer Straße 5 81667 München,7710,481313211590463,f
47228,48efd3efe2f6437bab4e49f91ca3f565,High Hold Studio,Studio,,434,,f
33866,5ae01d69e7224c0a96d8fd6af4313397,Click,Venue,,7707,,f
50485,b5ce6758d9c04069982ba25097276d41,∠Rスタジオ,Studio,,107,,f
49890,dc9edf1a153745ed85bba1cd6b8d4175,Irwin Art Studio,Studio,,67,,f
1688,0e8edfa2fe9e4390b718fc8d45be6aae,Prolific Studios,Studio,Units E9E11 KG Business Centre Northampton NN5 7QS United Kingdom,7960,52252609179,f
39855,e67c0e92d357439b85d3ab4c61acd457,New York Military Academy,Educational institution,78 Academy Ave CornwallOnHudson New York 12520 United States,118831,,f
54172,6702d7e9b7b64c8f8b33371407cde4d0,USMP Studios  Hollywood,Studio,,39882,,f
52547,ac046591d41a4410b3b802a98091dd1e,Elliott Bay Recording Company,Studio,932 12th Ave Seattle WA 98122,9655,,f
31995,0154e6619f49401f9c2cf4215fadf5fb,Bolic Sound,Studio,,22430,,f
53327,c253e678686f45749c345a69f1b78431,Strawberrybee Production,,,7020,,f
33616,c234b47af95848deb01cc50b6b6e5816,Masrah Al Madina Theatre,Venue,,21729,,f
13553,a642629b1f844f68b8ace3732f46fac9,Thalia Kino,Venue,Görlitzer Straße 6 01099 Dresden,7291,5106682313754261,f
24028,d0363a4d1e064cf581e016bda5c03dec,TMMP Studios,Studio,,1178,,f
27879,91604bd6d3804e2cbf26f3cf36acc07a,Prague,Venue,422 Congress Ave Ste B Austin TX 78701,5196,3026704197743522,t
57055,1f7cc98015834bb8850d4a635d073bf0,دار الآثار الإسلامية,Venue,9X965XV، The corner of Arabian Gulf Road and alShuhada Street across the road from Youm alBahaar by the National Assembly Parliament building، Kuwait City,105924,29368479624,f
7186,1bc3442c7e294fc29e753b907ae3bd58,Joonior Studios,Studio,,9655,,f
4759,206411c5300d43c5a69e440b6776b0c0,Vilnius Recording Studio,Studio,,13235,,f
45641,1e12914d892b471cb2915b5120e0801d,Schwabinger Bräu,Venue,Leopoldstraße 82 80802 München Germany,7710,4816122115865,t
46482,a2971425e3204e0c8a0420a4b25c2049,Analog Sweden,Studio,,60639,,f
38775,2e3913ac997741dab5b4d85be1e04b0b,RTL House,Other,2 avenue Jacques Georgin Schaerbeek,105393,,f
47052,c417544b05a149949d42dd43a8e1c507,The Firehouse,Venue,1015 N 1st St Phoenix AZ 85004,7731,33458065112072556,t
45971,5b4161216bd142f3b59d54f5ccbfdfcf,Capella,Venue,Лиговский пр дом 50 корпус 16,2450,599355333036554,f
28509,f705f747207847eaa6c2018e744db192,Audio Matrices de Venezuela CA,Studio,,228,,f
18030,39fd3d603c6a4060b5d316751a179c8b,Musical Instrument Museum,Other,Montagne de la CourHofberg 2 B1000,1793,508428364358831,f
17198,d79366011b034cf08f425194de427ea7,The Showcase,Venue,,106178,,f
2483,81ae358763a44ab1b1f6c732aeabc29d,Dipoli,Other,Otakaari 24 FI02150 Espoo Finland,9607,6018519824832174,f
12933,2430efd41d22473097083e0ae8512013,Hoxton Bar  Kitchen,Venue,24 Hoxton Square London N1 6NU,62242,515274560081724,f
5687,d5239f8b5a3d4f74ab2fcd9c2dc5ade8,Spock Studio,Studio,,,,f
45650,7edaad63071a4349a8de158345cfddf5,Burggraben Neckarelz,Venue,Johannitergasse 2 74821 Mosbach Germany,69540,49341699101083,f
1487,d84b00baaeee4682b5e023ce91bce228,Ocean View Digital Mastering,Studio,4750 Rhapsody Dr Oak Park CA,266,34171677118786253,t
21778,d88ef6af20914aa4993d34f32ef7a961,Online Mixing Studio,Studio,,7289,,f
51773,6fb2d82c6ca7480f8f73489dc0ffe889,Cirque de Reims,Venue,,68605,49254940222,f
53770,2d557b93ab7c45d7812a4a7817c3718e,Red Barn,,,40602,,f
30257,5abf3a7aa9b444cda4ff183139878612,Christopher Lydons Home,,,5075,,f
18553,f266709858b14b4fafbd86f79cd93c30,Igloo Audio Factory,Studio,,13929,,f
15953,205ef31132804ec1b13c14e2754a6bb9,Fast Forward Studios,Studio,,653,,f
30785,455cd95b8ef74819a642ee99e921d77d,Soundlodge Studio,Studio,,81,,f
53274,8bc5a45d416f4317a74222e407bae379,Ardingly Studio,Studio,,3848,,f
49668,1f9d0baced6a45798ea3ffee5bd631a4,Surrealis Sounds,Studio,,326,,f
6833,4fea0d4fff5340099d396093a438a6ca,Hochschule für Musik und Theater Hamburg,,Harvestehuder Weg 12 20148 Hamburg,331,535705569998889,f
1491,ada877b3b8a146e9b850c2fee8e9c471,Queen Elizabeth Stadium,Indoor arena,18 Oi Kwan Road Wan Chai Hong Kong,118123,22275114178611,f
42079,f5895086c2d547dba49dcbe74bdbb025,acts 105,Venue,,397,,f
33394,2497e8fc62a04cb9886973086b542d04,The Apiary,Studio,,67590,,f
23325,51d6ec7fafea45ddaf58eb6210df24cf,2013 Mixing,Studio,,7703,,f
14009,1ffcc1997d1a427789bcf258900529d5,Union Street Studios,Studio,,5236,,f
50236,bee2092d34544a0b97c8a401d4040b93,Sonic Highways Studio,Studio,,,,f
38691,8ff5f495806c47dba6e15f4b83e8d058,Leggo Studios,Studio,,1468,,f
12167,b516aeedd4cb400da6fc1200fb6228bd,Paste Studio,Studio,,,,f
16036,6f08a10e8d9243809d5f2c3bd053b383,Adolf Fredriks kyrka,Religious building,Holländargatan 16 111 60 Stockholm Sweden,5114,5933777818060278,f
42111,183f23c5f9d1429c939cac927b870f81,Friedenskirche,Religious building,,8852,5240096613043411,f
39290,d8c7c37b6d914ddfa49b466dafbe5aee,Studio B Hayes Middlesex,Studio,,88668,,f
40333,c42bd3c9193a461bb743a73123cb0385,Presbyterian Church of Mount Kisco,Religious building,,90926,412072737458,f
15386,002633311ba54b898eae895f74a5d6c8,CineStar Garbsen,,Rathauspl 2 30823 Garbsen Germany,69096,,f
43038,2fba6f3d465a4738b284e7070c752c61,BONO Studio,Studio,,113,,f
8163,62f43d119ffc46abbc09c36e1055034f,Nezlobin Theatre,Venue,,2429,,f
9927,e5a3b494aa594834b76699bad407531e,Rushents Mansion,Studio,,221,,f
30691,44f3f0361500404c8c340cf6c600016c,Audio Mastery,Studio,,5213,,f
18474,53fac8157a5e4c44b55aaee5466aeb57,Wooden Digital,,,,,f
56382,21f01d8819ea46849c22c36dc5502cb9,Hard Rock Café Los Angeles,Venue,8600 Beverly Blvd at the Beverly Center,7703,,t
1225,ecef7b1c785b4639a90d54f47b5ce66e,KAUE,Venue,Wilhelminenstraße 176 45881 Gelsenkirchen,23737,515175397068581,f
7018,f5cb53c91e6a4c30b4d76acc3f379001,Dance Planet LX,Studio,,171,,f
49980,4d3ff78f673f4e418c3d14ac42a63435,Commercial Recording Studio,Studio,1120 Chenevert,7326,,f
26236,8998d03f8245498e9eb70ebcf3196fbd,Amazing Grace Night Club,Venue,,5757,,f
32716,cc9a86c4af124c6da3db765fef76aee0,Lansdowne Hotel,Venue,26 City Road Chippendale NSW 2008 Australia,5126,33884794151194885,f
11757,47a94e72af45409fa1c04f8f8ad4b227,Severn Studios,Studio,,102118,,f
39256,e962386619a84514b1042109d2b74100,The Sultan Room,,234 Starr St,10861,,f
48084,0e2117722cda43ad930b8188f6d15511,Death Studios,Studio,,695,,f
46926,d0abc42271db4c1e8e7f5c3e361981d4,Place de la Gare,Other,Place de la Gare 59000 Lille,12084,506366133069651,f
55575,1838140ca84446eb900360febb0e5459,Round the Bend Recording,,Dartmoor,3836,,f
3666,9b06b8dc14e4450cb025e280574b844f,St Nikolai Wismar,Religious building,StNikolaiKirchhof 15 23966 Wismar,70176,538956114655,f
42421,ec2870ce34264271a6a83103c662a5b0,Arts  Communication Center Music Hall,Venue,,84067,,f
35495,9471b06cce8548558ba676d089c1b95e,Malkin Bowl,Venue,610 Pipeline Rd Vancouver BC V6G 3E2,5212,49298773123133435,f
32682,7fb0aa0bf1c54c7ab66fa0e52d90f389,Canberra Theatre Centre,Venue,,5129,,f
