id,gid,name,label_type,area,ended
81777,3c96b287a7904a61aa6b7409c6c8bbd0,TakeFour Collective,Original Production,id-7310,f
79599,4a86a6aa47b94978891e70d7c462c9df,Motley Music Limited,,id-221,f
223017,75d0589ad3744785bfe51fdda6243fff,Kame House Records,Publisher,id-81,f
154290,5fe078ce035a40be836ca066f05a4d98,Jahazi Media,Publisher,,f
168162,4506739a8b8f4b2f91c38aa90828daf5,Inside Orion Minimal Muzik,,,f
173507,1447d741ea6543d4abbb5376ee872abd,MRI,Imprint,id-222,f
213951,62a5532b0d6648f6aa9a89cd634bf7a0,Alex Spencer Music,Distributor,,f
29808,06450eb52284476aa405664f66a02e49,Bold Soul Records,Original Production,id-222,f
93652,27b6cf3f87c4442598f3dbb17630059b,B Lucky Music,,,f
236030,45acd7624cd842ecacf7d8b909506621,Longtail Music,,,f
74171,99be74cbd8474d8fa50193673dc38339,The Konspiracy Group,,,f
115561,13001b78565645098380ccaeb1be8887,engine records,Publisher,id-7323,f
224036,2cda5b4e5259401dbf3954224c2cc6a6,WEBKOO,Imprint,id-107,f
194004,1d69e516a1a1491c99774c243e27a77a,Numarec Music,,,f
59994,4c99282374714eb5960b92dc418f40f8,Lighten Up,,,f
43530,e3f543e9d3674ae58c40dd353d607c35,Death Becomes Me,Original Production,id-221,f
27670,be5073311270483386b50a6bc7d0bb7d,Flagg Records,Original Production,id-222,f
103627,25b525b7044e4e66a9cfca8506ca7f09,Stoney Burke,,,f
246361,14da89283b4c476b9e05abdf30deeb0b,Flower Records,,,f
252425,cf55cce7067243f881e67d40485cdc6b,Saturn Strip,Original Production,,f
204717,4095c4da7b964016bd0aab582f781da3,Leaf Songs Ltd,Publisher,id-221,t
180914,c176c2b9dd144d698ce7b94da520cfde,Capal Records,,,f
171741,8a0524c681ab47228b53251df8abe290,Templo,,,f
51876,b1183b01f25f4efa9d377c9a3fd8c14d,Recoup Records,,,f
101485,f92be7b4999d4610bc9923c30b1f0af5,Horn OCopia Recordings,Imprint,,f
105304,0b7a1dda4a1643618b23733105feff7c,Take Off Your Shoes Records,,id-72,f
215711,ea73d43c118448ada6fbe10713661c22,Tape Stack,,,f
142585,c064c8f86ea2427c866e30170476c9cb,Atmos Games,,,f
160519,7e48e8d4b2694afc86abc832485a018f,Method Records,,id-221,f
63718,59f3474a1a144d83aa67919eaa6a2268,Metal Throne Productions,Production,id-84,f
2348,16967f4a805540b09acd3347d56c85cc,Bando Records,,id-113,f
1562,15c09660873041eabd3a5c58dc3dbb73,Traditional Crossroads,Production,id-222,f
146667,9eaac4004b954a21970317b6ed0e5e09,Statens Kunstfond,Imprint,id-57,f
7080,7ede0d38fe734aea8e69551c7344bcaf,Image Music,Original Production,id-105,f
18985,aaf5c96c353e42c48b5ecdc3a66da4a7,Forged in Fire,Reissue Production,id-222,f
165378,f73dfcf138224765a8e5f3532e8008a9,Sheer Africa,,id-193,f
53935,5ad1d254f5fe47469a28ccb75a83c20f,Chateaurouge,,,f
103728,8044ac99fa6a495a9d02509962d23469,Sleeping Village,,id-222,t
123154,4e989321731446608dc8dab7d5699833,Estate of Richard Sohl Music,Publisher,,f
103081,850c95c7b81947c5930bc4ebc7cac328,Biamusik,Production,id-38,f
63700,846d6c30fd5b4d468cffb47615a5aca4,Materie Records,,id-81,f
210601,95f41454839049dda9ee2264a643d1f8,Funnybone Records,,id-38,f
218216,d69f7c3ee50c4b43b3d69386f88a4d98,Schama Production,,,f
222837,adfbd514678445148c245f26ee6bd62c,Esupendo,Original Production,,f
50592,3e1603dbe7e34c9d837d6f6a80e9a9ca,Pelew Music,Publisher,,f
5614,ae4583e1547a48d1b12e5ce320b1df17,Karaoke Kalk,Original Production,id-81,f
236050,64c70bf9e8764924972c20f68b2b632e,Spinnup,,,f
155469,fe9d8b114e34457bb6f61f66c2740dc4,Hittite Requiem Music,Publisher,id-292,f
113681,f643fc392d1f499383dc7d4d05589de3,Grameophone music,Original Production,id-95884,f
64985,23f9fa1a2dfd4fc5909a6f615909b7fb,Kindred Recordings,,id-73,f
114974,6505ee58291741b88f30f8f745f7334b,Digital Dialect,,,f
159432,5f8f16ba299b40f08c84662deafc2562,Selection Records,,id-378,f
237869,ffe4bb7f0f8d4fe788757fed15ffa06f,Eva Magical Music Sounds,Distributor,,f
122800,0f6ead8834b247b7811391f503dd75d0,Emerald Eye Recordings,Distributor,id-221,f
7644,621eab6d257d46c4a9efe5d196e75166,RTFM Records,Original Production,id-222,f
119393,2bf2aa8202b14d8ea2f8da19dee2cd2f,RTV Braća Karić Telecom,,,f
89075,9d4ff82810784e8f99349bc33813c807,Fantasy Memory,Reissue Production,id-222,f
251902,7ed4041199414c539c645bc626f1f94d,CrosSing,,id-107,f
194779,3596a75541ca44768e47557c14dd1898,Count Zero Records,Holding,id-1872,f
248528,a7f8905f30374cb1a009292e1f9fd754,Old Wheat Records,,id-5210,f
222540,a744a2c381ca41d5b54dc65c89c6c56b,SIMP Records,Original Production,id-116010,f
34064,69426ed640b1439387f116c6c4e6f20e,Hong Kong Recordings,Original Production,id-81,f
92507,03a3ee89973b40068bbdea51ee63f61a,Amethyst,,,f
32658,34923bf74ff047fb8bec5c5189c9eed3,Jellyfish Factory Records,,id-73,f
112126,64303a2a5aa14b3898efbb5b0025333d,Sound News Productions,,,f
162189,aa217ee0060b468f84f91e5bd192d29b,Mirror Music,Publisher,,f
163012,6fb48e5ce60c4a9ab4838cf7529b7ab8,Matapalo Music Group,Imprint,,f
243850,cd39dcd2cb1b4f229fa78a8ac0b7c46a,ตราหนูขาว,,,f
134915,bc326e61db3546f0b2b6a3b274e7d98e,Spider Invasion,,,f
31715,76e1992a51b7453189d988f2fb39b088,Dirty Water Records,,,f
118389,0fa08a4e0775462d955b29d13702612a,欧乐文化,,,f
228953,c4246a7bd83e4c5fab82b88fe933ec76,Omerta Music Group,,,f
87991,14c233f0da6e4f4ca24942cab5b7c8ab,In the City,Production,id-1178,f
177314,ce19056aefb24f7bac996843efa975a0,Double J Music,Publisher,,f
23315,803829f02bac49e4ac761d25993875b3,Dollar Record Records,,id-222,f
181657,61e0fd37daf24315ab8c0e22470c33ab,CLOU,,id-11955,f
74132,fab80879fa7b4368b1dd90ee0b5584e3,LXR Records,,,f
62707,b49dd6668e6544a3a11ce3c654497e52,bummms records,,,f
246651,b9b8a71019554d4ca8f354140d6ff216,Nuclear Waste Records,,,f
153232,095b1283fe8c4cc4a6b3028779185b9a,Eccofilm,,,f
137589,0b574db326324d9eb840c2eb8f5fc634,Origen Music,Production,id-5197,f
154474,b605648623bd461d853fa423ff83a5b6,High Wind Production,Original Production,id-107,f
155454,606d907403e2485b9b55476d2801ab1b,Cold Ways,,id-378,f
208798,96d0419d0caf4859b3f5611ece640576,Dr Awkward Publishing,Publisher,,f
86622,035e05c580b54c9ea36f055dad262b7e,小学館集英社プロダクション,Publisher,id-107,f
178184,a964998f050c44cdb61509db6add47ef,Kärringa Jonson Records,,,f
250505,a8bce4a048004983a12d2ef861cf52ab,Cavalier,,id-7022,f
171165,dc396409b9084865822b2ca05f4bffe6,Hess Street Songs,Publisher,id-5230,f
142533,88366e9d3ee84fc9abd5c4809c9f4375,MP3 Music Collection,,,f
74912,e3facb0e783d4c4a81a8f45becee9a34,Pretty Boy Floyd Records,,,f
4393,201b9f9e4d754e8a8cb8fc0b28dc45b8,WordSound,Original Production,id-222,f
68320,034888b97a3c43e6ae7efa38f0935f2c,Potomac Records,Production,id-222,f
216966,cbe2ccc5aa134613b2fb2c8686fc43dc,Cuban Vintage Tour,,,f
51466,6708195cef0d4d2ea8b3cba72670f17c,Tender Loving Empire,Production,id-5147,f
227110,fabca92a36284bb0bddaaeac4ddd9279,New Ruins,,,f
200805,e02a6fb886ac4c188ce0442a48aecdc4,Jenyer Production,,id-113,f
72186,bd1d187a65fb4e39990780f2f8f44e66,Fascinoma Records,,,f
130189,a9e83dd28b4f40c7be0cf4919f44978f,Beggars Music,Publisher,id-221,f
144369,7d589b908af04a2484dac1327d9944d0,Amg MusicCâmara Municipal de AlmadaBLITZ,,id-171,f
195288,f561159575494ffdbe11f43ca426fee5,MGill Hill,,id-7713,f
210755,6591729176444d4b9774d2fafe218dc5,FuzzTown Records,Original Production,,f
217951,640334d018da4da780d2843a7b524f1a,Memorex,Manufacturer,id-222,f
56232,09e0fbe36ad24841bf12367aa97a92f8,Wambo Productions,Production,id-52490,f
148079,d4fd16a4400c4199bd626bcd022d96a4,Progressive Music Publishing Company Inc,Publisher,id-222,f
91143,234720b52e7f48ba8c8e04b8bc767c1c,Mutiny 2000 Record,,,f
246074,955032c6f5f948a5a77003cf6d995bb7,Sonic One Powermastering,,,f
42870,084cedca540f45b08286e770b7c10803,Digital Cellars,Original Production,id-222,f
141587,b78195385ac34a3fa71014b6d731789c,Trance Gold Records,,,f
180820,4cb6728050974881a6b0bbb9667a564b,Rekord,,id-81,f
185883,12c179c65fb344cba609392136da4599,ts136,,,f
177697,3b6ba38fc82c490cb2ae97a2737e92ef,Misguided Records,,,f
67792,bd1295e96ab445308a5bf8eca3e4b2a1,FMan Media,,,f
68950,465b5c83625f4a1888a8637c4a5144d6,Musica Celestia,Original Production,id-30,f
185812,f3503ecbb8ea4e25a31d78333a1cd43d,STAREX,,,f
173209,2f7f7f84d15c4130bc44594c7755cd5f,Humildad Y Honestidad,,id-194,f
192977,d29c878682af4a9cb6d256044bcbf7ac,artbyFORM,Distributor,id-222,f
132187,8b34d88983e542c0a3db1ccc951145e3,Queens Litho,,,f
62853,8be9eb0f9e7e40f7bc4b2c8d0144ed3a,Shitsounds Co,,id-67,f
28866,c5ff5a30ee124d8a81a7413acb8dd1a5,Urban Camper Entertainment,Original Production,,t
111814,15aa4abd388e480dacde12bcdddf0ef2,Salli Isaak Music Publishing,Publisher,id-222,f
231656,fe402119af6940729e5254b5e1aba053,Struts  Frets,,,f
173030,660e9e4604414093bebf4ec4b70cc8b5,African Echoes,,,f
174003,67f71882945847129b265de94cb46e76,Soulmade Productions,Production,,f
90453,e59ed50ba53e4223a51e72bcdddf3444,Vetnasj Records,,,f
203071,8e2251c90cc3434eb91baca8a0b976d1,Battle Creek Recordings,,,f
103298,813c3b56e408491d8629f22be1cbc98b,German Democratic Recordings,,,f
140331,7c91da43ac1248449b3c8a61379bd6f3,Digital Entertainment,,,f
49875,b0b124e17700455d82073edd20e00472,Sethnefer Music,,,f
249036,604e00c196b843cf8da07a27130a6a39,Preachja,Production,id-100,f
115876,e3204dd5f4f84809baf096e980f48cde,Deeman Music,,,f
112709,0f930235bfa94da3960b4d6eed46fa33,Vulkania,,id-30,f
135956,77b1a9396e50486bb6a15f88a47cc94d,ElRow Music,,,f
120574,10d4318983ce46f6aa6a6f880207cdb9,Gritty City Records,Imprint,,f
229596,527a0c33f5604897ae3ddfb4ef3fb975,29 Global Public,,,f
239343,95e1921c059f40bfb324469c0b542ac6,Hot Tub Records,Distributor,id-29447,f
20529,21fdfe0b838e4aeaa66776cc08d963ce,BitPhitz,,,f
217296,5e78a42c9b3a439cac92169da165050a,Nova Lark Music,Publisher,id-10861,f
52445,9ca59ac134e74c629966d7c7dade1870,Full Light Records,,id-222,f
53717,9fc06d031e2b4bc88713283ddec551b0,GenXtasy Records,,id-222,f
113166,96dcdc6b1a704d549865cfa5a28e5393,OMG LLC,Imprint,id-82034,f
211062,84d6df6f9d304d468795cb895a97fb78,Spectra Management Inc,,,f
243059,7f83e23fac054930acbe69034e613e08,Ghostown Thang Music,Publisher,,f
51665,8ac8b8f3dab6481099025cfb6e23e969,King of Patio Records,Production,id-9274,f
210979,e64757ff3884494c82cc0335876a0902,Big Dumb Music,,id-23652,f
225972,1b4b1c1e38c74e39a1bada729333c099,Acrobat Music Ltd,,,f
127305,c3b12bbe4b1444f5b862a0f930e738c6,Made In England,,,f
225340,bcb62941a88549c2838fb0df6bd1f0b7,Творческий центр Музыкальный Дом,Production,,f
81363,3fa0e5fe5fbd4e2fa13d4a09c22c5193,Early Learning Centre,Distributor,id-89433,f
190452,8c274a2a3f04448fa561871ae80b9a09,TΔG MUSIC,,,f
103834,444b564f03a747d6a78723ba5939f0c6,Tænia Solium,Original Production,id-68486,f
23679,d930c0a71a3e4af5a9cf987e18f717ac,Tumi Music,,id-15556,f
136477,f21060fa3eca42899cb5df690ac95b11,Other Int Universal,,,f
72447,73c24f48971c454187df16d079b498c1,Doxology Records,,,f
89101,ce75f082c15b4fb1b24396e09f160ccc,Analogic Uberleben,Bootleg Production,,f
192636,91f51cb166a94a59ba1feb8dde65c073,Adam  Liza Music,,,f
31038,616f299a1fc24bababf861c4665e9e86,Streamline Records,,,f
24027,29df75bb566746ae8bf7d44d2a36fdea,Bleep,Distributor,id-221,f
202000,e9f99e49dc0945d585dfe6c24cd295db,That Was EZ,Publisher,,f
78526,2e6b335953c841a0b194157368cf53cb,こんがりおんがく,,,f
78385,c0cef4110b334b5d878875a62eb2c153,New Media,,,f
113395,2b1869a6cd374070bece1d7cc01b48d0,Tentcrest Ltd,Holding,id-221,t
90550,99d542f98039498e9b940a474f94fac2,Nasty Habits Productions,Publisher,id-221,f
70765,c72b017cf1f3466d869e3065fcfd22a2,Think For Yourself Records,,,f
198997,763affca8148430d9d4f74558807e512,Plain Disguise,,,f
30808,b454efa78b164c109f1dc16fa263beb2,OtterSong Records,Original Production,id-222,f
186413,a782e270f4a245cfac57a7a97dc1a08d,Sasquatch Cock,Original Production,id-153,f
239969,5da89561ade6499b9ba525f0131b1811,Ossian USA,,,f
243653,6a5c6090e04f440d843b16ce46479e94,CWPT,,,f
238694,dd83b5a095054273baaa462d0389e4a7,Inarhyme Records,,,f
114425,82d05f0ab8f74082927f1726fbb80c1f,SPHERE RECORDS,,id-2230,f
84994,6cb6d400f67049259d86c3f8b0270cf0,HMC  Helsinki Music Company Oy,,id-72,t
153984,84bb00b90f004e58a5d38d3d83ec9efc,NAHAL Recordings,Original Production,id-73,f
126794,51924f72ede2489983d7374eb82d80ee,Discos Arpón,,,f
112659,21fea023b9474d00b24e734f5c20dcd1,Gralin Music,,,f
54268,d719d3a18d43487b98c1af0239b4b9ee,Metalgate,Original Production,id-56,f
245310,69085228e55b45b9aff72366ebf8f8c3,Bethlehem Music,Publisher,,f
33837,60e88820f7c349e782e3a229e9bcfcf2,4him2u,Original Production,id-14,f
66291,0956d815da2548f29e995dfda085267e,Mighty Perverts,,,f
14824,aa47c2efc1344032b04a6cb238c74b2b,Doirlinn Records,Original Production,id-222,f
237858,feabcf515b094841baaeef943b3285e2,Reezmo Music,Publisher,,f
21248,3a6f3e5078574330b4fa655350ffd7ee,Chakra,Production,id-81,f
95156,827823e22da84b13a79697f19d8182e1,Ekraz Music,Publisher,,f
172241,64cce5bb55d449be89abb55d0141b6b3,Little Sandwich Music,,,f
241246,7f9fc18aca3f4508a37987892a07e040,Narcotic Bureau,,,f
104079,87364d3dd4ba4a86b69bede44af125db,Blue Box Publishing Promotion Karin Wirthmann,Publisher,id-326,f
75789,ca5e9668a43245678ec95d412c8010ee,テンスアベニュー・パブリッシャーズ,Publisher,id-107,f
178504,638dcb07856544a989b50f15a091e59a,Refs Music LLC,,,f
146642,437db96ef9a34b65a1650d594debf6e7,Circle WANTAN,,,f
115109,97bf20a2015f44f0b575c01e154522cc,Wontstop Records,Production,id-1468,f
5059,a6bd58e0e6c94d5b908ee628d51cfa88,Tyrannosaurus,,id-221,f
89921,90212485eb65483496d1fd36d28aa2da,Feast Music Group,Publisher,,f
172311,e4168bf0f5924ffe846de42e9a702d5e,May Sun Publishing,Publisher,,f
247333,7e21031f7c244664872fd9bce28ada0f,Dave Hamelin Publishing,Publisher,,f
111988,5bf495ecc6e4446a813df12c1cf431ae,Flying Lecords,,,f
163318,1071b6272b814ef7a87770f437da5bf7,Bavaria Media GmbH,Publisher,id-76043,f
111977,942cddb0abc842d1a37e160673238f66,Pagan Music Ltd,,id-221,f
95939,f7e33b2d462f4ff7ba03865ce7464d19,South American House,Production,,f
93544,65bfcf3e88dd446a8317acacddbccc56,Serotonin Shift Music Publishing,Publisher,id-5215,f
20232,9df2d8e281424faaa36077594cf9bda6,G  E Music,Original Production,id-222,f
252427,2c6179687b1a4a719d3510ae1caaf553,Koze Songs,Publisher,,f
202598,b9faa1376c7c44619fd597af1b5fa6de,BlueZ Records,Original Production,id-222,f
223916,5770ff922c2c4bcc9a86f693927c29ba,Devel 16 Coterie ENT,Production,id-222,f
212345,ac6997b01305418ab3204e958c2ca13c,Musica Divina,Production,id-9279,f
234254,336ce26b371e4e7ba75c7e336a6e5271,Endemol France,,id-73,f
57635,8450443970c844a9a4f0f101f76a137e,Picture Show Records,Original Production,id-13,f
224848,b41071a4696f41e9b249c972ea685011,Soul Circle Music,,,f
68792,88582c6fa0174362821433da10065e06,Sugar Rush,,id-13,f
17950,f432355507464ef6a3fde6863d54b2f8,Peace 95,Production,,f
122407,da76fea4eb484920bb180227a607f0cb,Beardog Publishing Company,,,f
56679,fcf8a3f7d8ad4cd8b148d85b5d5c7611,Ball Park Music,,id-13,f
86490,0a86f857f88942cd9176b6ade0a13a0e,3 on the B Records,,,f
106962,1419a96306374f369646b05176cc938a,Warfuck Records,Production,id-47,f
202677,a657581ba49d4a0cb29113ddd7481377,Bob Abbott Music Inc,Publisher,,f
164890,90fc882937b544b08cb4035f7a3f7555,KAIWARECORD,,id-107,f
115131,0f83baf34f4444db9e30d5c05d7b77b9,Basspistol,Publisher,id-202,f
5484,97409dba609e494dbbbc6294925b684a,Very Friendly,Production,id-221,f
137071,9351458c35fd4531b1b98d8063bac33e,Psycho V Records,,,f
104080,74430b9b84cd462889ff014428ab01d6,Fax Record Company,,id-7295,f
213634,09ad4482ac6949a5ac63d27d9c05af81,eltonjohncom,,,f
41341,013b5528a31541a68c1b6aabaeba0604,The Master Recording Company,Original Production,id-221,f
252393,81fe517714b341c3b1070b23847d376b,WinStar Home Entertainment,Imprint,id-222,t
198582,c5bdd5bfba094d8e9513921439c4ea8f,TopartMusic,Production,,f
40029,0d9dcbe5899c4b95b979f5316fce5f8e,Royal Flyness Records,,id-222,f
156655,4dcb7d0d4ce84fcbaf071593751e58b8,Production Pathétik,Imprint,id-8391,f
196386,2fc8636709ee45629b74fc51b5f780e2,Kakelane Music,,,f
161333,ce14cfe410e24ef592fb9dba14eb3229,Wizz Records,,,f
67257,08386ebeb8044c7e8e2ae5779e460c26,Grotesque Records,,id-254,f
224965,fc59856ced774ddb95d8ca119165d5a6,Нокс Мьюзик,,,f
81393,4a5eeb9b6ecd4c4b85c5c687ab2cb6f3,Lateral Mgmt London Stockholm AB,Publisher,,f
151256,79d271664a8c45e281590c8c04bd532b,Shena Maydelah Publishing,Publisher,,f
201810,5b85b3fd3197453a8e6fc9b026ce22af,HAVELU Records,Publisher,,f
88878,aa312306b4f046f09dab79081e10cb38,Spaghetti Records,Original Production,id-105,f
24700,2f9f6b128dce420cbfdb96072ebe6b0f,Cybertech,Original Production,id-81,f
726,fb021b90fe5f4a9899390b63e35341d6,Zomba Label Group,Original Production,id-221,t
237594,e7ec6dbf5444457d9ad894dfb71311f5,Tchaikovsky  Bad Wolf Entertainment LLC,Publisher,,f
148977,e8e47ea74553406d9fcb0d14d05277e6,Shattered Music,Production,id-222,f
158250,848359ab570a42a8b495693460dd702b,Crab Key Records,,,f
173413,91cd49a26f4a4dcba7d8a2c10612a6da,Pemaco Rd Records,,,f
165116,f5864c277052493aadc0e18ccd00b51f,CoolNote,,,f
36361,75c8e53d2a8c41b5adac0f46f7869351,David Media AB,Publisher,id-202,f
233471,c12e1a82f82f4311981d30caf870e92e,Actionpop Records,Original Production,id-1178,f
17652,e6a24026f32c44cf8588f555ee5f8efe,Cr2 Records,Production,id-221,f
210554,87f1d0ea448547baa25664530c3eef9e,Tapes She Said,Original Production,id-5243,f
157074,a922d3cfc6b546f08d5c90519b95e802,Laputamusic,,,f
171501,6181eb5a7ac54fae8a4ffa2615e3e048,Hag Records,,,f
248245,dd35e571e9a240a19e7e5c870d51388b,MAW Words Publishing,Publisher,id-222,f
21964,cf2ac9e8dda84a219099a7cb4b062e20,2Fer records,,id-194,f
239970,305043b064384dfc954b3f9fd50bcb9b,Ramon Valdovinos,Distributor,,f
125826,768dde8f02934d2fb8fb30225102c5b8,Sarah McQuaid,,,f
142072,93636f439290476c82d55ac22ecdeb27,Jungle Voodoo Recordings,,id-7703,f
185164,5c11d447dce04dc2bd516e460d3c48c4,SageQuinnJude Music,Publisher,id-222,f
241796,1678f6c4cbb3480796da92fd83d41fb2,Snooter Records,Original Production,id-222,f
91848,934e87f00dc74d3f88ecd940862f0c64,Sandevil Music,Publisher,,f
203783,3ff14b7b98aa4196b0eefa70a2f89714,Words  Music Inc,Publisher,id-222,f
1075,329c36bb9f6a4beda94ce38eec631203,Out of Orbit Recordings,Original Production,id-57,f
244882,7b19b800c30943bf87adf580c1bb4315,Wild Rice Music,Publisher,,f
4266,8fdaf5f2ed8e4802bcf697357cb64926,Mellow Records,Original Production,id-105,f
122267,4a434164d584436cb2e751b4833fd00b,Hot,,,f
242484,80378d23e36f4315892870a3a08fae54,Famous,,,f
3236,44a0dfd4c1d14bb7af13ffd43d83d274,Long Distance,,id-73,f
94445,d91115b9e67a4b1da2c89fdbc680377c,Stereofreeze,Distributor,,t
184820,f278195349664c4f8af84d25029c7d65,Colectivo Casa Amarela,,id-5062,f
247578,90a4fec6cc7041dbaa5097d7f0ac0764,BlackFoxMusic,Original Production,id-326,f
246326,b27cd139ae7c4771b1bd32c26e9d81f5,Mutant1000000,Publisher,id-1178,f
125441,9f738a164db74d088c42b89af5740f24,Get Dancing Records,Distributor,,f
199978,28c2eb13195347f3806ed711ba316b9f,Start,Original Production,id-21,t
6388,ba95d5435da44b309e4b2b266420f642,Nice Records,Original Production,id-222,f
206333,ff3a76a1e8be461d93beb2ea16070c17,Old Familiar,,,f
76407,309bb551a21c4a5597bf4591e4580f6d,Warner Olive Music LLC,Publisher,id-222,f
123742,aa9796978cc74fe098600d716be4baad,Underground Sun,,id-115565,f
147407,1a07e2db7e6a43ea8210398180c6763f,Washington Records,,id-222,t
154352,e0b21841ada64e25a01034cb344f2276,Shedio Records,Production,,f
137604,908d9690b63d4554b70f6dc0aa8b85f1,Alma Criolla Records,,,f
150144,2422d759898a49b5b4ac5da5ef5b8a56,Universal MGB Autores Asociados,Publisher,id-194,f
103350,9af685b217ae43ffa4a1ab5e4194be9f,Self Serve Records,,,f
181954,4487e3a9724c426094019d4bd7d0019d,Ruff N Tuff Recordings,,,f
52618,2f71252d3ee64910a3162a48ad44f60e,Dynamic Reflection,,id-150,f
118242,d3aee46af81a4abeb85bddbdcc23fef8,K2 SOUND,Original Production,,f
230591,58be2819757343fb93cc345043fc8ea5,Chaos Wrecords,Production,id-221,f
152130,56c986c7da544640aaa345eb793547d7,Little Hi Records,,,f
8400,c2b325c5b2f846a4a6647f71afd8b06e,Ill Boogie Records,,id-222,f
55849,bbd0150973504fabaa38ab22f74f5f2f,Purple Trap,Original Production,id-107,f
74043,4f83746ecf7d4a878bd7c4e13b13de2d,Quantum,Original Production,,f
205730,1bee1167e03c4b9691d1170f4e82937b,Lazy Bones Recordings Inc,,,f
244594,f49729e93157413e8a4fc76b38ffcc1d,Paper Platoon,,,f
104988,ab40fe5f89f2426eb56edace413a3cd0,Black Gold Records,,id-7703,f
47661,67a38ac23012457e95e2762e6ec829ec,Eugene Records,Original Production,id-222,f
191251,e4ffb23fe8e24888a2a2dd913a944a7a,Loaded Lick Recordings,,,f
246056,9117ef8aae6644d49b2583a1bb77f966,Quatermass Music Ltd,Publisher,,f
130058,3257677d7f10494689a13985030d33d2,Gotte Records,Imprint,id-222,f
197675,9d33f2404d224a90b8ac0e51c88a1e57,Retro Music Box,,,f
9249,84f8251337ea47daa1f0daf52d34b4ef,Doxa Records,Original Production,id-81,f
215036,0934d61569de4d49895b255a9dd1f89a,Ape Gang Ent,,,f
198082,32cda70aa8f943588db0e060352431c5,SUB tl,,,f
201221,e26975ca5f1d41a5910f3ee334611567,Half Pint Records,,,f
99796,820a1ad412af4d6e809f331800c6ff6a,Phunky Data,,,f
180538,4294cf8d3f7041069c92d3c41e42710e,Abstract Reality,,id-73,f
33388,7a17a5cd013542a88ef45596f12481b0,Creole Records,Original Production,id-221,f
78831,9fbfbda2bebc4f5482ab3da17210dbfa,Loupgarous Productions,,,f
112244,c0d54add67a647a9a58b63fc913123be,Attenshun Records,Distributor,id-30589,f
200546,593583188e434083a57b0cb73461acae,800 Wild,,,f
139852,aa5203a7ae1649538b93f8d88e44b0e1,National Society For The Decriminalization Of Microtones,,,f
241500,bd3ae27d46714b11b32aa933f996b127,Funky Child Records,,,f
148910,706d85cfd79d4ea28d5488109d67cb62,Gamma Island,Publisher,,f
218835,8f3aa9a609894b809c1cc922eac0e8f8,RK4L Music Group,,,f
83664,43bb8c5a9a534f649d549d3a3f9d7be8,PRMD,Original Production,id-202,f
186918,79d204ac0f2d4b24aa67436c5d85d7f1,Checkmate Records,,,f
131302,58f6735b38844db4b1bb1d5c47d12369,Home Skillet Records,,,f
124791,c0ed5cabf4e949dead0fbb0322108c3c,VZ recording company,,,f
39701,ab389965099f4b54a3ae4802253976b0,Kaiho Music,Original Production,id-72,f
126552,d564087109344b95ba3a8ed2c17edf61,Punk Uprisings Records,,id-22328,f
10399,110a06e218414c98a84c042bc87e2666,Inevitable Recordings,Original Production,id-13,f
43814,5f0f86c6b5724ccaa7f9db9cbfebc590,Blues Forever,Reissue Production,id-105,f
21807,ede2ab189b6740358cdc7a51fc2f5cdf,Talent Müzik,,id-214,f
222356,0588c455755a475b8f0e404f330e10fa,Gong Ear,Original Production,id-21,f
93292,8fa00b8c51e74f49b50e55f8e2334eb8,There Was an Old Woman Records,,,f
208912,5a315b00941147a3a68d2808aee2d6c5,House of Gaga Publishing LCC,Publisher,id-222,f
236593,7501303f1ffd4e37a9f1f28900f709dd,Lemon Song,Bootleg Production,id-107,f
203246,7e15b708529b4fc2820fc2f5b2d99597,Hyper Utesov Records,,,f
216255,f0287e5f26324a9aada35a79e802a3c4,StrumaIodine,,id-653,f
245021,aea90741294f499eaeae2b90f95ef290,DJS Records,,id-150,f
43158,e562220ad4ce487c890b0ef9d5d5c030,101 South Records,,,f
51391,0ee2433813d5486b826e7fd30ec962a4,Bassex Records,Original Production,id-222,f
21825,57ba6da084a340cc8643e68431311c9c,Party People,,id-221,f
103349,4a140b7d07134a9d916d03f1ab766a40,Diplomat Records,,id-292,f
245887,5a0fcf3bae55486c972e487340328a9c,Foursome Music LLC,Publisher,,f
247629,cab3951412e345928c043470cdcfe89d,CD Kelly Productions,Production,,f
229345,6f937fb0e98d467f8132a689836e6967,VOX MUSIC,Imprint,id-107,f
202371,535519981b74461084763f76f5501b6b,SYLCO,Publisher,id-222,f
216696,68a4cb7017204ba18738806d1a5bf33a,Narvik Records,,id-13,f
239668,d478fc7a34cd4c2883dbc01ea72e0a2d,Akashic Records,,id-222,f
23604,ad0da8cfeac046f09a34a345f881c78b,AWB Productions,Original Production,id-222,f
96912,15a9f03ba21749d68376a9b2fca8a212,Rytmimystiikka,Original Production,id-72,f
217219,5e799be4044e419893866d26c8fe83f0,Life is Pain,,,f
150651,c52d584551e74a6c9f7629713f95a71a,SDK Media,,id-81,f
150590,fcfb2910fa6045d0bec77e4e23244087,Ste‐4 Musique,Imprint,id-7279,f
17929,5cd90abb857d4f1494cadc5fb9706904,hihat Records,,id-81,f
88818,341090a2de52436796f5cdcf26fdfb67,Oh Music,,,f
113501,3e6813abaead40e3a57a5c76cb30f495,Chukka Promo Records,Publisher,id-81,f
66325,d3a63d31b7cd4978a7495f90e6a926d7,Jazzhaus,Production,id-81,f
87092,a2f4c811e67c4999a55bfaf1d6562aa2,Jessica Musikverlag,Publisher,id-81,f
206576,b804712355a748c295e54e3541554a1b,Gaijin Entertainment,Production,id-241,f
19234,2ebc3a0e1d8b4f54af8e9018ada51e57,petite sono,Original Production,id-38,f
116195,a3be64ce8c494540b88405b3cb7d24f4,Garelock Records,,,f
177452,0b96ac018af84697855b501de5250f9c,Madamelune,Production,id-73,f
87791,9b6b9eb48454460a9b53b657f5543d9c,Toy Plane Music,Publisher,id-222,f
14475,7bc5cb529a1c4087babd4299ed032e42,Bee Jazz,Original Production,id-73,f
15791,4d6e979f95954f36bfaad9a744888130,Artex,,id-54,f
193704,b34cd701898546838473ad0e65757f69,Rocking Time Records,Production,,f
105010,369cbd48f56d41da9f971e9c63e6b46c,DTCM Ave,Publisher,,f
18146,3915358683de41a5a3ebcee45c586f49,Befria Södern,Original Production,id-202,t
195630,40eb91c01c7241c7a67d2ff857538be2,Pachira Records,,,f
166517,6dfacd11fbd14eac947099716d1ee49d,Nille Records,Production,id-81,f
59471,3d1f5e1e9f804ce38e5dcc944c8d74ab,Keevay Music,,,f
151427,68dae41620b54de2bdaf8c0b3eac1e8b,NSR,Distributor,,f
21973,74fcbc047ad5487d89f2104f466f29ca,Pila Music,Production,id-81,f
238286,f85007dba9fd47e48b599633e2258d4b,Toy Soldier Records,Original Production,id-30897,f
249987,666af382bd36480bb3ad159bd6e9a578,UK Bubblers,Original Production,id-221,f
58192,9652e69784a647dd8403c84ba43c96c7,Brick Red Records,,,f
191220,27e78260c3ab4973ae19aa1ee3dd3409,Edizioni Pelago,,,f
152564,754e79bfa9f045d5b7ccbff5153646ca,Kulturní agentura Angel,Production,,f
178367,67603622e10c4a1b877a9adac88ab7ef,Plus 8 Music Europe,Publisher,id-241,f
223497,2e392d76fcd646ffb8719632c736559b,Namtaru Records,,id-47,f
122084,cc65414e78e2449d978daf0e70a7791b,Saltwater Music,,,f
36813,02427dfa2a0e4012b10b291ab95bf0bd,Bullshit Recordz,Original Production,id-202,f
108945,3a1f18379a3242d3965422c266cdc5f0,Lick the Star Music,Publisher,id-222,f
132732,e0d5da14798144409bdd3c9deacd4df1,Babbeo Records,Original Production,,f
65492,4e5229d092e44d26b660337fefd14466,Outernational,,,f
26415,3939e24c358a41b7b2c3864f40555ca1,Soundmalfunction Recordings,,id-13,f
67353,309864be5cd64701b6f2b59587a6901e,UHT,,,f
247870,9c185c30f0884779abac85d6609cb8c0,Isolation Tapes,Original Production,id-221,f
189534,935ccb689c2341028c4d394e13a497be,Ni Entertainment,Imprint,id-229,f
118467,c8b45d593fe344be852bc95aef6103c5,Lavender Sky Music,Original Production,,f
225608,10e50a342e8348d1a1dba7315f87061f,Irma Records,,id-100,f
156930,1b88dbdbdb764864927e106096951b69,Cronemeyer Edition,Publisher,id-23698,f
220643,fc0778a6964345d9adcbbbbb34d528d3,Hate Prod,,id-170,f
205998,ff294e703f964ce0b7bc24ff70f4fb2b,Russian pirate label,,id-176,f
8092,f8714b8178da4f6ea20c7b2bad7709ce,Classic Records,Reissue Production,id-222,f
215,632bc682e73d4704ae141285845a2c78,Leaf Recordings,Original Production,id-38,f
120402,1d6852006e30444da403841d7093caa4,Frux,Original Production,id-29528,f
206547,22708fdf57b348ebbdbeee6885ed5e83,Irving Caesar Inc,Publisher,,f
52500,26bd6126ebfd4ad2a8c73d0da39cc621,Sons Galiza,Publisher,id-194,f
251645,6cd8b5eca5594891912bf6e8995b9f11,KLT Ekoizpenak,,,f
23864,3f13c3e4780940a48934598e439d9959,Riot Squad,,id-222,f
108495,a9bd3dcc6635479abfa4c9694617be83,Chaos Social,Original Production,,f
82291,a9ed413ae4e54af0b45a673153bd2971,Dark Light,Original Production,id-38,f
32907,4366f8ed5e8b47208e692e43561f09b6,Catalyst Records,Original Production,id-222,f
207814,ff79ee3295be4a9db03b418d5a93465e,subskillz records,,id-113,f
2371,875afb40633b464abfcf9d3de235f642,Jarrah Records,Original Production,id-13,f
112453,0c404bce1ab84b369310f343066db32a,Dawg Records,,,f
185008,b4448b4b72e942f1a8e7172df88ccecc,Double Dose,,,f
167336,440f542200fd4de28c0205440de65d42,Lanzoni Records,,,f
78331,3dac1aff9f8d4fbb9f79fbe6a6dfcf40,Vegas Records,Original Production,id-79466,f
199466,1c5b4c79619f4f7382abb84143878b82,Ultra Heavy Records,Distributor,,f
61576,7fb90bd1667244a0941c88dca67a82bf,Woo Me,,,f
183372,2f314e370ceb4ade9fb112a2c84f91e9,WAVERIDGE,,id-411,f
72654,dd2ed381ed8d4867a68dc170d93663e5,Antena Portuguesa,,,f
92530,3e970454a55d44cab8dc46b7f57118f7,Pacini Sound Factory,Imprint,id-107,t
181596,59a64e6cf62347178a23e6e83ef9d0c9,Weather Factory,Distributor,id-221,f
30132,21b413bf228a4929bd6c1cdd8794382f,Bandleader,,id-221,f
82632,f83827eb1d74497eaf60cc271a1b1fd7,Black Saddle Entertainment,,,f
117942,f7ba3101c8134bad9312d99b6baaaf5f,giraffe boy,,id-282,f
235847,bac60858f55c425da8dde931e4321586,Upward Spiral Music,Publisher,,f
71834,d8e79d38d03546f391cdd79dd7266ec1,Luxel,,,f
211356,ab94f11db38340babb4f6fd874ab56ee,Autrement dit,,id-73,f
137979,787e0da418b84b8884d13290ac08ae0d,日本アメリカーナ音楽出版,Publisher,id-107,f
128879,5aa8ad331ee943aabe557dcee6523e27,HArt Records,,id-7717,t
42462,07bf2ed3c638445b852417b13e4db69d,Insiduous Urban Records,Original Production,id-222,f
228493,8a75b7d6d9a64443adc93b26b9d6bdda,TFC Music Group LLC,,,f
59804,7237c0e87eaa446098ab5692785b5e18,Tutti Intersong Éditions musicales,Publisher,id-73,f
37959,71aba7ba9d3d4631a06d3564b5a7a7c2,Creepsville Entertainment,Original Production,id-222,f
165773,c54c31def3884adfbe64097f6ab6057c,Blingnot Media,Publisher,id-299,f
114128,e1d2b84e08d54725b0c78376e5519346,Loud Rage Music,Distributor,id-175,f
84945,76aa15cbaa9643ee91a1b5bcc4f9577e,Innercore Japan,Original Production,id-107,f
157416,579acd62592e49caa55456e114d5e965,Gateway Records,,,f
179705,c2fa1bd8235645528ebacce45e08edd6,Fat Cat Music,,,f
185000,81b0d2a5fbd34c639db4a5df852bd36d,Loaf Records,,,f
222982,a999d3092a6142fda780d5407e65ab37,Вадим Володин,,,f
162771,f5469aecd7e14bcb92b13e45a0e358eb,Mark D Music,Publisher,,f
18358,1eebe6f42cb24677871b6c7300dd74cc,The Red Flag Recording Co,Original Production,id-221,f
87506,f41f740177b147cdbb28dc6dd5d2444a,It Books,Publisher,,f
4362,f15ae3dbaedf44dab5cb1e0313baf88a,EIR,Original Production,id-13,f
105240,17b91d21916e43c2bb4911edf2d609d7,Roots and Wings Music,Original Production,id-5076,f
30071,0c006bd4a3384e16ab466469fb8ce7b9,Country Jubilee,Original Production,id-222,f
14666,3bb3e3700c604600bcce530b7e285761,Dominant Fiction,Original Production,id-222,f
199517,a8427159e0ec4ccc846f07331eb343d8,Apparel Tronic,Imprint,id-7278,f
47566,1f564254b8be4c98921b8752750cfa4b,Forum Novelties,,,f
167366,46bc25219b0e4f508668d3a911d7d6ea,Family Grooves,,id-53,f
182088,dc86574cf5394283af5d67523bd94143,Mankind Disaster Records,,id-221,f
2823,7b09f4602e574c589bc8dc8283c03d4d,Hot Tracks,Original Production,id-73,t
248420,e95d278c6dbf4ef18e6f4f40ffea7065,Universum Film GmbH,Distributor,id-81,t
237369,3ed2f108de374b9391699d7433614eb8,SirLofi,Bootleg Production,,f
31444,cec00fb40fb24b16b52bbdb0019a18aa,Continental Garden,Original Production,id-13,f
131495,21fd6f90f63e423b93c724f07ffb3742,Imaginosis,,,f
215289,5b2a412a3a92421ba707ea35a6ba1583,milk voice records,Production,,f
66890,eec1321623ba4285a13be1c450970888,TJM Records,Original Production,id-221,f
108781,a4a6376b621241a3b46bcc5c2ac7b134,World of WIls,,,f
49334,a0af36686f824772a4e0a318043aedea,Sunday Mirror,,,f
100622,1c606bd73d4c4e5eb444a7a2c437ad20,Monogram,,id-222,f
181451,c585fd3503ea4c69a45932b473dda18d,WolfyOffice,,,f
27373,39e7fa0cdef347519a7ecc3e79cdd088,EPI,,id-222,f
65640,94c36ee42aec4ceeaf2b8871a909299e,Omi Records,,,f
69835,cbaad7de91ee473b91c5af328f553fd5,Flava of the Month,Original Production,,f
194247,d64f325b71bc4c5eb8c7978d11659faa,Alternative Radio,Original Production,id-222,f
111770,aa8ce60718474c378ecccf4f82911f43,Golden Triangle Records,,id-7020,f
186841,6443c2e88d174158abee549067277ed5,Howlinghorse Music,Publisher,,f
237040,71c3fc32e01f4dbdb01db8c36a9ac8ba,Grotesque DRK,,,f
109460,a8655145036044949765a13720cf632c,Saints and Sinners,,,f
218865,e29f4629802843b6b5e497f5476b94c8,Kapvt Mvndi,,id-1178,f
90440,a09f313a74334ad69e2911a48eb30d30,LIGHT SHOXX,,,f
220234,0c68b4ec4ccc4403b3330f456e884646,Metal Limb Music,Publisher,id-222,f
214175,ec9ebd71dd7d4244afdfdcbeb60896a8,Collector Edition Soundtracks,Original Production,,f
218440,3b713d9ec3fa433facd684488ea20d7c,CMSD,Original Production,id-73,f
29828,741662dfc3e14ae29626872ec22ed301,株式会社ファースト・エイド・ネットワーク,,id-107,f
167915,662cc1e209e04b368c312caf8cb8b83a,Blank Code,,id-5179,f
56041,ee4ce9fe63a7460888bb95f2ade1c60c,New Tide Records,,,f
178337,7a4113b968a344ba8f7bce53ca4564ee,GM Recordings,Original Production,id-221,f
38145,42f27cbe30324c7f9d1d34442f0057c4,Original Selection Records,Reissue Production,id-221,f
89703,d86d497a9c14405c8cdb522de2b36954,Syndicate Songs II,,,f
90863,f43d68b6cb1b46eda550d3f5456e4ee8,Springalo Toones,Publisher,id-222,f
245665,cb74955b40ca4705ad61064587f4b4e4,Simsara,,,f
200481,5bd2af1381fb4f758fb36c06f54eec65,Young 2K,,,f
186625,30763022447a466fa1b5318697181882,Greasy Vinyl,,,f
183301,969e389465e04e6fa6a205b3fc77f1dc,Gray Castle Studios,Original Production,id-5099,f
239333,7d13e9242e61498baa9fb61007270013,IAFDSFBD Songs,Production,id-5213,f
9556,616fa34da9ea4eca957a0577ba6fb802,Happy Pencil,Original Production,id-221,f
81774,32d9092ec99e4511b24bcaf3ffae53e2,AxIxAxC,,id-129,f
58282,cf6257bcc8e745ccb3f990ddc8c1b62d,3BP,,,f
207459,a457aa8487cb444795e5ded7474d5d5b,Curci Germany GmbH,Publisher,id-81,f
10611,9afdafef9cf4487997a88965b00a2028,Upper Left Side Music,Original Production,id-38,f
70912,903371a4d4574bf3939d5ee12fb01ce7,Teenager In A Box,,,f
230921,ce857b59700843afbb0960387705a511,Spirit Vision Records,,,f
203880,e5cd52a99b07488c836105501f21c1c5,Orlando Music,Publisher,id-222,f
39382,8a93316207254dca9521445307ab925c,Unichappell Music Inc,Publisher,id-222,f
59167,7757ec0914f8460bab9a54060139bbe1,Blondell Productions,,id-81,f
85245,cee4b5ee088b45dea614ac1ede277e05,Corus Entertainment,,,f
244096,cf97f32ea2d7427ebf531d9f1e5d4c56,DM SAT video production,Distributor,id-241,f
10454,bf6591ca3a254ebf9fc5907652fefc43,Hank the Herald Angel Recordings,Original Production,id-222,f
155178,fb7bfe63c0f543f68cc4268ab852ef80,HNW Netlabel,Production,id-221,f
7866,50a31f37c4624c1abaafddd617fdde2b,Furious Records,Original Production,id-221,f
81227,53cd4fbeef704c27a6568cdce194d647,Angel Records,Original Production,id-5060,t
5549,5cd395973af742a38f6d5715dd9dabc0,InAkustik GmbH,Distributor,id-74786,f
186460,fd11981df6fb47ec88e5cb55ba41a1d9,GKFAM,,,f
61530,9ff8d6c3fc4248b397ddfd23b91d8e84,Secretsundaze,,id-1178,f
130593,b523c04d9ddc43e3afce23b23e778830,Carl Fischer Inc,Publisher,id-7020,f
167964,2956d397a68547adb1f3f1b1e59db140,Arvida Music,Publisher,id-7971,f
247365,65bc069225564ae9b4281cccfbe017a2,Facemelt Records,Publisher,,f
176912,cb9800932a87458c961642066b5f4ebc,Limited Run Games,Distributor,id-222,f
135915,172a79efb3fa4709bbaf6257abfdec2c,Megaлайнер Рекордз,,,f
125633,3b817143ad874451a344e64b85746599,Environment Records,Publisher,,f
126578,685a13e53504464b86a1dbb993a0c53c,Feet 2 Da Concrete Entertainment,,,f
207592,7f54dc30209d4155bbab927fa49b3e97,Speak  Spell Records,,id-7307,f
126089,7a3adb2b097748a1a2e7862542d6aec6,Kind Songs GmbH  CoKG,Publisher,,f
67023,e38ac1a02ab14d4384826956cd155823,Super Uphon Sound,,,f
106456,82931e1b747f43889fc60f9a77ba1660,Orange Moldova,Holding,id-140,f
213395,33e973cec0dc45cbb87fc028d1532c1b,Sharak Interactive Records,,,f
166378,06859a2160b74b4cacbe42d268ec4894,Ladytron Music,,,f
137229,7aa52cdeefc0439ea28128fb2f49c031,Hinky Music,Publisher,id-5239,f
49502,929dc2457229426c83f9c5d3b46fc617,Vacilando 68 Recordings,Original Production,id-221,f
150052,822e3e1abdfa47b3bc0cde717b4b5f64,Universal Music SA Greece,Holding,id-84,f
112926,c5b40de6e5844316b442274dd244f7c8,Soop Records,,id-7703,f
94117,9c200d39e60c407cbf4e1b9641d37629,All The Cats Recordings,,id-221,f
88133,2c65a988c6024dc9ae939a1cc1f817d4,Autistic Records,,,f
195629,8e7d8f1096f4466f91601786a761f415,Programmes KK  Co,,id-72,f
231135,d2d1882430d64148b53532dbaf60835a,Roundabout 7 Music International,Publisher,id-222,f
78761,db98c350ccf54cbb800b610c85939c60,Agressor Records,,,f
159116,63cccf721a3749589687c805c2215f9e,Mankind Records,,,f
91817,c6ab1d54176a404a9361ad3cd140a0ed,Oscillation Music,,id-81,f
19028,b0d5231746e4420898f3926f1a67397b,Zee Music Company,,id-99,f
121106,0256acfaaf1c4989a3556a677125c542,G Tracks,,,f
198289,a0bc83b5a18e454dbcb40f263a126d91,Hidle Music,Publisher,,f
31101,8e0297eba34d453f9c2757f434b979cf,Red Frame,Original Production,id-221,f
19812,be0abfe3c5c94a88bc26c82416e2c7c6,Devil in the Woods,Original Production,id-22373,t
18232,79d08533433c434e919f926e3e4b9e60,Cymbidium Records,Original Production,id-72,f
160493,3f2d68a9f20d4c6987ea73d65185938e,Fonovideo Produzioni Discografiche,,,f
106063,916cd6b0fd924e3890673756ee9f89fa,Dance Flavour,,,f
23522,af03b32a9489451ab061b85340087f94,Strictly Roots Recordings,,id-222,f
246427,71d78f67064e48da8916981d9045b6ac,ELASTICA,,,f
95891,7a9068b938c04aef991a82e199961ed7,Talisman Records,Original Production,,f
122650,3834ff65d8e946bcaca3e225dd8f10d1,Face Maker Entertainment,Publisher,,f
140436,b0bd12a64924483d892397adb0877caf,ACT Music  Vision GmbH  Co KG,,id-81,f
233219,ff4a616b2efa4bb286747e07fd712b73,Bandore Entertainment,,,f
250394,d4690c9cb3f5470e95ccb7d7b05a366f,NatsumeAtari Inc,,id-107,f
26954,3151978bec614cd2bccf5ac2b0c0cda6,Tapestry Records,Bootleg Production,id-122,f
20975,cb18895d8b594984ab66a001802041cc,Aspirion Records,,id-222,f
251561,9fa842faa8a04a84b74b3bb17dc10df4,Rosesmauet Plater,,id-160,f
16700,9fb3f935a0d34e29a4a3e8b4181ef7b1,Blue Rose Records,,id-81,f
45031,073cdba787c843e89efb30137dc43d86,Throwdown Records,,,f
43565,90cf3cdb68ca493f8df6df98ba1681d2,BamaJam Records,Original Production,id-222,f
161088,b4311b5378524500b2c0bbc9cbaa41d9,滾石國際音樂股份有限公司,Holding,id-205,f
74451,02ca162d271c43459f0d565cecb669f0,150 Music,,,f
138459,93bc2f89f9db42d58dab942008b71529,Gak Attack Records,,id-240,f
18332,25195bbbb56e4540a8e548d4c9875ca9,Woodpecker Records,Production,id-222,f
177532,92ef1d29e4184367a4e6e789a9cc0e94,Siderian Records,Production,,f
126459,29089c2e5336456991ec8fd11dac4e6c,Woodstiff,Publisher,,f
100253,c6d3fee09e054edb960de9958e05ca0a,PHU Violetta,,,f
123681,c530085c1873476d96d752f98416cecd,THC  DIY Records,,,f
164882,21b4d71cc730498880d6101f03d9636d,VM 2000,Production,id-105,f
76195,a7f1617fe0ba40b59b1b8bb5f9062823,Association Valentin Haüy,,,f
85789,8401a3bb9aa343e590d6ea7790fe836a,Levande Begravd Records,,,f
191702,c39ba7025e6d449b8af55efa459b0af5,Cype Records,Original Production,id-69933,f
67431,b8e0458012ab42d69eb124ba8cc719e6,Generation of the Pop punk,,,f
23650,a41df45f171048e79fda0d4928111b95,Century Records,Reissue Production,id-107,f
197350,6fa198a17a54438e90003371d7bcdc4c,Mau Tak Mau Records,,id-100,f
200652,7620d934e79c4a34b377f41695c39b54,OneFitMusic Record Label,Original Production,id-809,f
79489,363bb584238a4011889873cea8115c5c,Posh Isolation,Original Production,id-7712,f
161882,ad96b7c1a82940b28033ae4aaae45e75,The Arto Company,,id-88326,t
91971,5e438beb29ae40a88ce3a451e71cb2b8,Mundo Records,,id-10,f
168273,ade4ad4461ce4de78c5de6709dfb69ed,MoonDome Records,,,f
146499,7dea4b0816414ebe80cc66e806182035,Noirdisc,,,f
206121,96c27bbb50fb4518bbad6177db73b881,Rocks Records,,,f
158234,bd755274592943bbaf50c876e187e4e4,Music In The Deep Cosmos,,,f
229602,8aebbf962fd54119a5bd9b992b93264f,Blueprint Australia,,,f
194647,66038aa8dea840daae2506da3dd6aae5,shoeup,,,f
219144,3874b1a4973e4c96955b4caddd171b29,Landmark That,,,f
124335,35d2fcb248c54bbc8b188709608d57cd,YasQueenProductions,,,f
187802,d999db644ac7402d955a323fc3455074,Perfect Prescriptions,,id-221,f
126472,b229f3416eaa4a4a86e179772fa7e012,Songs of Universal,Publisher,id-222,f
116638,7e9991260e3641f7a131b31ec80b6aa7,Dio Drone,Original Production,id-15123,f
164894,681685d07d9942ca8c56f1478a4bc7e1,Bubblewrap,Imprint,id-96,f
14417,7f931bd0a7424580a24af1cf286fa5df,Monarch,Distributor,id-221,f
126094,c4982fec7f1547279b1d0236d836ff93,Patio Music,Original Production,id-222,f
50967,b1314500460d47ec820a58d25833b09f,Manohar Records,Original Production,id-38,f
178889,c89a16b0249b4b8196515dbd59a49f9e,寺内音楽出版,Publisher,id-107,f
155725,a21b87a5fb7a4275848b37d07bda2100,Sounds of Havana,,,f
209481,de2e0c7d941d4f2eb08dd60defe29e8f,Charlotte Lawrence Music Publishing,Publisher,id-222,f
213366,d7dd2bfbab5f45209ea49ffb68a74585,Silver Kamel Audio,,,f
224792,172482371e7340c687652375c6bb62cf,KJ,Original Production,id-203,f
207229,d501e61a710845b199d058d670083c2b,Maskati Brothers Inc,Publisher,,f
185420,f4e2bcdde0984434b423e374748d8fb6,Blessed Music,,,f
96984,a30d9259a9fd402a9e3c7baf6a49c452,Magic Disc Records,Original Production,id-7703,f
156441,5f0592525d2642799688db71e9b771f1,Scorpios,,id-228,t
134137,5d9ac7c473e644d89625137774447357,Hollywood Boulevard Music,Publisher,,f
206957,a9f3247951134a32b300ef57cad0a027,Panther,,id-106,f
187712,e813e876ac634927b3427b7e503122d7,The Teskey Brothers pty ltd,Holding,,f
237159,7afca62d852c45978f513665f5ef57a8,DefinitionMusic,Original Production,id-7704,f
79486,dfbf56802fba46d1ae685749876d9cbd,Access X Denied,,,f
93436,9a4a7520727840199a32aae58a3090fd,Pyknotic Records,Original Production,id-5194,f
180870,ce0450e617334ca9b566207a0521bc9d,Bellamy Brothers Records,Original Production,id-222,f
187688,9b9202a3a1654b3f85a53437701c8280,Indecibels,,,f
80894,208b828e97874b26a056d13ab69dc7ef,Aural Delight,Bootleg Production,,f
88213,368b7298fa9f4efd8f5e050c31931873,Därängdängdäng Records,,,f
123637,c64f35d361294dc59298e91ec3efb66b,All We Know Records,,,f
25291,bd8845ff0af84a0b90ac33db962f7c61,Krazy Kat,Original Production,id-221,f
36153,5d13f13b4a584ed19ecd20133c0477be,Tocayos Music,Publisher,,f
179283,f73451d41dd449e0b292a14f45fc7144,Propane Music,Original Production,id-115659,f
145612,8e2036059f0f4617931071523ea9bce3,Festayre Activity,Original Production,id-60638,f
238401,94960a2656134f2c85d647d0da9b057e,ebirecords,,id-107,f
116669,324eb0dbff2c4973b3da300c6ef6404b,Total Recording Co Ltd,,,f
220768,7f80905feec34e1b8a949f78f260d55b,ニンニクレコード,,id-107,f
118552,dbb53437c6aa4d4db1506d03ec0d5b16,Guest Records,,id-7744,f
123205,79c1b1a8a2e543c0863f9a1583d515af,Well Go USA,Distributor,id-222,f
91362,3fb20e96679b48759dbe5e88d37df93e,World Records,,,f
35790,24c139230a8f4ec2874edcc346ae3574,New Spirit,Original Production,id-72,f
43173,768e693b9ea54010af3f9b1db0794f3b,J Albert  Son Pty Ltd,Publisher,id-13,f
1956,fbcc6ceeea6c42a8821f74c3b54c26cc,Basic Channel,Original Production,id-81,t
54047,db37f376651345e69d4f7f9a75c4c3c1,Haunt,Production,id-81,f
124371,5bd982e054e443398bea7e3efb2c073a,Palto Flats,,id-222,f
25654,825cf707116942f5b97e2e46909633dd,Black Pumpkin Records,Publisher,id-222,f
79707,d5710d8e924b458a9e149da15009e9c0,Trend,Production,id-651,f
134978,fd8e6218432b451e8ef285e8f876c061,Dream Entertainment Group SRL,Publisher,id-10,f
25538,78c5ffd838974063af98a4a7150a7f12,Fénix Discos,Original Production,,t
70659,9ee5006e47314f1cbec3dca8b6ea55e1,Afterlife,,,f
132993,5d41a83bdd48405899cfc46adcecf472,Agrofin Praha sro,,,f
75338,2b74ea5360c54488823a3dbf30037687,NRG Komrads,,,f
20909,31f1bcd5b3d6482ea6e5f5424e3a209f,Tradition Records,Original Production,id-222,t
27346,6607b6b5f61a4bbc84d84ac7830bce1a,Syncro Music,,id-194,f
40344,84f903b7005c4b51b84dbd922c248ad9,Pastels,Imprint,id-81,f
207238,b1593931919f4e92a1a0321f3e630f00,Artist Publishing Global,Publisher,,f
174752,046d392fd02f4ecc9897e5a9540ed88d,Nomy Production,,,f
178473,2aa10002cb74441cafa6e8bc2741ce1e,Magdalena Melodies,Publisher,id-150,f
54658,d22f6596ca694b15b6d3a65fc4a60209,Off the Shelf,Original Production,,f
187091,40e89874973e49ab960b32a021f0a17f,Mad King Production,,,f
207614,f12f2746af204d2483f16e3799c7e4ef,Black Hair Music Publishing,Publisher,,f
165875,aed77d49ba804d82958ea8b34c93b007,Dissident Street Records,Original Production,id-23264,f
158267,c357490aab3a49098ab27d00ea172e75,Soundtable,,id-107,t
192693,9c6a680f3c0b4b01b4af5200bda1e766,Ricochet Dream,Publisher,,f
32707,afe1e3962a5c4025adaed4a49e8f443d,Scandium Records,,id-73,f
74891,43bd66e9b45c47d7b25a34f997077e79,Rock Snob Records,,,f
202800,9b9fa5e058f74a5fa7bcaa20afad46e9,Media Vision,Manufacturer,id-88032,f
175995,56534a5b961b4abda099c6884009eac6,Juke Trax Online,Original Production,,f
227093,18316b6f38b44ca59c3cff61a1f2e11e,Beat Dealer Records,,,f
104384,d2eb45e96d444c5498041ab94fdf3070,DBlock Records,,,f
158642,94b66501ee9342acaa22a07493ab5bd4,Kunstkopf,Original Production,id-7709,f
106731,bab4f09e8a4946558f48c6ed532db8e3,Sam Wha,,,f
153704,bdacaefbc22b445d8f5335479b56b6ec,Extralineare Musik,,,f
203528,934283a606cf4b60953fe28c26f05e8d,Chocolate Records,Original Production,id-434,f
218957,7b9b3f306069418c8db58dc7fcbb0b5f,Soul From The Vaults,Production,,f
62349,e37038bc8f4a4393bffbaef1df789b8c,DAutres Cordes Records,Original Production,id-73,f
143694,e448c28b8c8b4ec186d3cc86334ebb8c,Clan Alba Productions,Original Production,id-3822,f
185868,24fd92c968914b10ba2f01e7ec980834,Dogtree Records,,,f
120536,1c2acc2037c243d1beaeb4f84e8c7765,Jeremy Bradford Music,Imprint,id-221,f
247263,893cb9c6af4c4853ad703dac3c3d5367,Mini Mac Music,,,f
198712,b2fa01fb30194ff1ad30094ac60194de,CR2 Compilations,,,f
162532,584aabcc876d4afa950e4a4512a2ee3e,Atlantic Rhythms,,,f
131156,278771a2863b4c9ca2175d2a75d6cc1a,Volksbank,Publisher,id-14,f
132694,8adb97ad6a2c4b0294644af26f178135,FreshTunes,Distributor,id-5084,f
2770,e43b3e0c34c944ccb3a3e44ae3bff7e3,Basement Boys Records,Original Production,id-222,f
115943,150e276ae0324bd9b7b898a00e58ddad,MGraveyard,Original Production,id-107,f
145776,1abf137fc7ae4d29be550a96372da323,Gerhard Kaiser GmbH,Production,id-7714,f
66594,595365091b5643d7a33599cee02e37ca,Soul Gorilla Monopoly,,,f
82597,d87f77d8b7ea49c98a5bdfeecfdfb25d,Wolpfack Entertainment,,,f
58050,8a890f8f68a64ce5ae361f90e8fff9d6,Fastlane Productions,,,f
166860,d3abefb8a8c24c71ab2f8e9902e676a6,Strange Place Records,,,f
42190,6f6f5393ca5a42428edf4843c6eb84a9,Weekend World,Original Production,id-221,f
1629,cbd5d41299f941e1aec379afa90e9d02,Scaroline Records,Bootleg Production,id-222,f
186361,3e7a9359430549e18eb5879f922dfbcd,Jerk Records,,,f
202039,7f0be73b5b0342b292941760fd7a4c00,Amidah,Original Production,id-221,f
122266,5155420ee22a4042973e16fdc677b666,Importe12 Records,Original Production,id-7020,f
182913,fa8ed2ef25e64de7b1e8871ea2145f97,음악부,Production,id-113,f
54633,3189ee0c246847cbb8a2a717fe8c0a26,Epervier,Original Production,,f
158495,3596c37ca5304aaebc863a402a91d932,Lonmel Publishing,Publisher,,f
38459,f6ac53ed77c24790a19bb2bc5026730a,Popjinx,Original Production,id-221,f
184649,78a1bbeeb87040b69d52181409cf28c4,Ghosts and Demons,,,f
168010,055ca3a089dc41dca68413e72d686158,Sound  Vision,Distributor,id-84,f
66810,2778227f6ee04c1ea477c18aac7a20b8,Timewave Records,,,f
83438,293152a911504a5a9a86643dd9316149,Skeletor Tapes,,id-72,f
91962,03281b4ceb2d44b5802b7dfce8e71310,Mushroom Runner Records,Production,id-81,f
38417,3f3143d22b754dba834b02e6af02f46a,Krijs Records,,id-150,f
164253,f64ba2b852684d3fbf9df7657f61467e,Yolo Music,,,f
73999,5f07ba8cb22243a7861acf62874b05ce,Baboon Records,,,f
57844,d327fe0f8d6a429d9aab2203fd32081c,Maximum Sound,Original Production,id-106,f
133874,25ebd6c126d24f419c67602d3582b4ce,Lampshade Media,Production,,f
143599,fdd12c6314c44cdc907d66899592b6fa,真宗大谷派宗務所出版部,Publisher,id-107,f
67620,b6bf2c04270c4542bf07eae836a42735,Culture Shock Music,,,f
69222,9c7d3e59fc5d4cb9990b7fe23ff4dbb1,Washashore Records,,,f
201839,67939aa2d0134fd7a1fd43f5beca8198,Caroline International Japan,Distributor,id-107,t
180560,913ebf6eb4f54751b782d0e2adf42e33,TONIKAKU RECORDS,Original Production,id-107,f
56511,b8d8db0125a64a5e8180a223dc957dbb,Shinen Multimedia,,id-241,f
4928,8478a3530bd04085b271e04be056bf3f,Vegas Tracks,Original Production,id-73,f
219819,6cadc8d1c1a64d128eac88cf4443d7f4,Perfect Pitch Music Marketing,Distributor,,f
96045,68488252082e4513bbe2cb35486d7322,101 Noites  Criação de Produtos Culturais Lda,Publisher,id-171,f
224962,aa7cea8f3f934e51b8253e4f9c304edb,The Bluesharp Music Co,Publisher,,f
8867,8eb10d4c6bd14acbab63aa2422a4d64c,Argon Hörbuch,Original Production,id-81,f
132480,65a60211be464e8b9bf4e65ad69b827d,All The Time Records,,,f
201002,da2442512334446391a428a51f7ab701,Mr Manatti Music,Publisher,id-7020,f
90422,c469edb27b24497c932c6dfdd0dff398,Serotonin Productions,,id-88313,f
159231,59d3298da4c348e6b0a02b2c66062ba9,Solar Management Ltd,Production,,f
75329,1b62c2f323cd4bff9b2d65d9cd6f4834,エヌ・イー・ティー音楽出版,Publisher,id-107,t
182813,cc966dd1bd404c5d8024772ef8f06a78,Dark Side MGMT,,,f
82516,b56376c3dfcb45b5b8b083d8db25661f,SAMURAI ROCK,,id-107,f
76476,81be8c62c5824cf8b950b589f59d0f31,Jean‐Michel Franck Rivat,Publisher,id-73,f
199334,6b9ddecdd91741689e8b7deba3c9412b,Warfear Collective,,id-116443,t
32170,650e14aa204840be89c8d39dd6de3273,Dogma Records,Original Production,id-107,t
91129,01dd507c66d644eb95fcf1fce3dc70e2,Devouter Records,,id-3834,f
74661,ff762e5deaee45488d63cd891b8739b6,Boom Service,Publisher,id-222,f
38033,0899b6da5da04b78931732d7e08e9429,Green Door Record Company,,,f
186431,c30a9d6665704892a1a2c26ba07f21ce,Impulse,,,f
198857,8300f3b6a41b448a92e37fca1565232b,Murray Brothers Records,,,f
18111,ded7bbdd672c4f888aad15f11b702ce6,Guided Missile,Original Production,id-221,f
137531,f8ef60bca93d471999a0a221334be75a,Disques JMS,Original Production,id-73,t
236954,ef233ec672f14175b8a68a2a74a395da,World Sound,,,f
104358,ed09c5fd90f946cb94115b99dbbc91a2,Perso Records,,,f
188043,9c9cb9b222c042b59c3cf37c5834da92,Mercury Records,Holding,id-222,f
205156,e0c43003d11147d6b6af56c84920ae44,Rush Hour Store Jams,,,f
170679,69db806c45b94cdcac40960d6d734e49,Four Sixty,,,f
239276,f988a86765564e99a80c586b29e67bbe,Fezihaus,,,f
102531,6cfaa0615f454c49894a1be98226940b,Only One Records,,,t
239482,04bf9532220b4f428b3fdb48bc6b10b5,Eccentric Recordings,,,f
48697,b96cf52371d94ff2ba29be6da34db0cb,Disques Apache,Original Production,id-73,f
60283,bd0db74c760143be817d884e96634d41,Big Kick Music,,,f
63138,7b6434f18c3348e48d325ea6be8ff699,Pet Cemetery Records Inc,,id-221,f
158756,d44fb3555cf44948a0368ce2d9e8b05e,Cody Jinks LLC,Holding,,f
537,cf1c72360923445ab590cf593a19bda9,VSOP Records,Reissue Production,id-222,f
28358,728536c3afa044e49d5b0cdab5594a2a,Last Affair Records,Original Production,id-222,f
206372,4562597509294d2bbcd3a7a11f12932d,AB Records,Original Production,id-160,f
74808,830436ac73774d48bf198f887e1abedd,Full Circle Entertainment,,,f
170203,2dd15ca256da43a89439aced45732bf4,Stereo Enchained,,id-23035,f
5432,37918fa623114e3289067e72613d9628,Wallys Groove World,Original Production,id-21,f
230440,6466e38e3d1445bfa3d2575ce1d8b21b,Sugar Factory Records,,,f
227939,8e11bf1deb5a4b6abaeb43e28a5b643b,deja vu productions,,id-66419,f
164460,6bbfab0be7ba47218ef2f8b93bc4ad77,Refugees Of Rap,,,f
170100,9859de08b4ba42a88dd496d205d68cf0,ABT Budapest,,id-721,f
237650,e933a8557c434601a53c29c88d41dbd2,ZR Network,,,f
145599,bb30ce7271fc4664b57c651f765ab419,Chicken Skin Records,Original Production,id-107,f
7254,42e2f155e2b448d2964dc8206d6e5526,Raucous Records,Original Production,id-221,f
143200,eea7105a9af7493e855e5127482aff17,Classic Brit Awards,Imprint,id-221,f
242714,bf61389f7fc34db78741778836f5d26d,Power Entertainment Inc,,,f
84746,b0baf28e054b448a9488ac11b481aa24,SanCtuS Recordings,,,f
184783,6315352973fe45c4a3ceefbb42f00c95,DreamWorks Urban,Imprint,,f
200431,9195e8ff010d4ea48df8410b2380884a,Relative Music Group,Publisher,id-222,f
118725,449a032b6cf04eb4ae6caacb4c5c175f,Massive Sox,Publisher,id-29483,f
133087,ae8ef955eb0d43ca85678ce3213bb2ad,Oetstar Rekkers,,id-150,f
146709,a2708280855149e1a9ae830bff0473c4,Ikaros Records,,id-84,f
125443,cbad08b5ba794f7896366bd36d1b24e4,Management Three Music,Publisher,id-222,f
23186,72b7fc9ace6243819442679c7132dbba,Yacca,Production,id-107,f
137345,06408dffe5884ffbbf32969533978caf,Henson Universal Music,,,f
216651,5834780ca61447ebbaca5983e655253e,UDC Recordings,Original Production,id-221,f
251932,8c34ea118d7145069d6749404e98b9e6,Tiraquon Recordings,,,f
32371,2a403d16310543e7a9495dea3c11c0de,Premium Records,Original Production,id-107,f
71226,8ddc55e8d8214423aca2bdb42117dedb,Premiere Music Distributors,,,f
106029,2fb1e748bd2e49579620c3907299bef2,Avenue Beatz Music,Publisher,,f
246037,031de3b2c3cb4b85973414d026937f75,Columbia Records Pressing Plant Bridgeport,,id-12766,t
83058,aa7ed4056b844e1f8f1504f0a9892bd9,Liquid Records,Production,,f
54194,bdf99e96dee14f58be7d9f074abedf36,Germ Recordings,Original Production,id-222,f
5603,4a06216437c949c0a61ea00ba93aeb53,Kayax,Original Production,id-170,f
39227,e5f4e868195841008501b6f8eb09ed6c,Fresco Records Spain,,id-194,f
235618,5b4ae0e7b673454dac681233a7456a19,Tasty,,,f
120921,7b8b36b8e60f465a91c40a276597b542,madnet2000,,id-81,f
232957,9da04384b52948f9909d37b19ffce536,GuideTone Recordings,,,f
64209,0a166504ef3746e4b7fe0dd66d1527ed,Rampade Org,,,f
234354,b2bf04b50a504f21a7d77f6e337a5054,Itspop Music Ltd,Holding,id-113,f
147058,c1b7e8387f5244bc945944af4283a069,Otosagashi Records,,,f
74127,71c35b8e252547b9a39be12a894c074f,Somethin Lite,Original Production,id-222,f
92200,1e3164803db94cc5bab21035ae18b2f0,Sicario Music,Production,id-1503,f
51309,539eb12d33284de08e6d94ccd320c943,Music Shop,Original Production,id-73,f
206869,500a59a4b6964cd8b73af580d9425979,Spelling Ventures Music,Publisher,id-222,f
2159,cb5de348db4e4daa9436c191714a3cf3,2062,Original Production,id-222,f
164159,633ceee65632421bad07d9669edf12dd,MVI Music,,,f
96989,38bfe5379ef9425e84b97dd6ced0f73f,Kalifornia Dreamin Entertainment,,id-222,f
149573,e1b423a8f25a4fe094572e23f38d9570,Emme Record Label,,id-105,f
78780,74596e2df3f64193afc5ca084ad39d10,Caput Medusae,,id-81,f
58343,5eee093c7aa2420b925db98d7b9cac01,Extreme Electronics,,,f
18190,eb0e434fb72649dabfb2c99938fdc839,לבנטיני,Production,id-104,f
201101,7dd38773312e49848ec91d7656047e9d,LV Music,Imprint,id-5213,f
9193,d17f929dee4040b6aa25c0f24876ba99,Teeto Records,,id-170,f
189350,319982a840ca42559a479c6b2e4adcc9,you deserve hell,Imprint,,f
31080,b0d1f74a4fb24b15bf3e4953509463a1,All Other,Production,id-73,f
189815,fa2a425b91954578b4d105746649e420,Lost on Vacation Music,Publisher,id-222,f
235216,471935dfc04249628ea9917cd4f39d5e,Uncle Joshs Song Emporium,Publisher,id-222,f
161151,64ac165c341347d6a9889eb2f5db8cae,Open Circuit,Original Production,id-150,f
247889,68a97d6f9ffc4c9dacaf014bb55dcab3,Miracle Records,Original Production,id-7703,f
82526,35ac3a57ed944ad28251b738735ea762,POP SHOP,Imprint,id-107,f
173125,c89a142d641344f5946fed46e2e79649,MIKE Push Studio,,,f
45273,d291c317113647d29c36e8643d0e5464,Golf Channel Recordings,,id-7020,f
168895,48fcb8cf3e48419d8496625f2e86eeda,HRB Music Company,,,f
178708,634360b1f1c3481998de93f14baa6d98,TBA Music,Production,id-57,f
213321,f0765ba5ab4c4927923ed50ac8e83c15,Local Genius and Wizard,,,f
137394,aa1c4aba66ea44018236e2c26f4ca9e6,Mind Bending Music,,,f
221628,c9d06392a07248acbd543c628259bca3,Novica Music,Publisher,,f
157781,4dc1521ba05f4aa380f900b436a57705,Tiny Room Records,Original Production,id-150,f
178571,c83267aaae81466ea75ee6349fd18188,SynGate Wave,,,f
17354,e013207034b34807a84fd2d5ee2a3a86,8ball Music,Original Production,id-150,f
88240,3ab2eb08d9564ed78ad201efb9ae3427,Greeninch Sound,,id-67890,f
81108,57efd5944cd74578b57574caa32d58e3,Hitmix Music,,,f
168881,cf97347031b043fc9a156e4f493734b4,KRLF,,id-105,f
90548,14fc0b99920b4ca7a4ebe2368ea4f823,Dolnośląskie Stowarzyszenie Artystyczne,,,f
168587,b9bc226760744017a7f2a71f573572d9,OXProject,Original Production,,f
89366,298a71166b7f4b638f198dcf9707d87d,Mad Magazine,Publisher,,f
214473,b9783599f8a6471a8d6105850f298bf0,Because London Records,,,f
197145,5f6888ed785544868a356dcf766c8f97,Lost in Ohio,,id-7953,f
21829,0eeefe83dda24523976ca12f75ce5671,Bellwood Records,Imprint,id-107,f
87663,df3a550b905c491cb27b23478297062e,Tam Records,,,f
153015,fa08f87e04a94dd98576b9634ec51bf7,Electric MVM,Production,id-3813,f
77507,a3bcb24574374fcbb495d9df3e64095c,Brassland,,,f
77566,ceb007d42cdf419baa4dd748f49cdcde,Evil Ink,,id-222,f
9180,2eb4787a79e3420cb9d536f0fe056647,God Mountain,Original Production,id-107,f
63580,c58ddc80ce5f4b1aa7e11ae7b5392205,Resident Advisor,,id-240,f
252983,ac99ff9ee7014948afed849245c75563,Mercury Classics Soundtrack  Score,Imprint,,f
219825,08f44f40590145d986ffaf9f26cbbe7f,Sackville Recordings,,,f
124572,8e18bb40857f46b4ba1085409c5b1742,Grandpa Stan Ltd,,,f
245973,8ab9410baf0149f1ae1a271863958593,Adub Records,,,f
17712,b63f343d531245829f8b10e48cf745bd,Poison Arrow Records,Original Production,id-72,f
211055,832931c308ca47cf94a55a6457f12e3d,Alexis Korner Music,Publisher,,f
98892,dc1ab99129564a069c08154a7624a436,Wizzard in Vinyl,Original Production,id-8393,f
173939,2c2ff515e8994217912c1b9cd350819a,He Shall Be Peace,,,f
123737,0ea7a0a1699f45cb8bcc74a4300e9c2a,Together Recordings,,id-221,t
176740,b5b6491036c346fdbd148feac4ffff4e,Pelex,,,f
223748,9a8ec75a40ed48a6922bb0f367b37cdd,Trans Continental Records,Imprint,id-222,f
21581,faf27c8ed0bd4f2ba13586be48a1a807,GSI Musique,Original Production,id-7279,f
172270,412be731a5ab4da6953a08ab30531580,Three Boys Music Inc,Publisher,id-222,f
139087,3166f7e9b51747ca8b676ab8caa8dc78,La Industria Inc,Production,,f
72027,38250027367241c6bf82f21ffc3b12c5,Tete San Ko Publishing Inc,Publisher,id-222,f
9089,cd7e85beef634d898856e989972e237b,Sabres of Paradise,Original Production,id-221,f
146254,b7b42ff9e84f4f2296fd045bf2bebd45,FIRE ON MUSIC CO LTD,Holding,id-205,f
167803,430b9e87e47045bc8bf5db1f8381fd1e,Unholy Conspiracy Deathwork,Original Production,id-5130,f
245064,5c69473c4bcc4ddbb61fee1baa049198,Ferbaby Music,,,f
188635,d15277bd612749b28c1dfcf86d3bf4d2,Twelve Notes,,,f
202365,97adb634b32c403ba4184720235b67c5,STREET LOYALTY,,,f
224938,92752cd84be3408ab744fcea3882957a,Young Jordan,,,f
71414,0a4d0f676eb44d9fb6fdcd380438a63c,Red Snow Records,,id-221,f
174809,5f1dc71420a947308db2c9399212b3e2,Plopscotch Records,,,f
3492,0921e0c1442f435bbc6c523a9eb7dd22,Blue Moon Records,Bootleg Production,,f
14631,175115495c304707bd8da3e3ec07aaf2,EVO Recordings,,,f
227719,e80a421003f44725a50e39936307357b,Kitty Records,,,f
146889,12cfd5d35ad7470ab2c05eb6eaba9bb1,Hood Famous Publishing,Publisher,id-222,f
189311,f93ac4a481e947219d7c9a369db724a5,Last Resort Records,,id-57,f
41590,f53b1fb0aaa5434eb599eab165088801,Enormous Tunes,,id-203,f
163645,828f7c7bd3774c419186bb6013124c91,First Celtic Masters,,,f
37764,253ffb2f78d549b288006d04c76baa04,Cynic Lab,Original Production,id-105,f
189312,e2b4d63bc0824a44ab7520208b8cac76,Love OnLine Records,,,f
178704,361cea8adefd452c8654a7900b364030,TBA Records,Production,id-57,f
154402,17d9f5fbeedc469d80130e9860b11f01,Sonic Camera,Imprint,,f
235364,fa295a88a0974a3eac3c29420e933707,Bum Rap Music Inc,Publisher,id-222,f
197746,1d8132fdc1354fcd89ba2d6f693c52d5,劇伴俱楽部,,,f
31419,387ac4acebea4afaac86344f331b1cc2,KTM,Original Production,id-81,f
184036,60a85e762b2e474e8f65082e106d1c38,Fantasy by Selmerphone,,,f
96998,59a6566bfd9b4897a71efbea528b3ed3,Endeavour Classics,,,f
3681,12162866a8014008a0774b2b4483f412,Kalinkaland Records,Production,id-81,f
63621,14491d06410f4f6c86ee735a2466947f,Soliti,,id-72,f
176936,1fb53be9d19c4f13ac25c9e4d96bd9c8,Repulsive Evil Productions,,,f
82800,2ee84f195a6d4ef4a769bc24b758f523,Trackstar The DJ,,,f
207809,dbac38d6ded4449d9b9c181555a20cea,櫻坂46,Imprint,id-107,f
136225,3fa9f946c4194b82b8b450b722be98bd,Gymnote Mission,,,f
211857,a27ef5b3452b42e88a8668ae48395a44,LHUA Music,,id-7731,f
25827,4286d31cd0d545fcad14b40c7ac4c4b7,Apart Records,,id-202,f
233203,9e8eb3cb623d454b8518c25bc6dc9392,Makondo Entretenimiento,,id-1008,f
143664,2873400f128e4741b2495de853b5e219,Addison Ababa,,,f
158224,5b7fcf5822ec4542ba386689985b2b58,Everything to Everyone Records,,,f
178684,937ee11d2f1a42be8c0452b9398b0b9a,Undercontrol,,id-105,f
166511,569dfcdcdd834cd393b05389b063145e,Minner Bucket,,,f
245471,b34f9a8c404840748253d5aa50b2e9f4,Ruelas Publishing,,,f
104635,1be3e97f5fa54842804c9545c6dbd0e2,IOSYS,Original Production,id-107,f
226906,aab676cb3d2f44d7b35111ceaa3579da,NRL Records,Distributor,,t
80658,2c94bde2d4a242878547fff45e33e0c7,Adn Nocif,,,f
118974,81f4e3cc0dfd47e98caa2ae80e5cb496,Elektra Records,Holding,id-222,f
198862,a680258661bf42ad8bc208e11893f961,Worlds Within Worlds,,id-5126,f
56776,f09c17f2cf8a4f77b0ca4dc159fdaa3e,Redd Klay  GhetOVision,,id-222,f
145500,7c897597b718497489112d6481bfaf2b,Iron Maiden Ltd,Holding,id-221,f
224995,1ecac51ea2e54239859b82d4f1ea9671,Les Productions La Table Ronde,Original Production,id-322,f
252578,861f7742539c4846a4c3f9f22b2d7bf8,Insidious,Imprint,id-240,f
97994,5173cf9395354cb7a393c178eff0a847,ALLOFUS Recordings,,,f
195653,484c253f65bc40328a9225bab5b151b0,Marquee,,id-107,f
52125,96cf6752897943f0b7a682e5261356d7,Fosfor Creation,,id-202,f
204419,0f63bf5bdc9a4b0190956a1914edb8a1,Myelin Mason,Publisher,,f
116643,2d0a6c1478434163bee63ca5b9c6caf7,Berk Demir Muzik Yapim,Distributor,id-5065,f
90961,283eb4f04de34dc9a8f7198fbc830a10,PPTStembogen,Original Production,id-73,f
93822,9b37b679d31747c38bfdbdcd030c42bb,HTown Records,,,f
252894,25495cf8d242484aac7d0c4590f1bc1b,Bullhead,,id-262,f
117914,5bf1f21cb88b482fb2ca4d8ccf3eaf26,Domuz Records,Original Production,id-214,f
199956,47230925b51c4208b1f065941924d792,Classicaloca Genius Recrods,,,f
44751,85f20058367242f480c5d97e3a78b210,Hub Productions,Original Production,id-72,f
225018,6b3d91d7fb434c3fba9b6d3937d9d386,Holloway Tapes,,,f
129773,776b2b33ecc44570ba5324a7cb38197b,Jacred,,,f
198168,b433ca66683e4c55a28df24b4f622ece,Mon Mothma Recordings,,,f
145892,584076364d5a4d548a5617b580070601,The Airborne Toxic Eventpublishing,Publisher,,f
34233,e195667bdc8c4b21bb130ded351dc8bd,Planet BEN Records,,,f
163148,2069bc5169fe461289c4950c552ee7a3,KDirect AG,Production,id-98031,f
49180,ff74fbea455145d685523939a74af199,Wonderful Sound,,,f
246287,32cd81bf31b24e0ba2076b2bc13ebbce,Raton Songs,,,f
181277,134613bc6a574d77ab2927b7b5a9569e,Delerecords,Original Production,id-103,f
136842,899ea85d8ae648f3922b56a5786026f0,Nomad Music Group,,,f
250158,41a8d74e706a41798ad858f49f0ce945,La Vache Folle,,,f
236817,372963e5621048109ad27ed0d8316dd6,Tribal Kitchen,,,f
106564,416ec430f33b43e3a9169e50226f58cf,Tonodisc SA,,id-10,f
123686,568538e0d2d04b63ba728a57d3a77309,NEWTRAXX,,id-107,f
203655,c93b20da44314e5a86bf3a568d0c6d8f,Araize Record,,,f
251708,41bc39f4236c4d0a86a9d41c27afddf2,Loopdeville,,,f
243386,bc4b7f27b721432e87dfae353704ba69,Rufus Recordings,,,f
210697,2c38fff7379b4ae79f471275662d6aa1,Daedo Records,,id-2531,f
25313,8f1cfda2f07542b58668e3945596da6b,Purple Box Records,Original Production,id-222,f
43386,0c0c93a8585b4f7bb41b12bc29f1d156,Gaylo Records,,,f
144432,71dcbcb556c44bb6af624be4e70d9afc,Latin Dreams Music,Production,id-47,f
221201,85875cef1dc741468e8547847641a950,KANECITY RECORDS,,,f
76947,9e0a1ce7d847429ca6223ef4f603c977,Ghetto Funk,Original Production,id-221,f
98718,c5a3151876cd455dada1dce46d2bce09,Power House Records,,id-222,f
7783,b70cc47a46674c4290e94fb7064d8a83,MIS Records,Original Production,id-57,f
190100,e2d8dbd66863405e9aead58ae6ef65ef,Mangini Muzica,,,f
3696,bb2a368749954beaaf5f8af996a774a7,3 Acre Floor,Original Production,id-222,f
43430,ca6d3e43eb3f4290a24decc41caec481,Tamarradio,Original Production,id-105,t
158273,f50f1b61c69840df86abe375c0df1576,Fran Record Company,,,f
113414,3b84a9b1e5e54db495832595bc05407a,BFJ Clothing CO,,,f
234131,5766b225c37c4ae48f199180d57361c4,Tkb Records,,,f
174667,faddea1f9bf144baae15821a6e2c3a21,Wrong Era,,id-326,f
204774,2f0c6af8664643c18a8597164a736885,Mark A Mancina Music,Publisher,,f
74097,20b1582676394c0e877b55f8bae05c2e,Generations Global,,,f
168514,ddca6b9caf65405ba765cd3129527571,Mister Tipsy,,,f
82650,7906efe4e4ae4c20be5dd8b388952aa4,Beyond Records,,id-295,f
245600,97cfcaceb7dd4011bd233dd86501600e,NEBLINA,Original Production,id-171,f
96926,0259e49797bf43dcacdf957e9872e5df,Culvert Music,,id-38,f
166446,bf47d1a492c840f4842c1cf05bda6574,Ace Chillers Hey,,,f
190929,2b670887670a4c45a7fcc839b5d936bc,Eonity,,,f
233995,a897c59b87c94380ab6c85bc1899711a,Chocolate Remix,,,f
145393,048da34e0ff149789cbb3c07246aa033,Maiden Name Records,,id-150,f
16459,fc7e8a664f2e455e84ef8f0308c1deca,Fire Museum,,id-222,f
169399,29e8bc02918d4683b8c3132de5801fa5,SP Records,Publisher,id-156,f
156433,7e813cd128994ec98448e393ad6d773e,Harold Pierce Publishing,Publisher,,f
195033,09e371ca8ea047d5a29d7f634e23900f,Kujaku Club,,,f
85730,4c8af08906c041e98dd0a5c3c6b2734f,Downtown Music Publishing International Inc,Publisher,id-222,f
171755,87998985a43f4b87813aa8eee9f41657,Secret Land Music,,id-98224,f
242881,392b2c31605f47e69ab8b1c8463dd713,PRVTC,,,f
17774,8b16b66c18b74e61956ccbae64b41f3c,Roton,Production,id-175,f
1403,74baf82251fa4d90b758cff30ab73c6d,Sub Soldiers,Original Production,id-221,f
70634,2777f917c7694daea23aed36af3513c0,Concession Records,,,f
118352,8954f4025977442cbb4d997fdc3099e1,Metro Sound,,,f
158271,da11e7e6c0404a8498023ff2d8fd4439,Takeout Records,,,f
241554,6d8c59e8ed564736b8c016b443e404fd,che,,,f
93537,692efe928ecf4236af099a92ffedd07c,Misprint Records,,id-5213,f
216863,25383cc8c112494faa85d566c2629e26,Briss Dont Miss,,,f
112845,175e2d1fd0f44a17a38bfdc3612a6ac8,Toxic Shock Records,Production,id-378,f
79915,0962c51d6485496faff3f1df1b58cac0,Night Season,,,f
153419,09323b5c15904e2c9947ac6ef50ae064,Del Mar Estudio,,,f
109894,66ab6069e44246119e40a68dcf8f0e6d,NoBreaks,,id-326,t
199661,4ed45b7a6760498ea87075280686976e,Earlybird Records,Production,,f
147216,ba728f1dec654e3aa7ba86b183604b9a,saZon Records,Original Production,id-222,f
73570,ee273f566af346a28ce73025952d947e,Sound on Sound,,,f
127484,39825a979f44425e8f6ab6da0740e34e,BBC Audiobooks Ltd,,,f
96041,e14b195a3cb54b14b8919076b12f494b,Base Trip Records,,id-5075,f
187601,a7589fa7f3c54fa6a9cc9349249ab3a5,Yesterdays Gone Records,,,f
249769,d0adbd3faf804024b88729ff4d14b0a0,ReallyRichEmpire,,,f
114175,6bbb92297c304303a7599352b58523d1,Casbah Kidd,Publisher,id-222,f
239306,0eb06e55c98542e78b675f15d8f2c728,Table Basse Records,,id-23037,f
15402,887d5cfe60bb4d6397129ee2219cb038,My First Sonny Weissmuller Recordings,Production,id-150,f
24497,d05960eec2c24b35b5868b7b3f94ecc7,Rock Express Records,,id-242,f
217650,066c6438b7614ae8a5ef74852f82ddcf,Stardust Records,,,f
181391,99af01a0cd4a4b2bbd5bf0c146fca07d,Night  Day,,id-221,f
217403,c933e2c085b441d79218ef0e19454151,Tender Collection,,id-5121,f
90022,d01d87c826094ea0ac41c66310100b35,Fredag Records,,id-221,f
137972,cf7aea87beef4b779a6df3f39dd77558,Unknown House,Distributor,id-81,f
124211,4e01244f33e349178312468be0905f93,Sette Ottavi,,,f
90068,7eab8139ef6c42eb9743fe2d96b34ab1,Badlands Recordings,,,f
43169,2c16ef8e01c64fa6bbd2a911fd6abc1d,La Paloma,,,f
86562,eb597c920d964883ae9ce872d2996493,Vistasboy Music bmi,,,f
22198,4ae0315ed5bb44228232dfe086e6a4bf,Universal Dance,Production,id-13,f
144296,b1bab81733be4cfda22d3f0ee3ece983,Amadeo Österreichische Schallplatten Aktiengesellschaft,Holding,id-653,t
55126,5eb9bc42060244d7bedb0ffd847ba81e,Abstract Dance,Original Production,id-221,f
182385,f4f9d774daa44a0881db5fac91c8322d,Kai Matthiesen Music,,,f
43467,bbec52ceb8db4f89a9fe8f1b2b8d5633,ziki records,,,f
51441,af349c83e7d64008b0ea45416fac3f2a,Guardians of Metal,Original Production,id-171,f
101202,598887a8e2884f6481ec9380027305df,Alpha Brussels,Original Production,id-1793,f
17964,d1b0999961694191b6e7a19f0f17d8a0,BugInMyEarMusic Productions,,,f
163435,8ba029184c53487691efb5adc338c440,Angelina Recordz,,id-107,f
181425,b2d60533fdcd48b1ad9edb482053ac35,Karma Chief Records,Imprint,id-9549,f
98556,10236a88d1d9469a86cd66ae58703cec,Eminor Records,,id-331,f
69546,8f3d22a4027146ee8cae541b0d52d7d9,Solitary Records,,,f
2434,2b38af0c58f84315aedcc79da8ec6466,The Releasing Eskimo,Original Production,id-202,f
215482,4442ac413adc455fb9e404434d99e0e7,Sentai Holdings LLC,Holding,id-222,f
134791,dcdcc4a4f6df45f0b4d2042aafcc9ae6,Rue Snider,,,f
78605,8336aa94bdad40708d29093d0eacec5c,Weed,Original Production,id-222,f
173641,70bc6a74a8ab4102bf007d8deb931259,Nómada Records,,,f
100464,26e931b6d543437cb29e50fa8e6a4e57,SOLFINSTERRE,Imprint,id-107,f
177643,bba3f53e46e347f8bbe9f51735663083,Vesterinen Yhtiöineen Oy,Publisher,,f
119194,f6b3bb4f7f4847128c0febc089114d4d,LosTraxx Records,,,f
35914,57c46b911ad94f79b33351343d95ffd7,Megaplomb,Original Production,id-105,f
111080,6c04416eb96d4c8dbf28b1bf50475d72,Compact Disc Center,,,f
246163,18b677b851a745e7a3560f95530ec070,Honshu,,,f
159049,2db2a0b0985f4a08a55ae770686135c8,Sentana Filmproduktion GmbH,Production,id-7710,f
207270,63389a7a0d484bb59a9a548324a3dd60,Direct Holdings Holland BV,,,f
177130,e08ff257772645d8855eb49f8fac168a,No Love Entertainment,Imprint,,f
243629,cc9b37ace95946a0a5297938d084b6dd,QFLM,Publisher,id-97166,f
168019,26445be5af6f4fc584ce24698921b738,Dollar Music Gang,Production,id-29637,f
14731,2f71056e14fa4e5dbf6a00b732d8b66e,Class Kasetçilik,,id-214,f
127381,995eda0b612740f1a5d305799d7e9515,Knekelhuis,,id-150,f
192755,1c3bc8a06c924b6cbed71b435bd574ef,MoneyHouse LLC,Publisher,id-295,f
214001,0a0a8034cbf94afeb958b94aaa974c9a,Shoshanah Homan,Manufacturer,,f
222203,e6f57894ca264ce085757d0d51a1141a,supporter records,,id-69835,f
251780,edde32396de348be96014ab267ced7ab,Heron Pond Productions,,,f
209151,c1c95d232f954cc58f8a286a1759ab7d,Playahs Paradise Entertainment LLC,,,f
176715,c5c040f16a364db19ed2f6250f22e127,Freeformaniacs,,,f
162579,12ae1f22fc8c47b5aa14e9fa173a5198,Westernmost Records,Original Production,id-30644,f
191929,46f317b5500a4b80b9b48860b1c7bd91,Kobalt Label Services America Inc,Holding,id-222,f
207643,149beba3967c47af94a41bae67db5250,Hertz Recordings,,,f
43172,e8eed6dbdfd94d00a31c73f1cd1431ef,Emmtee Music,,id-222,f
44921,5c952e36e19b40d18a6aaf13403927e2,Sleeping Giant Music,,id-38,f
204980,e0ab8b67ce4147d187547b64af04eaec,Magyar Televízió,,id-97,f
26533,9ff42471af2f4f6e9497d616592c4656,Stumble Records,Original Production,id-221,f
69257,08799e82c62241f2ac5070086df34f6e,Black  Blue Records,,id-222,f
250799,0bd842460b71424da5bdfe1897fe457b,Edition Cézame,Publisher,,f
69711,68bdbdb4de224894a56e1ff3f3f68c66,Crackpot Records,,,f
42249,fc61deb1d47f4cafbc80f00c7f823bcd,Flyin Eye,,id-222,f
19334,9cd39144df8c4e5693ce9be87856b7f3,Ganaarecordings,Original Production,id-222,f
110293,8ebf9db0875c41fbb169ac8d109aacb7,Midnite Jazz  Blues,Reissue Production,,f
116352,aeed472a596b4a22b23cd7f2a167528c,Vincion Records,Original Production,,t
141740,ffeaf34514e54fd4aeb8d4337cbbb9c7,CBSSony Songs,Publisher,,f
3557,290986cdca2942ad983c4969ee53b47d,267 lattajjaa,Production,id-72,f
243112,e6c1004a36b340518c5467e0938ef2ef,MUZA Records,,,f
144922,c6cb8e789baa46eb8e8c636b9f8477af,Fallwater Music,Publisher,,f
192046,76d191087c2246dbb0f6ee47e5dcc287,Jimmy Classic,,,f
162139,61d407275a1a4f0892061a3bbad5d30d,Shimmy 500,,,f
237856,377e8e1773144f478ce58b6cba81f340,Als Street Music,Publisher,,f
