vid_d,name_d,year_d
0,SIGMOD Record,1999
2,VLDB,1996
5,VLDB,2002
10,VLDB,1996
14,VLDB,1995
17,SIGMOD Conference,1999
19,SIGMOD Record,2002
21,VLDB J.,1998
23,SIGMOD Record,1997
26,SIGMOD Record,1996
29,VLDB,1994
32,SIGMOD Conference,2003
49,VLDB J.,1996
55,VLDB J.,2000
59,VLDB J.,2001
62,VLDB,1996
66,SIGMOD Conference,2001
72,SIGMOD Conference,1997
75,VLDB J.,1997
80,VLDB,2001
83,SIGMOD Record,2002
85,VLDB,2000
91,SIGMOD Record,1997
96,VLDB,1996
101,SIGMOD Conference,1998
104,VLDB,1999
113,VLDB,1994
115,VLDB,2001
118,VLDB J.,1998
122,SIGMOD Record,2003
128,SIGMOD Conference,1999
132,VLDB,1994
135,VLDB,1997
139,VLDB,2003
142,VLDB,1996
145,VLDB,1996
149,VLDB,2003
153,VLDB J.,2002
156,SIGMOD Conference,2003
158,SIGMOD Record,2003
164,SIGMOD Record,1995
167,VLDB,1994
172,VLDB,1999
176,SIGMOD Conference,2002
181,SIGMOD Conference,2000
189,SIGMOD Conference,2000
194,SIGMOD Record,2001
197,VLDB,1996
199,SIGMOD Conference,2001
201,SIGMOD Record,1997
204,SIGMOD Conference,1994
209,SIGMOD Record,2003
212,SIGMOD Record,1994
214,VLDB,1994
219,SIGMOD Conference,2001
225,SIGMOD Record,1994
227,SIGMOD Conference,2001
232,SIGMOD Record,2002
235,SIGMOD Conference,1998
241,VLDB,2001
248,VLDB,1999
250,SIGMOD Conference,2002
252,VLDB,2000
257,VLDB,1999
262,VLDB J.,1999
266,SIGMOD Conference,1999
268,SIGMOD Record,1996
270,VLDB,2003
272,SIGMOD Conference,2003
277,VLDB,1995
281,VLDB,1998
285,SIGMOD Record,1997
287,VLDB,1997
291,SIGMOD Conference,2001
295,SIGMOD Record,2002
297,SIGMOD Conference,2002
303,VLDB J.,1996
306,ACM Trans. Database Syst.,1995
310,SIGMOD Conference,1994
317,ACM Trans. Database Syst.,1996
322,VLDB,1995
326,SIGMOD Conference,1998
328,VLDB,1999
330,VLDB,1995
335,SIGMOD Conference,1994
337,SIGMOD Conference,1995
339,SIGMOD Record,2000
342,VLDB,2000
345,SIGMOD Record,2002
347,SIGMOD Conference,2001
351,VLDB,2002
355,VLDB,2001
359,VLDB,2000
361,SIGMOD Conference,1994
365,ACM Trans. Database Syst.,1995
370,SIGMOD Record,2000
372,SIGMOD Record,1994
374,SIGMOD Conference,2001
378,SIGMOD Record,1996
380,VLDB,1994
383,VLDB,1999
387,SIGMOD Conference,1999
393,VLDB,2001
395,VLDB,1997
398,ACM Trans. Database Syst.,2003
404,SIGMOD Conference,2003
408,VLDB,1999
410,VLDB,1999
413,ACM Trans. Database Syst.,2003
418,SIGMOD Conference,1998
428,ACM Trans. Database Syst.,2001
431,SIGMOD Conference,1996
435,SIGMOD Record,1994
438,SIGMOD Record,1999
441,SIGMOD Conference,1997
444,SIGMOD Record,1999
449,VLDB,2002
457,SIGMOD Record,2001
459,VLDB,1999
461,VLDB,1995
464,VLDB J.,1999
467,SIGMOD Record,1994
471,SIGMOD Record,2001
478,VLDB,2003
481,VLDB,1997
485,SIGMOD Conference,2001
491,ACM Trans. Database Syst.,1994
494,SIGMOD Conference,1999
496,VLDB,1996
498,SIGMOD Record,1995
502,VLDB,2002
505,SIGMOD Record,2003
509,SIGMOD Record,1995
511,SIGMOD Conference,1998
518,SIGMOD Conference,2002
523,SIGMOD Conference,1995
526,SIGMOD Record,2001
529,SIGMOD Conference,1997
533,ACM Trans. Database Syst.,1999
535,SIGMOD Conference,1995
537,SIGMOD Record,2003
539,VLDB,1994
543,SIGMOD Conference,1998
549,SIGMOD Conference,2001
553,SIGMOD Conference,1996
557,SIGMOD Conference,2002
560,SIGMOD Conference,1997
564,ACM Trans. Database Syst.,2000
567,VLDB,1995
570,SIGMOD Conference,2002
575,SIGMOD Conference,1996
580,SIGMOD Conference,1996
583,SIGMOD Conference,2000
585,VLDB,1994
588,VLDB,1995
591,SIGMOD Record,2002
593,SIGMOD Record,2001
598,SIGMOD Conference,1997
603,VLDB,1996
607,VLDB,2002
611,VLDB,2003
618,SIGMOD Conference,2002
627,SIGMOD Record,1995
629,VLDB,2003
634,VLDB,1995
638,ACM Trans. Database Syst.,2002
643,SIGMOD Conference,1999
646,SIGMOD Conference,1994
650,SIGMOD Conference,1997
654,SIGMOD Conference,1996
659,VLDB,1998
661,VLDB,1996
667,SIGMOD Record,1994
670,SIGMOD Record,1996
672,VLDB,1998
675,VLDB J.,2002
680,SIGMOD Conference,1994
684,SIGMOD Record,1998
688,SIGMOD Record,2001
690,SIGMOD Conference,2000
694,SIGMOD Conference,1994
696,VLDB,2003
698,VLDB J.,1995
701,VLDB J.,1994
704,VLDB,2002
706,SIGMOD Conference,1996
708,SIGMOD Record,1999
712,SIGMOD Record,2002
715,SIGMOD Record,2002
719,SIGMOD Conference,1995
721,SIGMOD Conference,1994
726,SIGMOD Conference,1998
731,VLDB,2002
734,ACM Trans. Database Syst.,2002
737,SIGMOD Conference,1996
743,VLDB,2000
746,SIGMOD Conference,2002
750,SIGMOD Conference,1995
753,VLDB J.,2000
757,ACM Trans. Database Syst.,2002
763,VLDB,2003
767,SIGMOD Record,1996
769,VLDB,2003
773,VLDB,2003
778,SIGMOD Conference,1998
780,SIGMOD Conference,2001
784,SIGMOD Conference,1996
796,VLDB,1996
801,VLDB,1998
803,VLDB J.,2003
807,SIGMOD Record,2003
810,VLDB,2002
813,VLDB,2001
819,SIGMOD Record,1997
825,SIGMOD Record,2000
827,SIGMOD Conference,1998
831,VLDB,2000
836,VLDB,1998
838,VLDB,1997
842,SIGMOD Record,2001
844,VLDB,2002
850,SIGMOD Conference,1996
852,SIGMOD Record,2000
860,VLDB J.,2001
863,VLDB J.,1995
866,SIGMOD Conference,2002
868,VLDB,1998
872,SIGMOD Conference,2002
875,VLDB,2003
881,VLDB J.,1994
889,SIGMOD Conference,1999
893,VLDB,2001
897,SIGMOD Conference,1999
901,ACM Trans. Database Syst.,1995
904,VLDB,1994
907,VLDB,2003
909,SIGMOD Conference,1994
916,SIGMOD Conference,1996
919,VLDB,2003
925,VLDB,1999
928,SIGMOD Record,1995
935,SIGMOD Conference,2003
938,VLDB,2003
946,SIGMOD Conference,1998
949,SIGMOD Conference,2002
951,VLDB J.,1996
954,SIGMOD Conference,1995
956,VLDB,2003
963,ACM Trans. Database Syst.,1994
966,SIGMOD Conference,1998
968,VLDB,1999
972,SIGMOD Conference,2002
977,VLDB,1998
980,VLDB,1995
983,SIGMOD Record,2002
985,VLDB,2003
989,VLDB,1998
995,SIGMOD Conference,2003
999,VLDB J.,1997
1003,VLDB J.,2003
1007,SIGMOD Conference,2003
1012,SIGMOD Conference,1997
1017,SIGMOD Conference,2003
1020,VLDB,1999
1024,VLDB J.,2000
1028,ACM Trans. Database Syst.,1995
1030,SIGMOD Record,1999
1033,SIGMOD Conference,2000
1038,SIGMOD Conference,1996
1040,SIGMOD Conference,1999
1043,SIGMOD Record,2002
1047,SIGMOD Conference,1996
1050,VLDB J.,1994
1054,VLDB,1994
1057,SIGMOD Record,2003
1060,SIGMOD Record,2001
1062,SIGMOD Record,2002
1064,SIGMOD Conference,2001
1066,SIGMOD Conference,1998
1071,VLDB,2000
1074,VLDB,2000
1076,SIGMOD Conference,2003
1079,VLDB J.,1999
1083,ACM Trans. Database Syst.,2000
1087,SIGMOD Record,1997
1089,SIGMOD Record,1998
1091,SIGMOD Record,2001
1094,SIGMOD Record,1997
1096,SIGMOD Conference,1995
1099,SIGMOD Record,1994
1102,SIGMOD Conference,2001
1107,VLDB,2001
1113,SIGMOD Conference,2002
1118,SIGMOD Record,2003
1122,VLDB,2003
1126,SIGMOD Conference,2002
1128,VLDB,2000
1131,SIGMOD Record,2001
1134,VLDB,1997
1138,ACM Trans. Database Syst.,2001
1143,SIGMOD Conference,1994
1146,SIGMOD Conference,1996
1150,VLDB,1999
1156,SIGMOD Record,1996
1158,SIGMOD Record,2001
1165,VLDB,1998
1171,SIGMOD Conference,1995
1173,VLDB,1995
1175,SIGMOD Conference,2001
1179,VLDB,2000
1185,SIGMOD Conference,2001
1189,SIGMOD Record,2001
1191,SIGMOD Record,1994
1193,SIGMOD Conference,1997
1201,VLDB J.,2000
1205,VLDB,2001
1211,VLDB,2002
1219,VLDB J.,1998
1225,SIGMOD Conference,2003
1229,VLDB,1999
1233,VLDB,1995
1236,VLDB,2002
1238,VLDB,2003
1242,SIGMOD Conference,1999
1252,ACM Trans. Database Syst.,1998
1256,VLDB,1997
1260,SIGMOD Conference,2001
1264,VLDB,1996
1267,VLDB,1997
1271,VLDB J.,1998
1276,SIGMOD Record,2000
1280,SIGMOD Record,1994
1286,SIGMOD Conference,1994
1290,SIGMOD Conference,2003
1294,VLDB,2001
1297,SIGMOD Conference,1999
1300,VLDB,2001
1302,SIGMOD Conference,2002
1309,SIGMOD Record,1997
1311,VLDB,2000
1315,VLDB,2002
1320,SIGMOD Conference,1994
1323,VLDB J.,2003
1327,SIGMOD Conference,2001
1330,VLDB J.,2002
1337,ACM Trans. Database Syst.,1995
1341,VLDB,2003
1348,VLDB,1997
1351,SIGMOD Conference,1998
1353,VLDB,1994
1356,ACM Trans. Database Syst.,1998
1359,VLDB,2001
1361,VLDB,1998
1364,SIGMOD Conference,1994
1366,SIGMOD Conference,2001
1370,SIGMOD Record,2003
1374,VLDB,1996
1378,SIGMOD Conference,1996
1381,SIGMOD Record,2002
1384,SIGMOD Record,2001
1392,VLDB,2003
1396,VLDB,1998
1411,SIGMOD Conference,1998
1415,VLDB J.,1996
1420,VLDB J.,2000
1424,VLDB,1994
1427,SIGMOD Conference,1994
1430,VLDB,2001
1434,SIGMOD Conference,1997
1440,VLDB J.,1996
1443,SIGMOD Conference,2002
1446,SIGMOD Record,1997
1449,SIGMOD Record,1999
1457,VLDB,1995
1461,SIGMOD Record,1996
1464,SIGMOD Conference,1994
1466,VLDB J.,1997
1470,SIGMOD Conference,1996
1477,VLDB J.,2003
1481,SIGMOD Conference,1999
1487,VLDB,1998
1490,SIGMOD Conference,2001
1493,SIGMOD Conference,2003
1495,VLDB,2003
1498,SIGMOD Conference,1998
1504,SIGMOD Conference,1999
1506,SIGMOD Record,2002
1508,SIGMOD Record,2002
1512,VLDB,1995
1515,SIGMOD Record,2003
1519,SIGMOD Conference,2001
1523,VLDB,1996
1527,SIGMOD Record,1998
1529,SIGMOD Conference,2003
1532,SIGMOD Record,1999
1535,VLDB,2001
1537,VLDB,2000
1540,VLDB,1998
1544,VLDB,2001
1549,SIGMOD Record,2002
1551,VLDB J.,2001
1554,SIGMOD Conference,2003
1561,VLDB,1998
1563,SIGMOD Record,1996
1567,SIGMOD Conference,1994
1571,SIGMOD Record,2003
1573,SIGMOD Conference,2002
1576,SIGMOD Record,1994
1581,SIGMOD Record,1998
1584,VLDB,1999
1587,VLDB,1997
1590,SIGMOD Conference,1997
1607,SIGMOD Conference,1995
1609,VLDB,1996
1614,SIGMOD Record,1995
1617,VLDB,1995
1622,SIGMOD Record,1998
1624,VLDB,2000
1627,SIGMOD Conference,1995
1632,VLDB,1998
1637,VLDB,1996
1639,SIGMOD Record,2003
1642,VLDB,2002
1645,SIGMOD Conference,2001
1651,SIGMOD Conference,1997
1655,VLDB J.,2002
1661,VLDB,1994
1664,SIGMOD Record,2003
1666,SIGMOD Conference,2001
1670,VLDB,2000
1676,VLDB,1995
1680,VLDB J.,1998
1685,SIGMOD Conference,1998
1688,SIGMOD Record,2002
1695,SIGMOD Conference,2002
1700,VLDB,1999
1704,VLDB,1997
1711,SIGMOD Conference,1998
1714,SIGMOD Conference,1996
1717,SIGMOD Record,1995
1720,SIGMOD Conference,1999
1727,VLDB,2000
1731,SIGMOD Conference,2000
1735,SIGMOD Conference,1996
1740,SIGMOD Conference,1997
1746,ACM Trans. Database Syst.,1998
1749,SIGMOD Record,2001
1751,SIGMOD Record,1998
1753,SIGMOD Record,2003
1756,VLDB J.,1994
1758,SIGMOD Record,2000
1760,SIGMOD Record,1994
1762,SIGMOD Record,2003
1764,SIGMOD Record,2000
1766,SIGMOD Conference,2003
1768,SIGMOD Record,1994
1775,VLDB,1997
1779,SIGMOD Conference,1998
1781,VLDB J.,2003
1785,VLDB,1995
1790,ACM Trans. Database Syst.,2000
1794,SIGMOD Record,1999
1796,SIGMOD Conference,2001
1799,SIGMOD Conference,1999
1807,VLDB,2002
1809,VLDB,1998
1815,ACM Trans. Database Syst.,2000
1817,VLDB J.,2002
1819,SIGMOD Conference,2003
1824,SIGMOD Conference,1995
1829,VLDB,1998
1834,VLDB J.,2002
1836,SIGMOD Record,1998
1843,SIGMOD Conference,1999
1850,VLDB,2002
1855,SIGMOD Record,2002
1862,VLDB,2002
1869,SIGMOD Record,2000
1871,SIGMOD Conference,2003
1877,VLDB J.,1996
1881,VLDB,2002
1886,SIGMOD Record,2001
1890,VLDB J.,2001
1894,VLDB,1998
1896,SIGMOD Conference,1999
1901,ACM Trans. Database Syst.,1999
1906,SIGMOD Record,1996
1908,VLDB,1999
1913,SIGMOD Conference,2003
1919,SIGMOD Conference,1997
1923,SIGMOD Record,1999
1935,SIGMOD Conference,1999
1939,VLDB J.,2003
1941,SIGMOD Conference,2000
1946,SIGMOD Conference,1995
1948,VLDB,1996
1951,SIGMOD Conference,1998
1954,SIGMOD Conference,2003
1959,SIGMOD Record,2002
1961,SIGMOD Conference,1998
1965,SIGMOD Conference,1996
1967,ACM Trans. Database Syst.,1995
1970,SIGMOD Record,1999
1972,VLDB,2001
1979,VLDB,2000
1982,SIGMOD Conference,1998
1985,VLDB,2000
1991,VLDB,1997
1994,VLDB J.,2002
2002,SIGMOD Conference,2000
2009,VLDB J.,2001
2017,SIGMOD Record,2000
2022,SIGMOD Conference,1997
2028,SIGMOD Conference,1994
2032,VLDB,1998
2034,VLDB,1997
2038,SIGMOD Conference,2002
2042,VLDB,2003
2047,VLDB J.,1998
2050,SIGMOD Record,2002
2060,SIGMOD Conference,1998
2062,VLDB,2000
2064,ACM Trans. Database Syst.,2002
2067,SIGMOD Record,2002
2069,VLDB J.,2000
2074,VLDB J.,1995
2081,SIGMOD Conference,2000
2088,SIGMOD Conference,1999
2092,SIGMOD Conference,2003
2094,SIGMOD Record,2001
2098,SIGMOD Conference,1994
2100,VLDB,1996
2102,VLDB,2002
2105,VLDB,1998
2108,SIGMOD Conference,1998
2112,VLDB J.,1994
2115,SIGMOD Conference,2003
2119,VLDB,2001
2126,VLDB,1996
2130,SIGMOD Conference,2002
2132,VLDB,2002
2137,SIGMOD Record,2001
2142,VLDB,1997
2147,SIGMOD Conference,1999
2150,SIGMOD Record,1995
2153,VLDB J.,1997
2156,SIGMOD Record,1996
2159,SIGMOD Record,2003
2165,VLDB,2000
2169,SIGMOD Conference,2001
2172,VLDB,2003
2177,SIGMOD Conference,1998
2180,SIGMOD Conference,1995
2182,SIGMOD Record,2003
2184,SIGMOD Conference,1998
2194,SIGMOD Conference,2003
2199,SIGMOD Conference,2002
2202,SIGMOD Conference,2000
2207,SIGMOD Record,1996
2210,VLDB,2002
2215,VLDB,2001
2219,SIGMOD Conference,1996
2224,SIGMOD Conference,1996
2229,ACM Trans. Database Syst.,2000
2232,SIGMOD Record,2002
2235,VLDB,1997
2239,VLDB,2002
2242,VLDB,1995
2248,VLDB,1999
2252,ACM Trans. Database Syst.,1997
2256,VLDB,2003
2264,VLDB,2002
2268,VLDB,2000
2271,VLDB,2001
2274,SIGMOD Record,2002
2278,SIGMOD Record,2002
2283,SIGMOD Conference,2002
2289,SIGMOD Conference,2003
2293,ACM Trans. Database Syst.,2003
2298,ACM Trans. Database Syst.,2001
2302,SIGMOD Conference,1999
2304,SIGMOD Conference,2001
2307,SIGMOD Conference,2000
2313,SIGMOD Conference,2001
2316,SIGMOD Conference,2000
2319,VLDB,2003
2323,VLDB,2001
2325,SIGMOD Conference,1998
2334,SIGMOD Record,1994
2338,SIGMOD Conference,2000
2341,SIGMOD Conference,1999
2343,SIGMOD Record,1999
2348,SIGMOD Record,1996
2352,SIGMOD Conference,1994
2354,VLDB,1998
2356,SIGMOD Conference,2000
2359,VLDB,2003
2362,VLDB,1996
2364,SIGMOD Record,1998
2368,VLDB,1998
2372,VLDB,1994
2376,SIGMOD Conference,2000
2378,VLDB J.,1999
2381,ACM Trans. Database Syst.,2003
2388,SIGMOD Conference,2000
2392,VLDB,2000
2397,VLDB,1995
2401,SIGMOD Record,1998
2403,VLDB,1994
2405,SIGMOD Conference,2000
2411,SIGMOD Conference,1995
2416,SIGMOD Conference,2003
2420,ACM Trans. Database Syst.,1998
2422,SIGMOD Conference,1997
2426,SIGMOD Conference,1999
2430,VLDB,2001
2440,VLDB,2001
2443,SIGMOD Conference,1999
2452,VLDB,2001
2455,SIGMOD Conference,1998
2464,ACM Trans. Database Syst.,2001
2467,VLDB,2003
2470,SIGMOD Record,1998
2478,VLDB J.,2003
2484,SIGMOD Record,2003
2486,VLDB,1998
2488,SIGMOD Conference,2002
2494,SIGMOD Conference,1995
2497,VLDB,2003
2502,VLDB,2003
2524,VLDB,1998
2528,VLDB J.,2002
2533,SIGMOD Conference,1999
2538,SIGMOD Conference,2002
2543,SIGMOD Record,1999
2547,SIGMOD Record,1996
2551,VLDB,2002
2558,VLDB,2003
2562,VLDB,1998
2565,ACM Trans. Database Syst.,1998
2569,VLDB,1996
2572,VLDB,1996
2574,SIGMOD Record,2000
2576,SIGMOD Conference,2002
2580,VLDB J.,1994
2582,VLDB,2002
2586,SIGMOD Record,2002
2588,SIGMOD Record,1998
2590,SIGMOD Conference,2000
2596,VLDB,1994
2599,SIGMOD Conference,1998
2601,SIGMOD Conference,2003
2608,SIGMOD Conference,1995
2615,SIGMOD Record,2003
2619,SIGMOD Record,2003
2621,SIGMOD Conference,2001
2625,SIGMOD Conference,1998
2629,VLDB,2003
2633,VLDB J.,1995
2637,SIGMOD Conference,2003
2640,VLDB,1994
2644,SIGMOD Conference,1997
2647,SIGMOD Record,2000
2650,SIGMOD Record,2001
2652,VLDB,1996
2656,VLDB J.,2003
2660,VLDB J.,1994
2662,SIGMOD Record,2003
2664,SIGMOD Conference,1996
2669,VLDB J.,2001
2672,VLDB J.,1994
2676,VLDB J.,2003
2680,SIGMOD Record,1998
2685,ACM Trans. Database Syst.,1994
2689,VLDB,1995
2691,SIGMOD Record,1998
2695,SIGMOD Conference,1995
2699,VLDB,2000
2703,SIGMOD Conference,1994
2705,ACM Trans. Database Syst.,1994
2708,ACM Trans. Database Syst.,1996
2710,ACM Trans. Database Syst.,2003
2713,VLDB J.,2000
2718,SIGMOD Record,1997
2722,SIGMOD Record,2003
2725,SIGMOD Record,1996
2729,VLDB,2003
2732,SIGMOD Conference,1997
2734,SIGMOD Conference,1997
2740,SIGMOD Record,2003
2742,SIGMOD Conference,2001
2748,SIGMOD Record,2002
2751,SIGMOD Record,1998
2753,SIGMOD Record,2002
2755,VLDB,1997
2759,SIGMOD Conference,2000
2764,SIGMOD Record,1996
2766,SIGMOD Conference,1995
2770,SIGMOD Record,1997
2779,SIGMOD Conference,2002
2784,ACM Trans. Database Syst.,1998
2788,VLDB,1999
2792,VLDB J.,1998
2795,ACM Trans. Database Syst.,1994
2799,SIGMOD Record,2001
2801,SIGMOD Record,2002
2803,SIGMOD Record,2002
2808,ACM Trans. Database Syst.,1995
2811,SIGMOD Record,1995
2814,VLDB,2002
2819,SIGMOD Conference,2000
2826,SIGMOD Conference,1997
2829,SIGMOD Record,1996
2832,VLDB,2001
2835,SIGMOD Record,2001
2838,SIGMOD Record,2000
2840,SIGMOD Conference,2003
2844,VLDB,2003
2847,VLDB J.,2001
2852,SIGMOD Conference,2002
2855,VLDB J.,1998
2861,SIGMOD Record,2002
2863,SIGMOD Record,1994
2865,SIGMOD Record,1995
2869,VLDB,2000
2873,VLDB,1999
2875,SIGMOD Record,2002
2879,SIGMOD Conference,2002
2882,SIGMOD Conference,1999
2884,VLDB,1998
2887,SIGMOD Record,2002
2889,SIGMOD Conference,2001
2893,VLDB,1998
2896,VLDB,1999
2898,SIGMOD Record,2003
2902,VLDB,2001
2905,VLDB,2001
2910,VLDB,1995
2914,VLDB,2000
2919,SIGMOD Record,1995
2922,VLDB J.,1998
2927,SIGMOD Conference,1998
2929,SIGMOD Conference,1998
2935,SIGMOD Conference,1998
2939,VLDB,1997
2943,SIGMOD Conference,1998
2947,SIGMOD Conference,1996
2960,SIGMOD Conference,2001
2964,SIGMOD Record,2002
2967,VLDB,2003
2969,SIGMOD Conference,2000
2972,SIGMOD Record,1998
2975,VLDB J.,2000
2981,VLDB J.,2002
2986,SIGMOD Conference,1999
2991,SIGMOD Record,1995
2995,ACM Trans. Database Syst.,1995
2997,VLDB,2000
3001,SIGMOD Conference,1998
3006,SIGMOD Record,1996
3010,VLDB,1999
3014,VLDB,2002
3024,SIGMOD Conference,2003
3028,VLDB J.,1996
3031,SIGMOD Record,1998
3034,SIGMOD Conference,1994
3037,VLDB,1996
3041,SIGMOD Conference,2001
3045,VLDB J.,1998
3048,VLDB,2000
3051,SIGMOD Record,1994
3053,SIGMOD Record,2003
3055,VLDB,1998
3059,SIGMOD Conference,1994
3062,VLDB,1999
3065,SIGMOD Record,2002
3067,SIGMOD Conference,2003
3072,SIGMOD Record,1998
3074,SIGMOD Record,1997
3078,VLDB,2003
3082,SIGMOD Conference,1997
3088,SIGMOD Record,2001
3090,ACM Trans. Database Syst.,1996
3093,VLDB,1994
3099,VLDB,1999
3102,VLDB,2001
3106,SIGMOD Conference,2002
3115,ACM Trans. Database Syst.,2000
3118,VLDB,1995
3121,SIGMOD Conference,1998
3124,VLDB J.,1998
3127,VLDB,1997
3132,SIGMOD Conference,2000
3135,VLDB,1995
3137,SIGMOD Conference,2000
3140,SIGMOD Record,1994
3142,VLDB,2001
3146,SIGMOD Record,2002
3148,VLDB,2001
3152,SIGMOD Conference,1999
3155,VLDB,2002
3160,SIGMOD Record,2002
3162,SIGMOD Record,2000
3164,SIGMOD Conference,2003
3166,SIGMOD Conference,1994
3176,VLDB J.,1995
3179,VLDB,1997
3182,VLDB,2003
3185,SIGMOD Record,2002
3188,VLDB,1998
3193,SIGMOD Record,1998
3195,VLDB,1995
3199,SIGMOD Conference,2001
3204,VLDB,2003
3209,VLDB,1996
3211,VLDB,1996
3214,SIGMOD Record,1994
3217,SIGMOD Conference,1999
3222,SIGMOD Conference,1995
3226,VLDB,2003
3229,SIGMOD Conference,2000
3231,SIGMOD Record,1998
3233,VLDB,1997
3238,VLDB J.,1994
3242,SIGMOD Conference,1997
3246,SIGMOD Record,2002
3248,SIGMOD Record,2002
3255,SIGMOD Conference,1998
3258,SIGMOD Record,2002
3261,VLDB,1998
3265,VLDB J.,2001
3268,VLDB,1998
3271,VLDB,2001
3276,VLDB,2003
3280,VLDB,2003
3283,SIGMOD Record,1995
3288,VLDB,1997
3291,SIGMOD Conference,1995
3293,SIGMOD Conference,1995
3295,VLDB,1998
3298,SIGMOD Record,1998
3302,SIGMOD Conference,1995
3307,VLDB,2002
3312,VLDB,2000
3317,VLDB,1998
3322,SIGMOD Conference,2002
3326,SIGMOD Conference,2000
3329,VLDB J.,2002
3332,VLDB,2002
3337,SIGMOD Conference,2002
3342,SIGMOD Record,2002
3345,VLDB,2003
3350,VLDB,1999
3353,VLDB J.,1994
3357,VLDB J.,1997
3360,VLDB J.,2000
3363,VLDB,1999
3367,VLDB,2001
3374,VLDB,1996
3384,SIGMOD Conference,2002
3387,VLDB,2003
3390,VLDB,1994
3393,SIGMOD Conference,1999
3397,VLDB,1995
3401,VLDB J.,2000
3404,ACM Trans. Database Syst.,1999
3407,SIGMOD Record,2001
3409,SIGMOD Conference,2003
3411,SIGMOD Conference,2003
3414,SIGMOD Conference,2002
3417,SIGMOD Conference,2001
3421,SIGMOD Conference,2003
3425,VLDB,2001
3428,VLDB,2000
3431,ACM Trans. Database Syst.,1994
3434,SIGMOD Record,1994
3436,SIGMOD Conference,1995
3438,SIGMOD Record,1999
3441,VLDB,2001
3444,VLDB,2003
3448,SIGMOD Conference,1996
3454,SIGMOD Record,2001
3456,VLDB,2002
3458,VLDB,2002
3462,VLDB,2000
3466,SIGMOD Record,1996
3469,SIGMOD Record,1996
3475,SIGMOD Conference,2003
3479,SIGMOD Conference,2003
3482,ACM Trans. Database Syst.,1996
3484,VLDB,2000
3488,SIGMOD Record,1999
3492,VLDB,1996
3496,SIGMOD Record,2001
3500,SIGMOD Record,2001
3504,SIGMOD Conference,1999
3509,VLDB,1999
3513,SIGMOD Conference,2003
3515,SIGMOD Record,2000
3518,SIGMOD Conference,1997
3527,VLDB,1996
3532,SIGMOD Conference,2003
3537,SIGMOD Record,2002
3541,SIGMOD Conference,2002
3546,VLDB,2003
3548,SIGMOD Conference,1998
3556,VLDB,2002
3559,SIGMOD Record,1999
3561,SIGMOD Conference,1998
3565,SIGMOD Record,1997
3568,VLDB,1995
3570,ACM Trans. Database Syst.,1994
3573,SIGMOD Conference,1998
3577,VLDB,1998
3582,VLDB J.,1995
3584,SIGMOD Record,1999
3589,SIGMOD Conference,2003
3593,SIGMOD Conference,1995
3596,SIGMOD Conference,1999
3601,SIGMOD Conference,1995
3606,SIGMOD Record,1999
3608,SIGMOD Conference,2000
3614,VLDB,2001
3619,VLDB,1999
3623,VLDB,2000
3625,SIGMOD Record,1996
3629,SIGMOD Record,2000
3632,VLDB J.,1994
3635,VLDB,2002
3645,VLDB,1994
3651,VLDB,1998
3653,SIGMOD Conference,1999
3655,SIGMOD Conference,1999
3658,ACM Trans. Database Syst.,1997
3661,SIGMOD Record,1998
3663,VLDB J.,1998
3666,SIGMOD Conference,2000
3670,SIGMOD Conference,1995
3672,SIGMOD Record,2002
3674,SIGMOD Conference,2003
3678,VLDB J.,1996
3681,SIGMOD Record,2003
3683,SIGMOD Record,2002
3685,SIGMOD Conference,2001
3692,SIGMOD Conference,2002
3694,VLDB,2000
3696,VLDB,2002
3698,SIGMOD Record,2003
3711,SIGMOD Record,1994
3713,SIGMOD Conference,2001
3719,VLDB,2001
3725,VLDB,2001
3730,SIGMOD Record,2002
3734,SIGMOD Conference,1996
3737,VLDB,2000
3739,SIGMOD Conference,1996
3743,VLDB J.,2002
3747,VLDB J.,2001
3751,SIGMOD Record,2000
3758,SIGMOD Conference,1998
3762,VLDB,1996
3768,VLDB,1998
3771,SIGMOD Record,2001
3773,VLDB,1997
3776,VLDB,2002
3780,SIGMOD Record,1997
3783,VLDB,2002
3786,VLDB,1994
3788,SIGMOD Record,2001
3793,ACM Trans. Database Syst.,1998
3795,SIGMOD Conference,1997
3799,VLDB J.,1997
3802,SIGMOD Conference,1995
3806,SIGMOD Conference,1999
3811,SIGMOD Conference,2000
3813,SIGMOD Conference,1994
3815,VLDB J.,2002
3818,SIGMOD Record,2001
3821,SIGMOD Conference,1998
3825,SIGMOD Conference,1998
3827,SIGMOD Conference,1994
3830,VLDB,2003
3833,SIGMOD Record,2002
3835,SIGMOD Record,2002
3837,VLDB,2002
3840,VLDB,2000
3844,VLDB J.,1995
3849,SIGMOD Conference,1994
3851,VLDB,1997
3855,SIGMOD Conference,1997
3858,SIGMOD Conference,1994
3871,VLDB,2003
3877,SIGMOD Conference,1994
3880,VLDB,1998
3884,VLDB,1999
3887,VLDB,1995
3890,SIGMOD Record,1995
3897,VLDB,2003
3902,VLDB J.,2003
3905,VLDB,2001
3910,SIGMOD Conference,2001
3915,SIGMOD Conference,1995
3919,VLDB,1995
3923,SIGMOD Record,1998
3925,SIGMOD Record,1995
3927,VLDB,1999
3930,SIGMOD Conference,2002
3939,VLDB,2000
3941,SIGMOD Conference,2001
3949,VLDB J.,2000
3953,SIGMOD Record,1996
3955,VLDB,1999
3959,VLDB,2001
3961,SIGMOD Conference,2000
3966,SIGMOD Conference,1994
3968,SIGMOD Record,1995
3972,SIGMOD Record,1995
3977,SIGMOD Conference,1996
3987,VLDB,2001
3994,VLDB J.,1995
3999,SIGMOD Record,1996
4003,SIGMOD Conference,1995
4008,SIGMOD Record,2002
4010,SIGMOD Conference,1998
4012,SIGMOD Record,1994
4016,VLDB,2001
4020,VLDB,1999
4024,VLDB,2002
4028,SIGMOD Conference,1999
4032,VLDB,1998
4037,SIGMOD Conference,1998
4042,SIGMOD Conference,1995
4046,VLDB,1998
4051,VLDB J.,2002
4055,VLDB,2000
4059,SIGMOD Record,1995
4061,ACM Trans. Database Syst.,1994
4066,SIGMOD Conference,2002
4070,ACM Trans. Database Syst.,1997
4074,SIGMOD Record,2001
4082,SIGMOD Conference,2001
4085,SIGMOD Conference,1997
4088,SIGMOD Conference,1994
4091,SIGMOD Conference,1996
4094,SIGMOD Conference,2001
4097,ACM Trans. Database Syst.,1997
4103,SIGMOD Conference,1999
4106,VLDB,1995
4108,VLDB,1995
4112,SIGMOD Conference,1996
4116,VLDB,2001
4122,VLDB,1998
4126,SIGMOD Record,1994
4129,SIGMOD Conference,1998
4132,VLDB J.,1997
4135,VLDB,1998
4139,ACM Trans. Database Syst.,2001
4141,VLDB J.,1995
4147,SIGMOD Conference,1999
4149,SIGMOD Conference,1999
4151,VLDB J.,2000
4156,VLDB,2001
4160,SIGMOD Record,2003
4164,ACM Trans. Database Syst.,1999
4168,SIGMOD Conference,2001
4171,SIGMOD Conference,2003
4173,SIGMOD Record,2003
4178,SIGMOD Conference,2002
4182,SIGMOD Record,2003
4186,SIGMOD Record,2002
4188,VLDB,1997
4192,SIGMOD Conference,1998
4195,VLDB,1997
4200,SIGMOD Record,2001
4203,VLDB,2002
4207,SIGMOD Record,1999
4209,SIGMOD Record,1997
4211,SIGMOD Conference,1999
4214,VLDB,2002
4218,VLDB,2003
4221,SIGMOD Record,1996
4226,SIGMOD Conference,1996
4230,SIGMOD Conference,1995
4233,SIGMOD Record,2002
4235,SIGMOD Conference,2003
4240,VLDB,2000
4246,VLDB J.,2002
4250,SIGMOD Conference,1998
4254,SIGMOD Conference,2001
4258,ACM Trans. Database Syst.,1999
4261,SIGMOD Record,1994
4264,VLDB J.,1998
4267,VLDB,2000
4269,SIGMOD Record,2001
4271,VLDB,2000
4273,SIGMOD Conference,1994
4277,ACM Trans. Database Syst.,2003
4280,SIGMOD Record,2000
4282,SIGMOD Conference,2002
4289,SIGMOD Conference,1994
4292,SIGMOD Record,2003
4294,VLDB,2002
4297,SIGMOD Conference,1994
4301,SIGMOD Record,1996
4304,SIGMOD Record,1995
4306,SIGMOD Record,1996
4308,ACM Trans. Database Syst.,2003
4311,SIGMOD Conference,1995
4314,ACM Trans. Database Syst.,1996
4317,SIGMOD Conference,2000
4322,SIGMOD Record,1995
4324,SIGMOD Conference,1994
4327,ACM Trans. Database Syst.,1994
4331,VLDB,2003
4333,SIGMOD Conference,2002
4336,VLDB,1994
4341,VLDB,1994
4344,VLDB,1997
4347,VLDB J.,1996
4352,SIGMOD Record,1995
4354,VLDB,1996
4356,SIGMOD Record,2001
4358,SIGMOD Record,2003
4361,ACM Trans. Database Syst.,1996
4364,SIGMOD Conference,1999
4372,ACM Trans. Database Syst.,1996
4376,SIGMOD Conference,1999
4379,ACM Trans. Database Syst.,1994
4381,ACM Trans. Database Syst.,1998
4386,VLDB,2003
4391,VLDB,2001
4397,SIGMOD Conference,2000
4401,SIGMOD Conference,1998
4403,SIGMOD Record,1997
4406,SIGMOD Conference,2003
4409,SIGMOD Record,2002
4411,VLDB,1996
4416,VLDB,2003
4419,VLDB,1998
4424,SIGMOD Record,1998
4430,SIGMOD Conference,1995
4432,SIGMOD Conference,1998
4434,SIGMOD Conference,1997
4437,VLDB,1998
4439,VLDB,2003
4445,SIGMOD Conference,1995
4447,SIGMOD Conference,1999
4460,VLDB,1999
4462,VLDB,2000
4467,SIGMOD Conference,1998
4470,SIGMOD Conference,1994
4473,SIGMOD Record,1995
4483,VLDB,2002
4486,VLDB,1999
4490,SIGMOD Conference,2000
4495,SIGMOD Record,1998
4497,SIGMOD Conference,1994
4501,SIGMOD Record,2003
4512,SIGMOD Conference,1998
4515,VLDB,2002
4517,SIGMOD Record,1998
4527,SIGMOD Conference,2000
4530,VLDB,1997
4533,SIGMOD Record,1997
4535,ACM Trans. Database Syst.,2001
4539,VLDB,1996
4541,SIGMOD Conference,1995
4544,SIGMOD Record,1996
4546,SIGMOD Conference,1996
4555,VLDB J.,1996
4558,SIGMOD Conference,2002
4562,VLDB,2001
4566,SIGMOD Record,1996
4568,SIGMOD Record,2000
4573,SIGMOD Conference,2003
4579,SIGMOD Conference,2001
4583,VLDB,2002
4588,VLDB,2001
4592,SIGMOD Conference,1994
4598,SIGMOD Record,1995
4600,SIGMOD Conference,1999
4602,VLDB,1996
4607,VLDB,1999
4612,VLDB,2000
4614,SIGMOD Conference,1999
4629,ACM Trans. Database Syst.,1996
4633,VLDB,1994
4636,VLDB,1999
4643,SIGMOD Conference,2003
4646,SIGMOD Conference,1996
4650,VLDB,1994
4654,VLDB,2002
4657,SIGMOD Record,1994
4661,VLDB J.,2003
4664,VLDB,1994
4667,SIGMOD Record,1997
4669,VLDB,1997
4672,VLDB,1997
4675,SIGMOD Conference,2003
4678,SIGMOD Conference,2001
4681,SIGMOD Record,1998
4684,VLDB,1996
4686,SIGMOD Record,1995
4688,VLDB,1996
4690,VLDB J.,1996
4693,VLDB,2002
4695,SIGMOD Record,1994
4698,VLDB,1999
4701,SIGMOD Conference,2001
4706,VLDB,1999
4710,VLDB J.,1995
4713,SIGMOD Conference,2003
4716,VLDB J.,2001
4720,VLDB,1995
4722,SIGMOD Conference,1995
4725,SIGMOD Conference,1999
4727,VLDB,2002
4730,VLDB,2001
4739,VLDB J.,2000
4743,VLDB,2000
4745,SIGMOD Conference,1998
4750,SIGMOD Conference,1994
4752,SIGMOD Conference,2000
4754,ACM Trans. Database Syst.,2000
4757,VLDB,2003
4762,SIGMOD Conference,1999
4768,SIGMOD Conference,2003
4773,VLDB,2001
4779,VLDB,2001
4783,SIGMOD Record,2002
4787,VLDB,2001
4789,ACM Trans. Database Syst.,2001
4793,VLDB,2001
4798,VLDB,2002
4802,SIGMOD Conference,1994
4806,SIGMOD Record,1999
4811,SIGMOD Record,2002
4813,SIGMOD Conference,1999
4817,SIGMOD Conference,2002
4820,SIGMOD Conference,1997
4823,ACM Trans. Database Syst.,1995
4828,SIGMOD Record,1995
4830,SIGMOD Conference,2001
4833,VLDB J.,2003
4836,SIGMOD Record,1998
4840,VLDB,1994
4843,VLDB,1996
4845,VLDB,1995
4848,SIGMOD Conference,1999
4854,ACM Trans. Database Syst.,2002
4858,SIGMOD Record,2001
4864,SIGMOD Conference,2000
4867,ACM Trans. Database Syst.,1997
4872,SIGMOD Conference,2002
4879,VLDB,1995
4881,SIGMOD Record,2003
4885,VLDB,2000
4891,ACM Trans. Database Syst.,2003
4894,SIGMOD Record,1998
4897,VLDB,1998
4901,SIGMOD Record,2003
4903,SIGMOD Conference,2003
4905,VLDB,2003
4908,VLDB,1995
4913,VLDB,1996
4915,SIGMOD Record,1995
4919,VLDB,1999
4921,SIGMOD Record,2000
4926,VLDB,2000
4936,ACM Trans. Database Syst.,1999
4939,SIGMOD Conference,2002
4942,VLDB,2002
4947,ACM Trans. Database Syst.,2000
4950,VLDB,1996
4954,VLDB J.,2001
4957,SIGMOD Record,2002
4959,SIGMOD Record,1997
4963,SIGMOD Conference,1999
4965,SIGMOD Conference,2002
4969,VLDB,2003
4972,SIGMOD Record,1997
4975,SIGMOD Conference,2001
4978,SIGMOD Record,2000
4980,SIGMOD Conference,1996
4987,SIGMOD Conference,2000
4993,VLDB,1995
4997,SIGMOD Conference,1998
5001,VLDB,2002
5004,VLDB,2003
5007,SIGMOD Record,2003
5009,SIGMOD Conference,2000
5018,VLDB J.,2001
5020,SIGMOD Conference,1997
5025,VLDB,2003
5030,VLDB,1996
5032,VLDB J.,1996
5036,SIGMOD Record,2002
5040,ACM Trans. Database Syst.,1996
5045,VLDB,1997
5048,SIGMOD Conference,2003
5052,SIGMOD Conference,1994
5055,SIGMOD Conference,2002
5062,VLDB J.,2003
5068,VLDB,1994
5073,VLDB,1995
5076,SIGMOD Record,2001
5081,SIGMOD Record,2003
5085,VLDB,2001
5089,ACM Trans. Database Syst.,1994
5093,VLDB,1994
5097,SIGMOD Record,2001
5099,SIGMOD Record,1999
5103,VLDB J.,1998
5107,SIGMOD Record,2002
5117,VLDB,2003
5122,SIGMOD Conference,1996
5126,VLDB,1998
5132,SIGMOD Conference,2000
5136,SIGMOD Conference,1997
5140,VLDB J.,1995
5144,SIGMOD Record,1994
5150,SIGMOD Conference,2003
5152,VLDB,1995
5157,SIGMOD Conference,2003
5159,SIGMOD Conference,1996
5163,SIGMOD Record,1994
5173,SIGMOD Record,2003
5181,SIGMOD Record,2002
5184,SIGMOD Record,2002
5186,SIGMOD Record,1996
5188,SIGMOD Record,2003
5191,SIGMOD Record,1994
5210,SIGMOD Conference,1997
5213,SIGMOD Conference,2001
5218,VLDB,2003
5222,VLDB,2003
5224,VLDB,1994
5228,SIGMOD Conference,2001
5231,ACM Trans. Database Syst.,1997
5236,VLDB,2002
5243,VLDB J.,2002
5247,VLDB,1994
5251,SIGMOD Conference,2001
5253,VLDB,1999
5258,VLDB,1999
5260,SIGMOD Record,1999
5262,SIGMOD Record,1997
5265,VLDB,1997
5268,SIGMOD Conference,1998
5272,VLDB,1997
5275,VLDB,1994
5279,VLDB J.,2000
5282,SIGMOD Conference,2002
5284,SIGMOD Record,1999
5299,SIGMOD Conference,2003
5302,SIGMOD Record,1997
5310,ACM Trans. Database Syst.,2001
5313,ACM Trans. Database Syst.,1996
5317,VLDB,1996
5319,SIGMOD Conference,1997
5321,VLDB,1996
5326,SIGMOD Record,1997
5330,VLDB J.,2002
5342,SIGMOD Conference,1998
5344,VLDB,2001
5346,SIGMOD Record,1996
5350,SIGMOD Record,1996
5353,SIGMOD Conference,1997
5357,VLDB,1999
5361,SIGMOD Record,2003
5363,SIGMOD Conference,2003
5369,SIGMOD Conference,1998
5374,SIGMOD Record,2000
5377,VLDB,2001
5382,SIGMOD Conference,1997
5395,VLDB,1997
5400,SIGMOD Record,1996
5404,SIGMOD Record,2002
5406,ACM Trans. Database Syst.,1999
5411,SIGMOD Conference,1998
5414,SIGMOD Record,2003
5416,SIGMOD Record,2003
5421,SIGMOD Conference,1996
5424,SIGMOD Conference,2000
5426,SIGMOD Conference,1995
5428,SIGMOD Record,1999
5432,SIGMOD Conference,1997
5439,SIGMOD Conference,2000
5444,SIGMOD Conference,2002
5447,VLDB,2003
5450,VLDB,1999
5454,VLDB,2003
5458,SIGMOD Conference,2002
5463,SIGMOD Conference,1996
5472,VLDB,2002
5475,SIGMOD Conference,1994
5480,VLDB,1994
5483,VLDB J.,2000
5486,SIGMOD Record,1996
5490,VLDB,2002
5492,SIGMOD Conference,2003
5496,VLDB,2001
5502,SIGMOD Conference,2003
5507,SIGMOD Record,2001
5509,VLDB J.,1996
5515,SIGMOD Record,2003
5517,SIGMOD Conference,1997
5523,SIGMOD Conference,1998
5527,VLDB,1994
5531,SIGMOD Conference,2000
5535,VLDB J.,1997
5538,VLDB J.,2000
5543,SIGMOD Conference,1998
5546,SIGMOD Conference,2002
5551,SIGMOD Conference,1999
5553,VLDB,1994
5556,VLDB,1994
5560,VLDB,2002
5563,SIGMOD Conference,1994
5567,ACM Trans. Database Syst.,2003
5569,SIGMOD Record,2002
5574,VLDB,1997
5577,SIGMOD Record,2000
5579,SIGMOD Conference,2003
5584,SIGMOD Conference,1995
5586,ACM Trans. Database Syst.,2003
5590,SIGMOD Conference,1994
5596,VLDB,2003
5599,VLDB,1996
5601,ACM Trans. Database Syst.,1997
5605,VLDB,1995
5609,SIGMOD Record,2001
5611,SIGMOD Record,1995
5613,VLDB,2000
5616,VLDB J.,2000
5620,VLDB J.,1995
5624,SIGMOD Record,1998
5628,SIGMOD Conference,2002
5631,SIGMOD Record,1995
5633,VLDB,1999
5641,VLDB,1997
5643,SIGMOD Conference,1994
5647,VLDB,2003
5654,SIGMOD Conference,2000
5657,SIGMOD Conference,1994
5667,SIGMOD Conference,1998
5674,VLDB,2002
5677,VLDB,1994
5680,SIGMOD Record,2001
5685,SIGMOD Record,1995
5687,SIGMOD Record,1995
5691,SIGMOD Conference,2002
5695,SIGMOD Record,2003
5697,SIGMOD Conference,2001
5701,VLDB,2002
5708,SIGMOD Record,2003
5710,VLDB J.,1998
5715,VLDB,1999
5718,SIGMOD Conference,1997
5721,ACM Trans. Database Syst.,1994
5724,SIGMOD Conference,2000
5730,VLDB,2003
5734,SIGMOD Conference,2001
5741,SIGMOD Conference,1995
5744,SIGMOD Record,2003
5748,VLDB J.,2003
5752,VLDB,1995
5754,VLDB,1997
5758,SIGMOD Conference,2001
5763,SIGMOD Record,2001
5767,SIGMOD Conference,1999
5770,VLDB,1998
5774,VLDB,1996
5776,VLDB,2001
5783,SIGMOD Record,2003
5785,VLDB,2001
5796,ACM Trans. Database Syst.,1998
5801,VLDB,1998
5805,VLDB,1995
5807,SIGMOD Conference,2001
5810,ACM Trans. Database Syst.,2002
5812,VLDB,1996
5814,VLDB,2001
5818,VLDB,2002
5824,VLDB,2000
5830,SIGMOD Record,2002
5835,SIGMOD Record,1994
5837,VLDB,1999
5840,SIGMOD Conference,1996
5843,SIGMOD Conference,2001
5846,SIGMOD Conference,1997
5848,ACM Trans. Database Syst.,1995
5850,VLDB,2002
5854,VLDB,1994
5858,SIGMOD Record,2001
5862,VLDB,1994
5865,SIGMOD Conference,1997
5868,VLDB,1995
5871,VLDB J.,1996
5880,SIGMOD Record,2002
5884,SIGMOD Record,1994
5886,VLDB,2003
5890,SIGMOD Conference,1999
5894,SIGMOD Conference,1996
5899,SIGMOD Conference,1995
5906,SIGMOD Record,2003
5911,SIGMOD Record,1995
5914,VLDB,1996
5916,VLDB,2001
5918,VLDB,1998
5924,VLDB,1998
5930,SIGMOD Conference,2002
5933,VLDB,2001
5938,SIGMOD Record,1996
5942,SIGMOD Conference,1997
5945,SIGMOD Record,1994
5948,SIGMOD Conference,2002
5953,SIGMOD Conference,2003
5956,SIGMOD Record,1997
5961,VLDB,2001
5963,SIGMOD Conference,1995
5968,VLDB,2001
5971,SIGMOD Record,2003
5973,VLDB J.,2001
5977,SIGMOD Record,1994
5996,SIGMOD Conference,1997
6001,SIGMOD Record,1998
6006,VLDB,2003
6010,VLDB,1998
6013,SIGMOD Record,1995
6016,SIGMOD Conference,2001
6020,VLDB,2002
6025,SIGMOD Record,1996
6027,SIGMOD Conference,1994
6031,VLDB,1997
6033,SIGMOD Conference,1995
6036,VLDB,2000
6038,SIGMOD Record,2000
6040,VLDB,2000
6044,VLDB,2001
6048,VLDB,2001
6051,SIGMOD Conference,1996
6053,SIGMOD Record,1997
6056,VLDB,2002
6062,SIGMOD Conference,2000
6064,SIGMOD Record,1996
6066,VLDB,2003
6071,SIGMOD Record,2000
6074,VLDB,1994
6076,SIGMOD Record,1997
6079,VLDB,2001
6085,SIGMOD Record,1997
6094,ACM Trans. Database Syst.,2003
6097,VLDB J.,2002
6101,VLDB,2003
6104,VLDB,1997
6110,SIGMOD Record,2003
6112,SIGMOD Record,2003
6115,SIGMOD Record,2003
6117,SIGMOD Conference,1994
6122,VLDB J.,2001
6127,SIGMOD Record,1996
6130,VLDB J.,2003
6132,SIGMOD Record,2002
6135,SIGMOD Conference,1994
6141,ACM Trans. Database Syst.,1998
6144,VLDB,2002
6151,SIGMOD Conference,2000
6154,SIGMOD Conference,1995
6158,SIGMOD Conference,2000
6163,VLDB,2003
6166,SIGMOD Record,1999
6169,VLDB,2000
6172,SIGMOD Record,2002
6174,SIGMOD Record,1996
6176,VLDB,2001
6195,SIGMOD Record,1999
6198,ACM Trans. Database Syst.,1998
6200,SIGMOD Conference,2003
6205,VLDB,2003
6209,VLDB J.,1998
6211,SIGMOD Conference,1998
6215,VLDB,1998
6218,VLDB,2003
6225,VLDB,2001
6229,SIGMOD Record,2002
6231,SIGMOD Conference,2001
6235,SIGMOD Conference,1994
6239,SIGMOD Conference,2000
6245,SIGMOD Conference,2002
6249,VLDB,2001
6251,SIGMOD Conference,1995
6253,VLDB,1995
6255,SIGMOD Conference,2003
6266,VLDB,2000
6270,VLDB,2003
6273,SIGMOD Record,1998
6277,VLDB,2000
6283,SIGMOD Conference,1999
6286,SIGMOD Conference,1995
6290,VLDB,2003
6297,SIGMOD Record,2003
6299,SIGMOD Conference,2000
6304,SIGMOD Conference,2002
6307,SIGMOD Conference,1994
6312,VLDB,2003
6316,VLDB,2003
6318,SIGMOD Record,1995
6320,SIGMOD Conference,1996
6325,VLDB J.,2003
6331,VLDB,2002
6334,VLDB J.,1995
6339,SIGMOD Conference,2002
6341,SIGMOD Conference,2003
6345,SIGMOD Conference,2003
6350,SIGMOD Conference,1998
6354,SIGMOD Record,1997
6357,SIGMOD Conference,1995
6361,VLDB,2001
6365,SIGMOD Record,1998
6367,VLDB,1995
6370,VLDB,1995
6373,SIGMOD Record,2003
6377,VLDB J.,2000
6382,SIGMOD Conference,2000
6389,VLDB,2002
6395,VLDB,2002
6401,VLDB,2002
6405,SIGMOD Record,2002
6407,SIGMOD Conference,1996
6411,SIGMOD Record,2003
6413,VLDB,1996
6416,SIGMOD Conference,1997
6422,SIGMOD Record,1999
6425,SIGMOD Conference,1995
6428,SIGMOD Record,1994
6430,SIGMOD Record,2000
6434,VLDB J.,2003
6438,SIGMOD Conference,1994
6441,SIGMOD Record,2003
6445,SIGMOD Record,1995
6447,VLDB,1996
6450,VLDB,1996
6452,VLDB,2000
6455,SIGMOD Record,2000
6460,SIGMOD Record,2000
6465,VLDB,2000
6469,SIGMOD Conference,1994
6481,VLDB J.,1995
6484,SIGMOD Conference,2000
6487,VLDB,1997
6491,SIGMOD Conference,2002
6494,VLDB,1994
6498,VLDB,1999
6503,SIGMOD Record,2000
6507,VLDB J.,1996
6513,SIGMOD Record,2001
6516,VLDB,1998
6523,VLDB,2002
6527,SIGMOD Conference,1994
6533,SIGMOD Conference,2000
6538,ACM Trans. Database Syst.,1996
6542,VLDB,1995
6548,VLDB,2001
6551,VLDB,1999
6554,SIGMOD Conference,1995
6556,VLDB J.,1997
6561,SIGMOD Conference,1999
6568,SIGMOD Conference,2001
6572,VLDB,1999
6577,SIGMOD Conference,1999
6581,SIGMOD Conference,1999
6585,SIGMOD Record,1999
6587,VLDB,2002
6597,SIGMOD Record,2001
6601,VLDB J.,1999
6605,VLDB,2002
6607,VLDB,2000
6611,SIGMOD Conference,1998
6614,SIGMOD Conference,1998
6622,SIGMOD Conference,1996
6625,SIGMOD Record,2002
6628,SIGMOD Conference,2000
6631,VLDB,2001
6641,VLDB,2000
6648,VLDB,1994
6652,VLDB J.,2003
6662,SIGMOD Record,2002
6668,SIGMOD Record,2000
6670,SIGMOD Conference,1994
6672,SIGMOD Conference,2002
6675,ACM Trans. Database Syst.,2001
6680,SIGMOD Conference,1995
6683,ACM Trans. Database Syst.,1998
6688,SIGMOD Conference,2001
6693,SIGMOD Conference,1999
6698,SIGMOD Record,1996
6702,SIGMOD Conference,2000
6705,SIGMOD Conference,1999
6709,SIGMOD Conference,2001
6714,SIGMOD Conference,1994
6718,VLDB J.,2001
6722,SIGMOD Conference,1999
6728,SIGMOD Conference,2002
6732,SIGMOD Record,1999
6736,SIGMOD Record,1998
6738,ACM Trans. Database Syst.,1994
6742,SIGMOD Conference,2000
6747,SIGMOD Record,1994
6749,SIGMOD Record,2001
6754,VLDB,2000
6756,ACM Trans. Database Syst.,1999
6759,SIGMOD Conference,1997
6776,SIGMOD Conference,1999
6795,VLDB J.,2000
6800,VLDB,1997
6804,VLDB,2003
6809,ACM Trans. Database Syst.,1999
6812,SIGMOD Conference,1994
6814,SIGMOD Record,2001
6816,SIGMOD Record,2002
6820,SIGMOD Conference,2003
6830,SIGMOD Conference,1995
6834,VLDB,2001
6839,SIGMOD Record,1997
6843,VLDB J.,1995
6846,SIGMOD Conference,1995
6850,SIGMOD Conference,1995
6854,VLDB,1998
6861,VLDB,1996
6865,SIGMOD Conference,1996
6870,VLDB J.,2002
6873,SIGMOD Record,1996
6875,SIGMOD Record,2000
6878,VLDB,2002
6881,VLDB,2002
6884,SIGMOD Record,2002
6887,VLDB,1999
6891,VLDB,2001
6899,SIGMOD Record,2001
6903,SIGMOD Conference,1998
6906,SIGMOD Conference,2000
6911,VLDB,2003
6915,SIGMOD Conference,1999
6919,SIGMOD Conference,2001
6924,SIGMOD Record,1997
6928,VLDB,1995
6931,VLDB J.,2001
6934,VLDB,1994
6939,SIGMOD Conference,1998
6941,SIGMOD Record,1997
6944,VLDB J.,2000
6948,VLDB J.,1998
6951,VLDB J.,1994
6953,SIGMOD Conference,2003
6962,ACM Trans. Database Syst.,2000
6964,SIGMOD Conference,2002
6971,VLDB,1995
6975,SIGMOD Conference,2002
6981,VLDB J.,2001
6986,VLDB,2000
6991,SIGMOD Record,2000
6993,SIGMOD Conference,1998
6995,SIGMOD Conference,1995
6997,VLDB,1994
6999,SIGMOD Conference,1998
7004,VLDB,1998
7006,SIGMOD Conference,2003
7010,SIGMOD Record,1994
7014,SIGMOD Conference,2002
7019,SIGMOD Record,1995
7022,VLDB,2002
7025,VLDB J.,1996
7030,SIGMOD Conference,2002
7036,VLDB,2000
7039,VLDB,2000
7042,SIGMOD Conference,2000
7047,SIGMOD Conference,2000
7050,ACM Trans. Database Syst.,1997
7054,VLDB J.,1999
7058,VLDB,2003
7063,VLDB,1999
7066,VLDB,1997
7069,SIGMOD Conference,2003
7075,SIGMOD Conference,1996
7079,VLDB,2002
7083,SIGMOD Record,1999
7086,SIGMOD Conference,1994
7091,VLDB,2003
7095,VLDB,2001
7100,SIGMOD Conference,2002
7104,SIGMOD Conference,1999
7108,VLDB J.,2002
7114,SIGMOD Conference,2003
7116,SIGMOD Conference,2003
7128,VLDB,1996
7130,VLDB,1999
7133,SIGMOD Conference,2002
7138,VLDB J.,2003
7141,SIGMOD Conference,1996
7145,SIGMOD Conference,2003
7147,SIGMOD Conference,1994
7149,VLDB J.,1994
7154,SIGMOD Conference,2002
7157,VLDB,1995
7159,SIGMOD Record,1998
7163,VLDB,2000
7167,VLDB,1995
7172,SIGMOD Conference,1996
7177,SIGMOD Record,1995
7180,VLDB,1999
7184,SIGMOD Record,2000
7187,VLDB,1996
7191,SIGMOD Record,2003
7201,SIGMOD Conference,1995
7203,VLDB,1999
7206,VLDB,1994
7210,SIGMOD Record,2002
7212,SIGMOD Conference,1999
7215,SIGMOD Conference,1997
7230,SIGMOD Conference,1994
7232,VLDB,2001
7234,SIGMOD Record,1998
7236,VLDB,2003
7243,SIGMOD Conference,1999
7247,SIGMOD Record,1994
7249,VLDB,1997
7251,SIGMOD Conference,2002
7258,SIGMOD Record,2002
7262,VLDB J.,1994
7265,VLDB,1998
7275,VLDB,1994
7280,SIGMOD Record,2002
7284,VLDB,1998
7286,VLDB J.,1994
7290,SIGMOD Conference,1998
7294,VLDB,2002
7296,SIGMOD Conference,2000
7300,SIGMOD Conference,2003
7302,VLDB,1998
7306,VLDB,2002
7312,SIGMOD Conference,2000
7314,VLDB,2001
7317,ACM Trans. Database Syst.,1999
7321,SIGMOD Record,2001
7323,VLDB,2002
7326,VLDB,2000
7328,VLDB,2003
7332,SIGMOD Record,2002
7334,SIGMOD Conference,2003
7346,VLDB,1994
7349,SIGMOD Record,1994
7354,VLDB,1995
7358,VLDB,2002
7362,VLDB,1998
7365,SIGMOD Conference,2001
7370,SIGMOD Conference,1997
7374,SIGMOD Record,2002
7378,VLDB,1996
7380,VLDB,1999
7383,SIGMOD Conference,1995
7386,VLDB,1994
7389,VLDB,1999
7393,SIGMOD Conference,1996
7397,SIGMOD Conference,2003
7402,VLDB,2003
7405,SIGMOD Conference,1996
7407,SIGMOD Record,1995
7411,SIGMOD Record,2003
7418,SIGMOD Conference,2001
7422,SIGMOD Conference,1995
7426,SIGMOD Conference,2000
7431,VLDB J.,1997
7435,VLDB J.,1994
7437,SIGMOD Conference,1999
7442,SIGMOD Record,2003
7444,SIGMOD Conference,2003
7448,SIGMOD Conference,1997
7455,VLDB J.,1998
7463,SIGMOD Conference,2001
7468,SIGMOD Conference,1997
7477,SIGMOD Record,2001
7481,SIGMOD Record,1998
7483,SIGMOD Conference,2002
7487,SIGMOD Conference,1995
7489,VLDB J.,2002
7494,SIGMOD Conference,1996
7498,SIGMOD Conference,2003
7502,VLDB J.,1995
7504,VLDB,1998
7508,VLDB,2002
7510,SIGMOD Conference,1999
7513,SIGMOD Conference,2001
7517,SIGMOD Record,2002
7519,SIGMOD Record,2003
7524,VLDB,2001
7530,SIGMOD Conference,1999
7534,SIGMOD Conference,2001
7536,SIGMOD Conference,1995
7539,SIGMOD Record,2002
7541,ACM Trans. Database Syst.,2000
7549,SIGMOD Conference,1997
7553,VLDB,1994
7556,VLDB,2003
7561,VLDB,2002
7565,SIGMOD Record,1994
7567,VLDB,2001
7572,ACM Trans. Database Syst.,1994
7575,SIGMOD Conference,2001
7577,SIGMOD Conference,2003
7580,SIGMOD Conference,1995
7584,SIGMOD Record,2003
7588,SIGMOD Conference,2000
7594,VLDB J.,1994
7596,SIGMOD Record,1999
7603,SIGMOD Conference,2003
7607,SIGMOD Conference,1999
7610,VLDB,2002
7615,VLDB,1995
7618,SIGMOD Conference,2000
7626,SIGMOD Conference,2001
7630,VLDB,2001
7635,ACM Trans. Database Syst.,2003
7638,SIGMOD Record,1994
7644,VLDB,1996
7647,SIGMOD Record,1999
7649,VLDB,2000
7653,SIGMOD Conference,2003
7658,VLDB J.,1995
7662,SIGMOD Record,2001
7670,VLDB,1997
7673,SIGMOD Conference,1997
7676,VLDB,2002
7679,VLDB,1998
7683,VLDB,2003
7685,SIGMOD Record,2000
7688,VLDB,2000
7699,VLDB,1994
7704,SIGMOD Conference,2000
7708,SIGMOD Record,2000
7711,VLDB,2003
7713,SIGMOD Record,1997
7716,ACM Trans. Database Syst.,1994
7719,SIGMOD Conference,1998
7723,VLDB,1999
7726,SIGMOD Record,2002
7730,VLDB J.,1995
7732,SIGMOD Conference,1998
7736,SIGMOD Conference,2000
7742,VLDB,2002
7748,VLDB,1996
7756,VLDB,2002
7761,SIGMOD Conference,2003
7769,VLDB,2003
7772,VLDB,2001
7775,SIGMOD Record,1999
7777,SIGMOD Conference,1994
7789,VLDB,2001
7794,SIGMOD Conference,2001
7798,SIGMOD Conference,1996
7801,SIGMOD Record,1995
7805,VLDB,2002
7809,VLDB,2000
7816,SIGMOD Record,2003
7820,SIGMOD Conference,1995
7824,VLDB,1995
7827,SIGMOD Conference,2003
7829,VLDB J.,2001
7834,VLDB J.,2000
7838,VLDB,2000
7842,VLDB,1997
7850,VLDB,2000
7855,VLDB,1998
7857,VLDB,2000
7861,SIGMOD Conference,2001
7865,VLDB,2000
7871,SIGMOD Record,1997
7873,SIGMOD Record,1997
7875,SIGMOD Record,2001
7879,SIGMOD Record,2003
7884,SIGMOD Record,1997
7887,VLDB,1996
7891,VLDB J.,2001
7897,VLDB J.,2001
7901,SIGMOD Record,1994
7903,SIGMOD Conference,1996
7905,SIGMOD Record,2000
7908,ACM Trans. Database Syst.,2002
7912,SIGMOD Conference,2000
7915,SIGMOD Conference,1994
7917,SIGMOD Conference,1995
7924,VLDB J.,2003
7929,SIGMOD Record,1998
7931,VLDB,1995
7935,VLDB,1995
7938,SIGMOD Record,2003
7940,SIGMOD Conference,2003
7949,VLDB,1996
7951,VLDB,1995
7954,ACM Trans. Database Syst.,1999
7958,VLDB,1995
7962,VLDB,1999
7966,VLDB,1999
7970,VLDB,1999
7974,SIGMOD Record,1994
7976,VLDB,2000
7978,SIGMOD Record,1999
7983,VLDB J.,2002
7986,ACM Trans. Database Syst.,2003
7990,VLDB J.,2000
7995,VLDB,2001
7998,SIGMOD Conference,2002
8003,SIGMOD Record,1996
8006,VLDB,1998
8012,SIGMOD Conference,1995
8020,SIGMOD Record,1994
8022,VLDB,2000
8026,SIGMOD Conference,1999
8032,ACM Trans. Database Syst.,1997
8036,SIGMOD Record,1998
8038,VLDB,2000
8043,SIGMOD Conference,1996
8046,SIGMOD Conference,1999
8051,SIGMOD Record,2003
8053,SIGMOD Conference,2000
8056,VLDB,2001
8060,VLDB,2002
8063,SIGMOD Conference,1996
8066,SIGMOD Record,2001
8070,VLDB,2003
8075,SIGMOD Record,2003
8078,VLDB,2003
8081,VLDB,1995
8086,VLDB,1996
8090,VLDB,2001
8095,VLDB J.,1995
8098,SIGMOD Conference,1997
8101,SIGMOD Conference,1996
8104,VLDB,2000
8109,SIGMOD Conference,2002
8115,SIGMOD Conference,2002
8118,SIGMOD Record,2003
8120,ACM Trans. Database Syst.,2001
8125,SIGMOD Conference,1994
8128,SIGMOD Conference,1995
8130,VLDB J.,2001
8133,VLDB J.,1994
8135,VLDB,2003
8139,SIGMOD Conference,2001
8142,VLDB,1999
8144,SIGMOD Conference,2001
8149,SIGMOD Conference,1998
8154,VLDB,1998
8157,SIGMOD Conference,1994
8159,SIGMOD Conference,2003
8161,SIGMOD Record,2002
8163,VLDB,1994
8166,SIGMOD Conference,1995
8169,VLDB,2000
8174,VLDB,2003
8181,VLDB,2003
8188,VLDB,1996
8191,VLDB J.,2000
8195,ACM Trans. Database Syst.,1996
8198,SIGMOD Record,1994
8200,SIGMOD Conference,1999
8204,SIGMOD Record,1995
8210,VLDB,2003
8213,SIGMOD Conference,2002
8219,VLDB,2001
8222,VLDB,2003
8228,VLDB J.,1995
8231,VLDB,1994
8234,SIGMOD Record,2003
8236,VLDB J.,1994
8241,SIGMOD Record,1998
8246,SIGMOD Conference,2003
8250,SIGMOD Conference,1995
8252,SIGMOD Record,1999
8255,SIGMOD Record,2002
8257,SIGMOD Record,1996
8260,VLDB,1994
8264,SIGMOD Conference,2001
8266,VLDB,2001
8276,SIGMOD Conference,1994
8280,VLDB,1999
8284,SIGMOD Record,1998
8287,SIGMOD Record,2000
8290,SIGMOD Conference,1994
8294,VLDB,1997
8298,SIGMOD Conference,2001
8303,SIGMOD Record,1997
8306,SIGMOD Conference,2003
8309,SIGMOD Record,2000
8311,ACM Trans. Database Syst.,1995
8313,SIGMOD Conference,1996
8318,VLDB,1995
8321,VLDB,2003
8325,SIGMOD Conference,2001
8328,SIGMOD Record,2002
8331,VLDB,1994
8335,VLDB,2001
8343,VLDB,1998
8346,VLDB,2003
8350,VLDB,1999
8360,SIGMOD Conference,2002
8362,VLDB,1994
8365,SIGMOD Conference,1997
8368,SIGMOD Record,1996
8370,VLDB,1994
8373,VLDB,2001
8376,SIGMOD Record,2000
8378,SIGMOD Conference,1994
8381,SIGMOD Conference,2000
8383,VLDB,2000
8391,SIGMOD Conference,1998
8394,SIGMOD Record,2003
8397,SIGMOD Record,1995
8399,VLDB,1996
8402,VLDB,1997
8408,VLDB,1998
8412,ACM Trans. Database Syst.,1997
8415,VLDB,2002
8418,SIGMOD Conference,1999
8421,VLDB,1998
8424,VLDB J.,2002
8428,VLDB,1999
8435,VLDB,2003
8441,SIGMOD Conference,2003
8451,VLDB,1995
8454,SIGMOD Record,2003
8456,SIGMOD Record,1998
8459,VLDB,1996
8464,VLDB,2002
8467,SIGMOD Record,1995
8470,VLDB J.,2003
8474,SIGMOD Conference,2001
8480,VLDB,2003
8483,VLDB J.,2001
8485,SIGMOD Record,2003
8490,VLDB,1998
8494,VLDB,2000
8497,VLDB,2003
8507,VLDB,1997
8510,SIGMOD Record,1999
8512,VLDB,1997
8515,VLDB,1996
8517,SIGMOD Conference,1997
8524,SIGMOD Record,2000
8533,VLDB,2003
8545,SIGMOD Conference,1994
8548,VLDB J.,2000
8551,VLDB J.,1997
8553,SIGMOD Conference,2002
8558,VLDB J.,1997
8562,SIGMOD Record,2000
8564,VLDB,1998
8567,VLDB,2003
8571,SIGMOD Conference,1995
8574,VLDB,1997
8580,SIGMOD Record,1995
8582,VLDB,2002
8588,VLDB,2002
8590,SIGMOD Record,2002
8593,SIGMOD Conference,1996
8598,VLDB,2002
8602,VLDB,2002
8607,SIGMOD Conference,1995
8612,VLDB,2002
8615,SIGMOD Record,1995
8618,VLDB,2002
8624,VLDB,1999
8631,SIGMOD Conference,1995
8635,SIGMOD Record,1996
8638,SIGMOD Conference,1995
8645,VLDB,2002
8653,SIGMOD Record,2000
8656,SIGMOD Conference,1997
8661,SIGMOD Record,1996
8663,VLDB J.,1999
8666,VLDB,1999
8668,SIGMOD Record,1998
8671,VLDB,1994
8677,VLDB,1994
8681,SIGMOD Record,1999
8683,VLDB,1996
8686,VLDB,1999
8690,VLDB,1996
8692,VLDB,1998
8695,SIGMOD Conference,2002
8700,VLDB,2000
8703,SIGMOD Record,1995
8708,VLDB,1994
8711,VLDB,2001
8715,SIGMOD Record,1999
8725,SIGMOD Conference,1997
8729,VLDB,2002
8732,VLDB,2001
8739,SIGMOD Record,1995
8741,VLDB,1999
8744,VLDB,1997
8748,VLDB,1997
8755,VLDB,2001
8760,SIGMOD Record,2001
8762,VLDB J.,1998
8765,VLDB,1995
8768,SIGMOD Conference,2002
8776,VLDB,1998
8778,ACM Trans. Database Syst.,1997
8782,SIGMOD Conference,1997
8785,VLDB,1995
8789,SIGMOD Record,1995
8791,SIGMOD Conference,2001
8796,SIGMOD Conference,1997
8800,SIGMOD Record,1994
8802,SIGMOD Conference,2002
8807,VLDB,2000
8811,SIGMOD Conference,1994
8813,SIGMOD Record,2002
8817,SIGMOD Conference,1998
8819,SIGMOD Conference,1998
8822,SIGMOD Conference,1996
8826,SIGMOD Record,2003
8831,SIGMOD Conference,1999
8834,SIGMOD Record,1997
8840,VLDB,2001
8842,VLDB,2000
8846,SIGMOD Conference,2003
8849,VLDB,2002
8877,SIGMOD Conference,1996
8882,VLDB,1994
8886,VLDB,2003
8891,SIGMOD Conference,1998
8893,VLDB,2001
8896,VLDB,2001
8898,SIGMOD Conference,2000
8901,SIGMOD Conference,2003
8905,SIGMOD Record,2003
8908,SIGMOD Conference,1995
8912,SIGMOD Record,2003
8914,SIGMOD Record,2000
8917,SIGMOD Record,2003
8922,VLDB,2003
8926,VLDB,2002
8929,SIGMOD Record,2003
8931,SIGMOD Conference,1999
8936,VLDB,1995
8939,SIGMOD Record,1995
8942,SIGMOD Record,2003
8945,SIGMOD Conference,1997
8948,SIGMOD Record,2003
8952,SIGMOD Conference,2003
8958,VLDB,2000
8963,SIGMOD Conference,2001
8967,SIGMOD Record,1999
8970,VLDB J.,2002
8974,VLDB,1995
8980,SIGMOD Record,1997
8982,VLDB,2002
8986,SIGMOD Conference,2000
8989,SIGMOD Record,2002
8991,SIGMOD Conference,1995
8996,VLDB,1995
8999,VLDB,1996
9001,VLDB,2000
9003,SIGMOD Record,2003
9009,ACM Trans. Database Syst.,2002
9013,ACM Trans. Database Syst.,1999
9016,SIGMOD Conference,2000
9021,VLDB,2000
9023,SIGMOD Conference,1995
9026,VLDB,1998
9030,SIGMOD Conference,2001
9032,SIGMOD Conference,2000
9036,SIGMOD Conference,1999
9038,VLDB,2002
9044,SIGMOD Conference,2003
9049,SIGMOD Conference,2003
9053,SIGMOD Conference,1998
9056,VLDB,2001
9059,VLDB,2003
9063,VLDB,1995
9065,VLDB,2003
9067,SIGMOD Record,1994
9069,SIGMOD Conference,2001
9074,SIGMOD Conference,2002
9076,VLDB,2000
9079,SIGMOD Record,1999
9087,VLDB,2000
9096,SIGMOD Record,1996
9100,SIGMOD Record,1995
9111,VLDB,1997
9115,SIGMOD Conference,1997
9119,SIGMOD Record,1997
9124,SIGMOD Conference,1998
9128,SIGMOD Record,1997
9131,SIGMOD Record,1996
9133,VLDB,1999
9142,SIGMOD Conference,1996
9146,VLDB,2001
9149,VLDB,2003
9156,VLDB J.,2001
9167,ACM Trans. Database Syst.,2002
9171,SIGMOD Conference,1999
9176,SIGMOD Record,1999
9179,VLDB J.,2000
9182,SIGMOD Record,1999
9184,ACM Trans. Database Syst.,1996
9188,VLDB,2000
9193,VLDB,2001
9196,VLDB,1995
9201,VLDB,1996
9205,SIGMOD Record,1999
9207,SIGMOD Record,1998
9211,VLDB,2002
9216,SIGMOD Record,1996
9223,SIGMOD Conference,2001
9227,SIGMOD Conference,2003
9231,SIGMOD Conference,1995
9236,SIGMOD Conference,2003
9240,VLDB J.,1998
9244,VLDB J.,1997
9246,SIGMOD Record,1996
9248,SIGMOD Record,2001
9250,SIGMOD Conference,1998
9253,SIGMOD Record,1999
9255,SIGMOD Conference,2003
9261,SIGMOD Record,2001
9265,ACM Trans. Database Syst.,1994
9268,SIGMOD Record,1995
9270,VLDB,1995
9277,VLDB,1998
9280,VLDB,1998
9284,SIGMOD Conference,2003
9290,VLDB,2002
9292,VLDB,2002
9295,VLDB,2000
9297,SIGMOD Conference,1997
9302,VLDB J.,2003
9306,SIGMOD Conference,2003
9308,VLDB,1999
9312,VLDB,1996
9315,VLDB,2000
9319,SIGMOD Record,2001
9324,SIGMOD Conference,1999
9329,SIGMOD Conference,1997
9333,VLDB,2002
9336,VLDB,2001
9342,SIGMOD Conference,1994
9346,SIGMOD Conference,1995
9349,SIGMOD Conference,1996
9352,SIGMOD Conference,1996
9355,VLDB,1999
9357,VLDB,1994
9360,SIGMOD Conference,2002
9364,VLDB,2001
9367,ACM Trans. Database Syst.,2000
9369,SIGMOD Conference,1998
9374,VLDB,2000
9378,SIGMOD Record,1999
9380,SIGMOD Record,1996
9382,VLDB,2000
9385,ACM Trans. Database Syst.,1999
9387,SIGMOD Record,1995
9389,SIGMOD Conference,2001
9394,SIGMOD Conference,1997
9397,VLDB,2003
9402,SIGMOD Conference,1998
9405,SIGMOD Record,2003
9407,SIGMOD Conference,1999
9411,VLDB,2002
9414,ACM Trans. Database Syst.,2001
9416,VLDB,1998
9420,VLDB,2000
9426,SIGMOD Conference,1996
9436,VLDB,1995
9440,VLDB,1997
9443,SIGMOD Record,1999
9446,VLDB,1997
9450,VLDB,1997
9454,SIGMOD Record,2003
9456,SIGMOD Conference,1999
9458,VLDB,1997
9463,VLDB,1998
9469,VLDB,2003
9472,VLDB J.,1997
9475,SIGMOD Conference,1995
9477,SIGMOD Conference,1998
9482,SIGMOD Conference,1995
9485,SIGMOD Conference,2000
9490,VLDB,1994
9494,SIGMOD Record,2003
9498,VLDB,1994
9501,SIGMOD Record,1994
9505,SIGMOD Conference,2000
9514,SIGMOD Record,1998
9517,SIGMOD Record,1994
9519,VLDB,1997
9522,VLDB,2003
9524,SIGMOD Record,2000
9537,VLDB,2002
9539,SIGMOD Record,2002
9543,SIGMOD Record,2003
9547,VLDB,2001
9551,VLDB J.,1997
9554,VLDB,2003
9564,VLDB,1997
9567,SIGMOD Record,1998
9584,VLDB,1998
9587,VLDB,2002
9590,VLDB J.,1996
9593,SIGMOD Record,2003
9597,VLDB,1998
9601,VLDB,1994
9604,SIGMOD Conference,1995
9608,ACM Trans. Database Syst.,1994
9610,VLDB,1998
9614,VLDB,1999
9618,VLDB J.,2001
9623,VLDB,1994
9626,VLDB,1999
9630,SIGMOD Record,1996
9636,SIGMOD Conference,1997
9641,ACM Trans. Database Syst.,2003
9645,SIGMOD Record,2002
9648,SIGMOD Conference,1997
9655,VLDB,1997
9660,SIGMOD Record,2003
9662,SIGMOD Conference,2002
9666,SIGMOD Conference,2000
9671,VLDB,1994
9676,SIGMOD Record,1997
9680,VLDB,1999
9695,SIGMOD Record,2002
9699,VLDB J.,1995
9702,SIGMOD Conference,1994
9706,VLDB J.,1994
9710,VLDB J.,1995
9712,SIGMOD Record,1995
9715,SIGMOD Record,1999
9718,VLDB,1996
9722,VLDB,2002
9727,VLDB,1998
9729,SIGMOD Conference,1998
9731,VLDB,1998
9736,VLDB,2003
9740,ACM Trans. Database Syst.,1995
9743,SIGMOD Conference,2000
9748,SIGMOD Conference,1999
9753,SIGMOD Conference,1995
9755,SIGMOD Conference,1999
9758,ACM Trans. Database Syst.,2002
9762,SIGMOD Conference,1995
9765,VLDB,2002
9767,SIGMOD Record,1999
9770,SIGMOD Record,2001
9772,VLDB J.,1997
9777,VLDB,2003
9782,VLDB J.,1994
9784,VLDB,2003
9787,VLDB,1996
9789,VLDB J.,1999
9792,VLDB J.,2001
9800,SIGMOD Conference,1995
9802,SIGMOD Conference,2001
9808,SIGMOD Conference,1998
9811,SIGMOD Conference,1995
9814,SIGMOD Conference,2002
9819,VLDB,2002
9824,VLDB,2003
9828,ACM Trans. Database Syst.,2001
9830,VLDB,2002
9834,VLDB,1995
9840,SIGMOD Record,2000
9848,ACM Trans. Database Syst.,1997
9854,VLDB,2000
9857,VLDB,1999
9862,SIGMOD Record,1998
9868,SIGMOD Record,1996
9872,VLDB,2001
9880,SIGMOD Conference,1997
9882,SIGMOD Record,1997
9884,SIGMOD Conference,2000
9896,SIGMOD Record,1995
9898,VLDB,2002
9903,SIGMOD Record,1998
9906,SIGMOD Conference,1998
9908,SIGMOD Conference,2001
9912,SIGMOD Conference,1999
9916,SIGMOD Record,2002
9919,VLDB,1997
9922,SIGMOD Record,2000
9924,VLDB,1996
9926,VLDB,1999
9928,VLDB J.,1997
9931,VLDB,1997
9936,SIGMOD Record,2003
9938,SIGMOD Conference,1994
9940,SIGMOD Conference,1995
9942,VLDB,1999
9945,SIGMOD Conference,1995
9953,SIGMOD Conference,2000
9955,VLDB J.,2000
9960,SIGMOD Conference,1998
9963,SIGMOD Record,1994
9968,ACM Trans. Database Syst.,1997
9971,VLDB,2003
9973,SIGMOD Record,2002
9976,SIGMOD Record,2003
9978,SIGMOD Record,1999
9980,VLDB,1997
9984,VLDB J.,2003
9988,SIGMOD Conference,1999
9991,SIGMOD Conference,2001
9993,SIGMOD Record,2001
9995,VLDB,2002
9999,SIGMOD Conference,2003
10004,SIGMOD Conference,1994
10009,VLDB,2001
10012,SIGMOD Conference,1994
10018,ACM Trans. Database Syst.,2001
10023,VLDB,1995
10029,SIGMOD Record,2002
10032,VLDB,2000
10039,SIGMOD Conference,1995
10041,SIGMOD Conference,1994
10044,VLDB,1995
10049,SIGMOD Conference,2001
10054,SIGMOD Record,1999
10057,ACM Trans. Database Syst.,1995
10062,VLDB,1996
10065,VLDB,2003
10070,VLDB,2000
10073,SIGMOD Record,1999
10076,VLDB,2000
10081,SIGMOD Conference,1999
10083,ACM Trans. Database Syst.,2001
10087,VLDB J.,1995
10091,VLDB,2002
10094,SIGMOD Conference,2000
10097,VLDB,1994
10100,SIGMOD Record,1998
10103,VLDB J.,1996
10108,SIGMOD Record,2003
10111,VLDB,2003
10114,SIGMOD Record,1997
10117,SIGMOD Conference,1997
10121,SIGMOD Record,1998
10124,SIGMOD Record,1996
10126,SIGMOD Record,2003
10129,VLDB J.,2000
10131,VLDB,1995
10137,VLDB,1995
10140,VLDB,1998
10145,VLDB,1996
10147,VLDB,2002
10150,SIGMOD Record,1995
10152,VLDB,2000
10156,VLDB J.,1997
10160,VLDB,2003
10167,SIGMOD Conference,2000
10171,SIGMOD Record,2001
10179,ACM Trans. Database Syst.,2000
10183,SIGMOD Conference,2003
10186,VLDB,2003
10190,SIGMOD Conference,2003
10193,SIGMOD Record,1995
10197,SIGMOD Record,2000
10200,SIGMOD Record,1995
10203,VLDB,2002
10209,VLDB,1994
10212,VLDB J.,1997
10215,VLDB,2003
10219,SIGMOD Conference,1997
10225,SIGMOD Record,1996
10233,SIGMOD Record,1999
10237,SIGMOD Conference,1995
10241,VLDB,1997
10247,SIGMOD Conference,1997
10250,SIGMOD Conference,1997
10257,SIGMOD Record,2002
10261,VLDB,2000
10265,SIGMOD Record,1994
10267,SIGMOD Record,2001
10269,VLDB,2003
10273,SIGMOD Record,1996
10276,VLDB,2001
10278,SIGMOD Conference,2000
10281,SIGMOD Conference,1996
10294,SIGMOD Conference,2000
10297,VLDB,2000
10301,SIGMOD Conference,2002
10306,SIGMOD Record,2002
10310,VLDB,1998
10314,SIGMOD Record,2000
10316,VLDB,1997
10319,SIGMOD Record,1994
10321,SIGMOD Conference,1996
10325,VLDB,2003
10329,SIGMOD Conference,2000
10333,VLDB,1997
10336,SIGMOD Record,2002
10341,SIGMOD Record,1995
10354,ACM Trans. Database Syst.,1996
10358,VLDB,2001
10363,VLDB,2002
10368,VLDB J.,1997
10372,VLDB,1994
10375,SIGMOD Record,2001
10380,VLDB,2001
10383,SIGMOD Record,1994
10385,ACM Trans. Database Syst.,2003
10389,VLDB,2003
10393,ACM Trans. Database Syst.,2002
10398,SIGMOD Record,2001
10400,VLDB,2001
