place,name,place_type,address,area,coordinates,ended
rec-41428-dup-0,Sals Canciller,Venue,Calle Alcalde López Casero Madrid Spain,id-9413,,t
rec-24389-dup-0,Be Musiocal Productions,Studio,,rec-23187-dup-0,,f
rec-12008-dup-0,Oregon Zoo Amphiyheater,Venue,4001 SW Canyon Rd Portland OR 97221,rec-5147-dup-0,4550994112271613,f
id-43038,BONO Studio,Studio,,id-113,,f
id-3079,Lyceum Theatre,Venue,21 Wellington Street London WC2E 7RQ,id-1178,51511556011975,f
id-12373,Raintree Cafe,Venue,220 King St N Waterloo ON N2J 2Y7,id-115885,4347529180524457,f
rec-41428-dup-1,Salw Canciller,Venue,Calle Alcalde López Casero Madnd Spain,id-9413,,t
id-31048,Sound Ranger Studio,Studio,Schleebrüggenkamp 8,id-69541,,f
id-34034,Big Island,Studio,,,,f
id-31697,Herbert Place Studios,Studio,,id-9622,,f
id-34404,Threshold Recordings,Studio,,id-5782,,f
id-47052,The Firehouse,Venue,1015 N 1st St Phoenix AZ 85004,id-7731,33458065112072556,t
id-45650,Burggraben Neckarelz,Venue,Johannitergasse 2 74821 Mosbach Germany,id-69540,49341699101083,f
id-48746,The Atrium City Hall,Venue,,id-5242,520777244316833,f
id-31995,Bolic Sound,Studio,,id-22430,,f
id-16612,Mechanics Bank Theater and Convention Center,Venue,1001 Truxtun Ave Bakersfield CA 93301,id-22323,35372119013,f
id-25251,Main Stage,Venue,,id-107042,,f
id-11574,Henwood Studios,Studio,Unit 8 Oakley Wood Farm Benson,id-93564,,f
rec-9927-dup-0,Rushents Marision,Studio,,rec-221-dup-0,,f
rec-11925-dup-1,Killion Soumd,Studio,,id-39882,,f
rec-11925-dup-0,Killion Siund,Studio,,id-39882,,f
id-43205,Instituto Musical de São Paulo,Educational institution,,id-80664,,f
id-29181,Horta Hall,Venue,,id-1793,,f
id-48842,Ryemuse Sound,Studio,64 S Molton St,id-119072,515133530146862,f
id-36256,Polideportivo de la Junta de Castilla y León,Other,,id-12799,,f
rec-39071-dup-0,Ninth World Sudios,Studio,,rec-12988-dup-0,,f
id-46116,Tonengineer Studio,Studio,,,,f
id-32805,Rose Gold,,96 Morgan Ave,id-10861,,f
id-38935,Burg Abenberg,Other,Burgstraße 16 91183 Abenberg Germany,id-68705,4924329210962848,f
id-35682,The Gannon House,,,,,f
id-28069,Basilique SaintBonaventure de Lyon,Religious building,7 place des Cordeliers 69002 Lyon,id-12030,457631444836905,f
rec-17326-dup-0,Digrneskirkja,Religious building,,rec-26627-dup-0,6410778421886278,f
rec-3043-dup-0,St Michaels Churh,Religious building,South Grove Highgate London N6 7BJ United Kingdom,id-58384,515689580150416,f
id-34106,Skråen,Venue,Strandvejen 19 9000 Aalborg Danmark,id-8173,570532089911536,t
id-35049,Preah Suramarit National Theatre,Venue,,id-2625,,t
id-29495,Akins Ford Arena at The Classic Center,Indoor arena,,id-31088,,f
id-54172,USMP Studios  Hollywood,Studio,,id-39882,,f
id-57093,Hard Rock Café Dublin,Venue,12 Fleet St Temple Bar Dublin D02 NW56,id-9622,,f
id-6619,St Georgenkirche,Religious building,,id-69821,508161381254126,f
id-24550,Studio Charlot,Studio,,id-4434,,f
id-37470,Crosby Hall,,,id-1178,,t
id-42354,StudioA,Studio,,id-62241,,f
id-12651,Bug Jar,Venue,219 Monroe Ave Rochester NY 14607,id-5303,4315004477600096,f
id-871,梅田CLUB QUATTRO,Venue,〒5300051 大阪府大阪市北区太融寺町817 プラザ梅田10F,id-118630,34701773135502286,f
rec-1688-dup-0,Prolific Stuclios,Studio,Units E9E11 KG Business Centre N0rthampton NN5 7QS United Kingdom,id-7960,52252609179,f
id-7214,Soundsurfer Studios,Studio,,id-4000,,f
id-22376,Pavillón Multiusos Fontes do Sar,Indoor arena,Rúa Diego Bernal 15702 Santiago de Compostela A Coruña Spain,id-5184,428761918530752,f
id-53770,Red Barn,,,id-40602,,f
id-9574,Music Hall Center for the Performing Arts,Venue,350 Madison Street Detroit MI 48226 United States,id-5179,4233722283046111,f
id-35811,Kunsthalle Wien,Other,Museumsplatz 1 1070 Wien Austria,id-112783,4820294816357993,f
id-47824,O2 Academy Sheffield,Venue,O2 Academy Sheffield Arundel Gate Sheffield City Centre Sheffield S1 2PN,id-3934,533816021465469,f
id-46450,Caledonien Hall,Venue,Radisson Blu Caledonien Hotel Vestre Strandgate 7 4611 Kristiansand Norway,id-12389,,f
id-26277,Millersville University of Pennsylvania,Educational institution,1 S George St Millersville PA 17551 USA,id-101739,4076356,f
id-7186,Joonior Studios,Studio,,id-9655,,f
id-17376,Ocean Center,Other,101 N Atlantic Ave Daytona Beach FL 321184203,id-22844,292287810106,f
id-15159,WFMU,Studio,,id-66426,407886742556,f
id-18716,Brooklands Road Studio,Studio,,id-1178,,f
id-5178,Rainbow Studios,Studio,,id-7710,,f
id-49272,Salinas Studio,Studio,,id-99547,,f
id-15152,Bohemian Grove,,6664 Grove St,id-10861,,f
id-28882,Ulyd studio,Studio,,,,f
id-33866,Click,Venue,,id-7707,,f
id-6531,東京体育館,Indoor arena,〒1510051 東京都渋谷区千駄ヶ谷1171,id-116887,356797221397125,f
id-6530,Mann Center for the Performing Arts,Venue,5201 Parkside Avenue Fairmount Park Philadelphia PA 19131,id-7707,399831752228,f
id-4228,Southminster United Church,Religious building,15 Aylmer Avenue,id-5107,453954475685268,f
id-22927,Gods Butt,,,,,f
id-34810,BBC Radio 2 Studios,Studio,,id-1178,,f
rec-36566-dup-0,P0lydorStudio München,Studio,,id-7710,,f
id-17019,BankPlus Amphitheatre at Snowden Grove,Venue,6285 Snowden Ln Southaven MS 38672,id-23072,3495111189933889,f
id-13533,Palco Street Dance,Venue,,id-5161,,f
id-31645,Multi Media Masters,Studio,,id-203,,f
id-29838,Wyspa Słodowa,Other,,id-5104,5111600417037703,f
id-21433,청음 Studio,Studio,,id-113,,f
id-16873,Bixby Music Exchange,,,id-27657,,f
id-47228,High Hold Studio,Studio,,id-434,,f
rec-3253-dup-0,La Chkapelle des Lombards,Venue,14 rue des Lombards 75004 Paris Feance,id-4434,488591962349734,t
id-4867,Mad Dog Studios,Studio,293 S Lake St Burbank CA 91502,id-10971,3417411183129,t
id-50485,∠Rスタジオ,Studio,,id-107,,f
id-40205,KFJC,,,id-82351,3736111221284,f
id-17198,The Showcase,Venue,,id-106178,,f
id-15386,CineStar Garbsen,,Rathauspl 2 30823 Garbsen Germany,id-69096,,f
rec-18716-dup-0,Brooklands Road Sudio,Studio,,id-1178,,f
id-22998,Lounge Ax,Venue,2438 N Lincoln Avenue Chicago IL 60614,id-5099,,t
rec-18510-dup-1,M4I,Studio,,,,f
id-18447,Apple Store Rosenstraße,Other,Rosenstraße 1 80331 München,id-7710,48136831157456,f
id-18877,Ocean Sound,Studio,,,,f
id-15207,Waterfall Studios,Studio,,id-358,,f
id-48369,Spot X,Studio,,id-7295,,f
id-2003,Trancentral,Studio,55 Jeffreys Road Stockwell London,id-64334,51471407012822,f
rec-39430-dup-0,Kostel Matkv Boží před Týnem,Religious building,,id-1805,5008771144227,f
id-5816,St Lawrence,Other,Cannons Park Edgware,id-1178,,f
id-46521,Parkhill Studios,Studio,,id-115961,,f
id-53492,The Jungle,Studio,,id-160,,f
id-22109,McDonald Theatre,Venue,1010 Willamette St Eugene OR 97401,id-45171,4404851512309306,f
rec-33696-dup-0,Studip KOLKHOLZ,Studio,,,,f
id-9096,The Funkmosphere Lab,Studio,,id-7703,,f
id-47641,SL Sound Studio,Studio,,id-5110,,f
id-53498,Le Mobile,Studio,,id-73,,f
id-14009,Union Street Studios,Studio,,id-5236,,f
rec-40333-dup-1,Presbyterian Church of Moung Kisco,Religious building,,id-90926,412072737458,f
id-29995,MRA Arena,Indoor arena,,id-3926,,f
id-25512,Newtown Community  Cultural Centre,,Cnr Rintoul  Colombo Sts Newtown Wellington New Zealand,id-31090,41312514174778785,f
id-8440,Zona the Intolerancia Studios,Studio,,id-138,,f
id-56809,Angel Sound Studios,Studio,,id-9279,,f
rec-12373-dup-0,Rajntree Cafe,Venue,220 King St NWaterloo ON N2J 2Y7,id-115885,4347529180524457,f
rec-9801-dup-0,주예당 Studoo,Studio,,id-113,,f
id-13666,Maison de la culture dAmiens,Venue,2 Place Léon Gontier CS 60631 80006 Amiens cedex 1,id-68614,4989409229168,f
id-36566,PolydorStudio München,Studio,,id-7710,,f
rec-10731-dup-1,Evil Genius Revords,Venue,Adelaide Road Wellington New Zealsnd,id-4879,,f
id-4724,The Bubble,Studio,,id-5196,,f
id-28348,Muzej suvremene umjetnosti,Venue,Avenija Dubrovnik 17 10000 Zagreb,id-1872,457788159818,f
id-41428,Sala Canciller,Venue,Calle Alcalde López Casero Madrid Spain,id-9413,,t
id-12346,First United Methodist Church,Religious building,,id-5241,415018918166699,f
rec-42285-dup-0,Wicked Wahind,,,id-273,,f
rec-42285-dup-1,Wicked Wahnine,,,id-273,,f
id-24852,808sounds,Studio,,,,f
id-42678,Gyllenbergsalen,,,id-7713,601791249222,f
id-16016,Guelph Lake Island,Other,7743 Conservation Rd Guelph ON N1H 6J1,id-68698,4359676480243612,f
id-39876,Chiesa di San Francesco,Religious building,Via F Baratto 36015 Schio VI Italy,id-18717,457183113581,f
id-18474,Wooden Digital,,,,,f
rec-31209-dup-0,Säälchen,Venue,Holzmarktstraße 25 10253 Berlin,rec-326-dup-0,5251140913427082,f
id-18477,Acyclic Systems,Studio,,,,f
id-18479,Styrene Studios,,,,,f
id-19497,Japanese Academy,,,,,f
id-13692,Bojangles,Venue,2000 K St Sacramento CA 95811,id-7328,385753612148023,f
rec-39855-dup-0,New York Militarv Academy,Educational institution,78 Academy Ave Cornwa|lOnHudson New York 12520 United States,id-118831,,f
id-20775,Born to Boogie Studios,Studio,,,,f
id-39687,All Platinum Studio,Studio,,id-43994,,f
id-24216,Rock  Roll Hotel,Venue,1353 H St NE Washington DC 20002,id-269,3890005176986575,f
id-31946,Pevnost Josefov,Other,,id-118133,5033927815930222,f
id-31941,Essex University,Educational institution,Wivenhoe Park Colchester,id-8258,518773260948708,f
id-21270,Uneven Studio,Studio,,id-5197,,f
id-36327,Microphonic Mastering,Studio,77 13th Ave NE Minneapolis MN 55413,id-5239,4500088193254967,f
id-28234,Studio 38,Studio,Getinge,id-481,,f
id-17332,Sugarfoot Mastering,Studio,,id-5152,,f
id-26236,Amazing Grace Night Club,Venue,,id-5757,,f
id-54314,Подвал приёмной комиссии МГИМО,Studio,Москва НиколоЩаповский переулок,id-2429,,f
id-46413,VL Studios,,,id-22375,,f
id-27326,Théâtre du Vaudeville,Venue,,id-4434,48871252333611,t
id-28339,StudioPh,Studio,,,,f
id-1487,Ocean View Digital Mastering,Studio,4750 Rhapsody Dr Oak Park CA,id-266,34171677118786253,t
id-12911,Pensacola Bay Center,Indoor arena,201 E Gregory St Pensacola FL 32502,id-24566,3041648587209372,f
rec-29495-dup-0,Akins Ford Arena at The Clssic Center,Indoor arena,,rec-31088-dup-0,,f
id-15613,The Neck,Other,,id-13,,f
id-32441,Brooklyn Bowl,Venue,61 Wythe Ave Brooklyn NY 11249,id-115611,407218873957424,f
rec-2483-dup-0,Dipol,Other,Otakaari 24 FI02150 Espoo Finland,rec-9607-dup-0,6018519824832174,f
id-43189,dada,Venue,Гороховая улица 47,id-2450,5992754830323238,t
id-5212,Radio Suisse Romande,,,id-23037,,f
id-50098,Other Music,Venue,15 E 4th Street New York NY 10003,id-7020,40727917399314,t
rec-12321-dup-0,Rathsgymnasium Wolfsbufg,,,rec-8908-dup-0,,f
rec-12321-dup-1,Rathsgymnasiym Wolfsburg,,,rec-8908-dup-0,,f
id-843,cube garden,,北海道札幌市中央区 北2条東3丁目25,id-11712,43065039141360129,f
id-25859,Studio 91,Studio,,id-117401,,f
id-7714,Laboratorio Soyuz,Studio,,id-194,,f
id-5582,Astoriasali,Venue,Iso Roobertinkatu 14 FI00120 Helsinki Finland,id-7713,6016350324942328,f
id-1058,Twilight Hall Studios,Studio,GrefrathOedt Germany,id-72200,,f
id-7497,Rogers Centre,Stadium,One Blue Jays Way Toronto Ontario Canada M5V 1J3,id-5076,4364138979389167,f
id-37960,Coldwater Studios,Studio,,id-7703,,f
id-39256,The Sultan Room,,234 Starr St,id-10861,,f
id-22314,Space Velio,Studio,,id-397,,f
id-46700,The Jaffa Cake,Venue,28 Kings Stables Road Edinburgh EH1 2JY,id-3822,559484823203925,t
id-32627,Bobtale Studio,Studio,,id-68706,,f
id-32621,Bright Lights Studios,Studio,,id-23641,,f
id-28338,Golden Room Copacabana Palace Hotel,Venue,,id-5161,,f
id-20176,An Club,Venue,Σολωμου 1315 Εξάρχεια 10682 Athens Greece,id-12762,3798644723733392,f
id-33616,Masrah Al Madina Theatre,Venue,,id-21729,,f
id-1491,Queen Elizabeth Stadium,Indoor arena,18 Oi Kwan Road Wan Chai Hong Kong,id-118123,22275114178611,f
id-22130,Apollo Stage,Venue,,id-11117,,f
id-10365,April Base,Studio,,id-94156,,f
rec-28655-dup-0,Eventhusetc0m,Venue,Vretensborgsvägen 5 12630 Hägersten Stockholms Län Sweden,rec-5114-dup-0,592991418017704,f
id-23950,Spider Formation,Studio,,id-5099,,f
id-42924,Mountview Academy of Theatre Arts,Educational institution,120 Peckham Hill St Peckham London SE15 5JT,id-88222,51594301133,f
id-42421,Arts  Communication Center Music Hall,Venue,,id-84067,,f
id-51574,Robert Samut Hall,Venue,,id-961,358918145032,f
id-13566,FranzAlthoffBau,Venue,,id-7948,,f
id-51570,Straight Theater,Venue,1702 Haight St,id-7022,37769773122450603,t
id-44706,Konk Klub,Venue,HermannMendeStraße 1 D01099 Dresden,id-7291,5108708313764583,f
id-37710,Rumor Mill Recording,Studio,,id-100940,,f
id-28661,Santuario di San Bernardino,Religious building,,id-13310,45492796407,f
rec-1380-dup-0,Johanmeskirche,Religious building,Kircrhstraße 9 31832 Springe,id-69946,522158579625313,f
id-2167,The Wamdue Room,Studio,,id-5210,,f
id-31209,Säälchen,Venue,Holzmarktstraße 25 10243 Berlin,id-326,5251140913427082,f
id-22551,Domination Studio,Studio,,id-2159,,f
id-2714,Barrowland Ballroom,Venue,244 Gallowgate Glasgow Scotland,id-3855,558550614236807,f
id-33538,Sössd Nix Studio,Studio,,,,f
id-32716,Lansdowne Hotel,Venue,26 City Road Chippendale NSW 2008 Australia,id-5126,33884794151194885,f
id-38954,Thorns Facilities,,,,,f
id-49454,Na Cena Studio,Studio,,id-643,,f
id-52957,Lunar Cabaret,Venue,,id-5099,,f
rec-23729-dup-1,Bramham Prk,Other,Bramham Park Wetherb6 West Yorkshire LS23 6ND,id-116862,538702781380278,f
id-10500,Sunswept Studios,Studio,,id-7703,,f
id-39430,Kostel Matky Boží před Týnem,Religious building,,id-1805,5008771144227,f
id-49452,Furuheim,,,id-12336,,f
id-26345,The Boardwalk,Venue,,id-60189,,f
id-22043,Eagle Oaks Golf  Country Club,Other,20 Shore Oaks Dr Farmingdale NJ 07727 United States,id-115443,,f
id-19458,Mountain Winery,Other,14831 Pierce Rd Saratoga CA 95070,id-23910,37260372122064936,f
id-52210,The Porter,Venue,15A George St Bath England United Kingdom,id-15556,,f
id-18435,The Pit,Studio,,id-30644,,f
id-48198,Rotund Rascal,Studio,,id-115610,,t
id-54747,ДК Сибтекстильмаш,Venue,630071 ул Забалуева 47,id-5082,5498722282813611,f
id-14814,Stafford Township Arts Center,Venue,1000 McKinley Ave Manahawkin NJ 08050,id-102372,,f
id-45641,Schwabinger Bräu,Venue,Leopoldstraße 82 80802 München Germany,id-7710,4816122115865,t
id-14039,Revolution Bar  Music Hall,Venue,140 Merrick Rd Amityville NY 11701,id-87946,4067126173419026,t
id-47730,Soundworks Recording Studio,Studio,3801 23rd Avenue 303 Astoria Queens New York,id-67440,,f
id-42285,Wicked Wahine,,,id-273,,f
id-7107,A Secret Location,Studio,Christmas Street Melbourne 3000,id-5121,,f
id-11563,Grünspan,Venue,Große Freiheit 58 22767 Hamburg Germany,id-331,535518269958052,f
id-56382,Hard Rock Café Los Angeles,Venue,8600 Beverly Blvd at the Beverly Center,id-7703,,t
id-48176,Olimpo,Venue,Av Vicente de Carvalho1450 Vila da Penha 21210154 Rio de Janeiro RJ Brazil,id-5161,2284234243299167,t
id-11203,First Unitarian Church,Religious building,2125 Chestnut St Philadelphia Pennsylvania,id-7707,39952122751766,f
id-48581,Musikhochschule Biel,,,,,f
rec-53492-dup-1,The ungle,Studio,,id-160,,f
id-52922,RSA,,,,,f
id-33394,The Apiary,Studio,,id-67590,,f
id-25094,Long Beach City College,Educational institution,,id-7324,33834167118135556,f
id-33015,DQ Studios,Studio,,id-71662,,f
id-24868,Teatro del Estado,Venue,Boulevard Adolfo López Mateos 1112 Conjunto Urbano Caliss 21150 Mexicali BC Mexiko,id-87960,32654812115474565,f
id-31475,La Marée,Venue,,id-7281,,t
id-16513,KCE東京Aスタジオ,Studio,,id-397,,f
id-45036,Recombination Labs,Studio,,id-295,,f
id-56845,Kulturcafé der Uni Mainz,Venue,JohannJoachimBecherWeg 5 55128 Mainz Germany,id-8854,499941868245289,f
rec-49452-dup-0,Furuhrim,,,rec-12336-dup-0,,f
id-52549,Big Mamas Recording Studio,Studio,,id-7707,,f
id-52547,Elliott Bay Recording Company,Studio,932 12th Ave Seattle WA 98122,id-9655,,f
id-3230,Cubeaudio Studios,Studio,Obere Straße 25 37124 Rosdorf,id-71954,515026679895693,f
id-50560,Alvic Studios,Studio,Wimbledon,id-67482,,f
id-24389,Be Musical Productions,Studio,,id-23187,,f
rec-6619-dup-0,St Georenkirche,Religious building,,id-69821,508161381254126,f
id-55166,Reid Brody Studio,Studio,,id-5099,,f
rec-51310-dup-0,Nugget Events C3nter,Venue,,id-81685,,f
id-50765,First National Bank Arena,Indoor arena,217 Olympic Dr Jonesboro AR 72401,id-5331,3584542290670319,f
id-32571,Sound Circle Studio,Studio,,,,f
id-7290,Pain in the Art Studios,Studio,,id-5213,,f
id-12928,Mid‐South Coliseum,Indoor arena,996 Early Maxwell Blvd Memphis TN 38104,id-7729,3511634189980835,t
id-33496,Embeat,Studio,,id-81,,f
id-19244,House of Culture Vltavská,Venue,,id-1805,,f
rec-47271-dup-0,St Ceci1ia,Religious building,,id-5179,,f
id-4622,MasterMix,Studio,1921 Division St Nashville TN 37203,id-5213,361491798679743,f
rec-47271-dup-1,St Ceilia,Religious building,,id-5179,,f
rec-50905-dup-0,Locarion B,,,,,f
rec-14744-dup-0,Musik Galer'le,Venue,,id-70043,,f
id-21778,Online Mixing Studio,Studio,,id-7289,,f
rec-44243-dup-0,Châteaude Méridon,,,id-53025,486923492033587,f
rec-44243-dup-1,Château hde Méridon,,,id-53025,486923492033587,f
id-30785,Soundlodge Studio,Studio,,id-81,,f
id-36666,Laura Secord Secondary School,Educational institution,,id-23204,,f
rec-37470-dup-0,Crosby Halj,,,id-1178,,t
id-39107,Two States Audio,Studio,,id-5099,,f
id-2752,MECCA,Other,,id-12057,,t
id-49174,Studio 54,Studio,Berlin Hohenzollerndamm 54,id-81,5248162513289115,f
id-36109,Psyrus Studio,Studio,,,,f
id-11757,Severn Studios,Studio,,id-102118,,f
id-32617,卜公碼頭,Other,Central Hong Kong,id-96,2228261141583,t
rec-18458-dup-0,Judys Velvet Loinge,Venue,777 River City Casirio Blvd St Louis MO 63125,id-7952,385308902645,f
id-40351,Zénith de Dijon,Venue,Rue de Colchide  21000 Dijon  France,id-67890,473552825058136,f
rec-9807-dup-0,Studio Quatre Cheins,Studio,22 Ruw Cartier Bresson,id-68553,48903252395776,f
id-47075,Mountain of Light Studio,Studio,,id-1178,,f
rec-9807-dup-1,Studio Quatre Chernins,Studio,22 Rve Cartier Bresson,id-68553,48903252395776,f
id-25691,St Marys Hall Auditorium Theatre,Venue,,id-118016,,f
rec-40333-dup-0,Presbyterian Church od Mount Kisco,Religious building,,id-90926,412072737458,f
id-49253,Соль,Venue,Профсоюзная ул 22 Казань 420111,id-86219,5579133849115922,f
id-37182,Blind Faith Recording Studio,Studio,Pigneto Rome,id-5060,,f
id-23848,Reanimator,Studio,Appelstraat 19 2140 Borgerhout Belgium,id-116160,512132534440806,f
id-16464,Peace Music,Studio,,id-397,,f
rec-40475-dup-1,Mixroom Stud'los,Studio,,id-9413,,f
id-4121,Park Lane Studios,Studio,,id-3855,558324884277502,t
id-12453,Palácio das Artes,Venue,,id-5274,,f
id-48576,Seminar Bern Musematt,,,,,f
id-30536,St Catharines College Cambridge,Educational institution,St Catharines College Cambridge CB2 1RL UK,id-7307,5220301169,f
id-34472,DangStudios,Studio,,id-22162,,f
id-51217,スタジオ サウンドバレイ,Studio,,,,f
id-51216,Crossroads Garage,Venue,,id-23707,,f
id-51963,Studio 19,Studio,,id-202,,f
id-41223,Tropen institute,Educational institution,Mauritskade 63 Amsterdam The Netherlands,id-7706,523626924922517,f
rec-24028-dup-0,TMMP Stueios,Studio,,id-1178,,f
id-28655,Eventhusetcom,Venue,Vretensborgsvägen 5 12630 Hägersten Stockholms Län Sweden,id-5114,592991418017704,f
rec-35027-dup-0,Calibrated Rcording,Studio,,rec-5303-dup-0,,f
id-10731,Evil Genius Records,Venue,Adelaide Road Wellington New Zealand,id-4879,,f
id-30712,HiBPM Studio,,,,,f
id-30306,St Elisabeth,Religious building,Obere Sandstraße 29 96049,id-23723,4989275610883094,f
rec-35027-dup-1,Calirated Recording,Studio,,rec-5303-dup-0,,f
id-46926,Place de la Gare,Other,Place de la Gare 59000 Lille,id-12084,506366133069651,f
id-46257,Mottow Soundz Studio,Studio,,,,f
id-4886,SHINJUKU LIQUIDROOM,Venue,〒1600021 東京都新宿区歌舞伎町1201,id-116767,35695843139701491,t
id-25443,DNA Studios,Studio,,id-7279,,f
rec-38954-dup-0,Thorns Fac:lities,,,,,f
rec-13516-dup-0,JOEeV,Other,Lindenstraße 4 4s739 OerErkenschwick,id-69661,516284287260831,f
id-39404,Iolani Schools Seto Hall,Educational institution,,id-5193,21284646157824579,f
id-47104,Studio Schulte,Studio,,,,f
id-38815,Studio Brasan,Studio,,,,f
id-4759,Vilnius Recording Studio,Studio,,id-13235,,f
id-44485,Victorian College of the Arts,Educational institution,,id-5121,3782481449702,f
id-18510,M4II,Studio,,,,f
id-3015,Coliseu dos Recreios,Venue,Rua Portas de Santo Antão 96 1150269,id-5062,387167339140175,f
id-21681,Lydetaten,Studio,,id-160,,f
rec-17376-dup-1,Ocean Centrr,Other,101 N Atlantic Ave Daytona Beach FL 321184203,rec-22844-dup-0,292287810106,f
rec-17376-dup-0,Ocean Ceenter,Other,101 N Atlantic Ave Daytona Beach FL 321184203,rec-22844-dup-0,292287810106,f
rec-22998-dup-0,Loungr Ax,Venue,2438 N Lincon Avenue Chicago IL 60614,id-5099,,t
id-6254,T T G Recording Studios,Studio,,id-7703,,f
id-14292,TOM·TOM STUDIO,Studio,〒1500011 東京都渋谷区東31419,id-116890,35651323139707295,t
id-1225,KAUE,Venue,Wilhelminenstraße 176 45881 Gelsenkirchen,id-23737,515175397068581,f
rec-50236-dup-0,Sonic Highway5 Studio,Studio,,,,f
rec-10444-dup-0,Pomeranian Phlharmonic Hall,Venue,,id-5279,,f
rec-10444-dup-1,Pomeranian Philharmonicp Hall,Venue,,id-5279,,f
rec-41223-dup-1,Tropen iristitute,Educational institution,Mauritskade 63 Amsterdam The Netherlands,id-7706,523626924922517,f
rec-41223-dup-0,Tropen 9nstitute,Educational institution,Maurltskade 63 Amsterdam The Netherlands,id-7706,523626924922517,f
rec-43038-dup-0,BONO Stydio,Studio,,id-113,,f
rec-17450-dup-0,YAD Musipc,Studio,,id-4434,,f
rec-38749-dup-0,Budahegyvidéki Evabgélikus Egyházközség,Religious building,,id-721,474989190213,f
id-22009,JC Arthur Satàns parents,,,,,f
id-47851,Thoshiba EMI Mixdown Room,Studio,,,,f
rec-10145-dup-0,The Lightgouse Theatre,Venue,247 Maih St,id-88625,4278604680203093,f
id-46078,Synchestra Studios,Studio,,id-7731,,f
id-45971,Capella,Venue,Лиговский пр дом 50 корпус 16,id-2450,599355333036554,f
id-3575,Le Réservoir,Venue,16 rue de la Forge Royale 75011 Paris France,id-4434,488514472380528,f
id-54317,New Langton Arts,Venue,1246 Folsom St San Francisco CA 94103 United States,id-7022,377746122410999,t
id-2483,Dipoli,Other,Otakaari 24 FI02150 Espoo Finland,id-9607,6018519824832174,f
id-46174,Stagges Hotel,Venue,,id-69685,,f
id-17326,Digraneskirkja,Religious building,,id-26627,6410778421886278,f
id-36507,Inouïe,,,id-4434,,f
id-42111,Friedenskirche,Religious building,,id-8852,5240096613043411,f
id-57055,دار الآثار الإسلامية,Venue,9X965XV، The corner of Arabian Gulf Road and alShuhada Street across the road from Youm alBahaar by the National Assembly Parliament building، Kuwait City,id-105924,29368479624,f
id-21868,LT Club,Venue,Tiergartenallee 12 18059 Rostock,id-5127,5408046412102529,f
id-40333,Presbyterian Church of Mount Kisco,Religious building,,id-90926,412072737458,f
id-39794,DLR Studio,Studio,,id-271,,f
id-18039,The Attic,Venue,170 High Street Cheltenham,id-29508,519007522074432,t
rec-28148-dup-0,Mayb4rry PCH,Studio,,id-5283,,f
rec-28148-dup-1,Mayberey PCH,Studio,,id-5283,,f
id-18030,Musical Instrument Museum,Other,Montagne de la CourHofberg 2 B1000,id-1793,508428364358831,f
rec-28338-dup-0,Golden Room Copacabana Palace Hotel,Venue,,id-5161,,f
rec-32617-dup-0,卜公碼頭,Other,Central Hongl Kong,rec-96-dup-0,2228261141583,t
rec-43205-dup-0,Instituto Musical de São Paul0,Educational institution,,id-80664,,f
id-45553,dada,Venue,Московский проспект 1093 СанктПетербург,id-2450,598901130317271,f
rec-40475-dup-0,Mixroomo Studios,Studio,,id-9413,,f
id-55575,Round the Bend Recording,,Dartmoor,id-3836,,f
id-20698,Erock Studio,Studio,,,,f
id-17219,Track Farm,,,,,f
id-26055,Kendall Hall,Venue,,id-118012,,f
id-43291,Nurmijärven musiikkiopisto,Educational institution,Keskustie 6 FI01900 Nurmijärvi Finland,id-12047,,f
id-1688,Prolific Studios,Studio,Units E9E11 KG Business Centre Northampton NN5 7QS United Kingdom,id-7960,52252609179,f
id-54408,Boxwood Studios,Studio,,,,f
id-47456,Ballyhoo Studio,Studio,,id-7705,,f
rec-25443-dup-0,DNA Stufios,Studio,,id-7279,,f
id-15953,Fast Forward Studios,Studio,,id-653,,f
id-28395,Museum of Arts and Design,Other,2 Columbus Circle New York NY 10019,id-10862,40767573981944,f
id-19516,Ricoh Arena,Stadium,Phoenix Way Rowleys Green Coventry England CV6 6GE,id-3917,524480561495556,f
id-11925,Killion Sound,Studio,,id-39882,,f
id-19814,The Manor Mobile,Studio,,id-221,,f
id-38724,St Pauls Lutheran Church,Religious building,4900 Connecticut Ave NW Washington DC 20008,id-269,389537577070432,f
id-49624,North Farmington High School,Educational institution,32900 West 13 Mile Road Farmington Hills Michigan 48334 United States,id-22959,4251683376,f
id-28565,Pollack Hall,Venue,555 Sherbrooke Street West Montreal Quebec Canada H3A 1E3,id-118880,4550574973573358,f
id-8276,St Jean Baptiste,Religious building,,id-47778,,f
id-34876,Upside Down Studio,Studio,8512 Santa Monica Blvd Los Angeles CA,id-7703,,f
id-31584,The Basement,Venue,Marsh Street Hanley StokeonTrent ST1 1JA,id-90855,53024055218058,f
id-13553,Thalia Kino,Venue,Görlitzer Straße 6 01099 Dresden,id-7291,5106682313754261,f
rec-34810-dup-0,BBC Radio 23 Studios,Studio,,id-1178,,f
rec-50098-dup-0,Other usic,Venue,15 E 4th Streer New York NY 10003,id-7020,40727917399314,t
id-51310,Nugget Events Center,Venue,,id-81685,,f
id-25622,National Guard Armory,Other,Ocean Avenue Long Branch NJ USA,id-28034,,f
id-5687,Spock Studio,Studio,,,,f
id-4844,Nemo Studios,Studio,,id-1178,,t
id-11477,Cole Rehearsal Studios,Studio,,id-39882,,f
rec-54172-dup-0,USMP Studios  Holywood,Studio,,id-39882,,f
rec-54172-dup-1,USMP Sturios  Hollywood,Studio,,id-39882,,f
id-53274,Ardingly Studio,Studio,,id-3848,,f
id-28814,AB Recorders,,,id-7731,,f
id-32316,Sandkvie Studio,Studio,,id-35063,,f
rec-41316-dup-0,WoPRB,Studio,WPRB PO Box 388 sPrinceton NJ 08542 USA,id-44467,,f
id-17450,YAD Music,Studio,,id-4434,,f
id-14153,Finsbury Park,Park,Endymion Rd London N4 1EE,id-3887,51571201009,f
rec-25082-dup-0,Espace Culture Saint Anclre,,,id-68600,,f
rec-24028-dup-1,TMMP Stuclios,Studio,,id-1178,,f
id-48918,Pacific Spirit United Church,Religious building,2195 W 45th Avenue Vancouver BC V6M 2J2,id-5212,,f
id-27282,Auditorium Matteo dAcquasparta,Venue,,id-8169,426933125456,f
id-1050,Kleiner Konzertsaal,Venue,Rosenheimer Straße 5 81667 München,id-7710,481313211590463,f
id-2930,Neuwerkskirche,Religious building,Klostergang 3 99084,id-8851,5097232911025019,f
id-23932,Château des Chats II,Studio,,id-22399,,f
id-1825,Avicii Arena,Indoor arena,Globentorget 2 121 27 Stockholm Sweden,id-115834,5929355618083236,f
id-34819,Norwegian Jade Bliss,Venue,,id-10422,,f
rec-18877-dup-0,Ocean Soind,Studio,,,,f
id-16905,Luna Mixing Room,,,,,f
id-8487,Brisbane Entertainment Centre,Indoor arena,Melaleuca Drive Boondall Queensland 4034 Australia,id-117103,27342222153071111,f
rec-8163-dup-0,Nezlobin Tjeatre,Venue,,id-2429,,f
id-41316,WPRB,Studio,WPRB PO Box 388 Princeton NJ 08542 USA,id-44467,,f
id-51951,The Bridge,Venue,,id-80914,,f
id-1380,Johanneskirche,Religious building,Kirchstraße 9 31832 Springe,id-69946,522158579625313,f
id-41256,Église SaintAndré,Religious building,35 Avenue Jean Jaurès,id-68605,492591674041389,f
id-27879,Prague,Venue,422 Congress Ave Ste B Austin TX 78701,id-5196,3026704197743522,t
rec-12373-dup-1,Raimtree Cafe,Venue,220 Kin St N Waterloo ON N2J 2Y7,id-115885,4347529180524457,f
id-49213,Ukonx Studio,Studio,,,,f
id-46850,Stadthausgalerie Münster,Venue,,id-5131,,f
id-52384,Andys Bar,Venue,122 N Locust St Denton TX 76201,id-22162,332154219713216,f
id-39290,Studio B Hayes Middlesex,Studio,,id-88668,,f
rec-36566-dup-1,PolydorSatudio München,Studio,,id-7710,,f
rec-17019-dup-0,BankPlus Amphitbeatre at Snowden Grove,Venue,6285 Snowden Ln Southaven MS 38672,rec-23072-dup-0,3495111189933889,f
id-46130,Alpana Tonstudio,Studio,,,,f
id-25082,Espace Culture Saint Andre,,,id-68600,,f
id-46135,ICIS Duplicating,Other,,id-29508,,f
id-38450,Centro de Convenções de Pernambuco,,Av Prof Andrade Bezerra,id-633,,f
id-13607,The Tabernacle,Venue,35 Powis Square off Portobello Road London W11 2AY,id-38581,515170320201985,f
rec-15995-dup-0,Mølla Stjdio,Studio,,id-12730,,f
id-18394,WET Stage,Venue,,id-71242,,f
id-4490,room2,Studio,Clubgroove Records,,,f
rec-49454-dup-1,Na Cena Stud'lo,Studio,,id-643,,f
rec-49454-dup-0,Na Cenea Studio,Studio,,id-643,,f
id-12321,Rathsgymnasium Wolfsburg,,,id-8908,,f
id-18553,Igloo Audio Factory,Studio,,id-13929,,f
id-21124,Guldbergaunet stadion,Stadium,,id-12351,6402145211510496,f
id-39855,New York Military Academy,Educational institution,78 Academy Ave CornwallOnHudson New York 12520 United States,id-118831,,f
id-45745,Congregational Hall,Venue,Castle Gate Congregational Centre 6 Castle Gate Nottingham NG1 7AS UK,id-3967,529517221149425,f
id-34513,Stereo Sound Studios,Studio,,id-7020,,t
id-8390,Ungdomshuset,Other,Dortheavej 61 2400 København NV,id-7712,5570873612523502,f
id-24278,Secret Studios,Studio,,id-7737,,f
id-12730,GospelgrooveStudio,Studio,,id-75073,,f
id-53995,Playback Recording Studio,Studio,400 E Gutierrez St,id-7503,34419952119689189,f
id-43310,Kirishima International Concert Hall,Venue,,id-8000,31881308057,f
id-21700,35 Wyndham Street,,,id-3813,,f
id-53999,James and Anne Duderstadt Center Audio Studio,Studio,2281 Bonisteel Blvd Ann Arbor MI 48109 United States,id-5769,4229115583715707,f
id-18377,横浜産貿ホール,Venue,〒2310023 神奈川県横浜市中区山下町2,id-11811,35446944139646111,f
id-48716,The Mona Museum,Educational institution,655 Main Rd Berriedale TAS 7011 Australia,id-119391,42812778147261111,f
rec-57104-dup-0,Festival Messiaepn au Pays de la Meije,Venue,La Graye,,,f
rec-34876-dup-0,Upaide Down Studio,Studio,8412 Santa Monica Blvd Los Angeles CA,id-7703,,f
id-5080,OneOne Studio,Studio,,id-7954,,f
id-37300,Old Renaissance Faire Grounds,Other,,id-82790,,f
id-26623,The Rosemount Hotel The Main Room,Venue,459 Fitzgerald St North Perth WA 6006,id-7280,3193092411585891,f
id-12008,Oregon Zoo Amphitheater,Venue,4001 SW Canyon Rd Portland OR 97221,id-5147,4550994112271613,f
id-15995,Mølla Studio,Studio,,id-12730,,f
rec-8390-dup-1,Ungd0mshuset,Other,Dortheavej 1 2400 København NV,id-7712,5570873612523502,f
id-52981,Vortn Vis,Venue,Kiekenmarkt 7 8900 Ieper,id-101373,50849462884307,f
id-43857,Sahara Studio,Studio,,id-205,,f
id-6833,Hochschule für Musik und Theater Hamburg,,Harvestehuder Weg 12 20148 Hamburg,id-331,535705569998889,f
id-21225,Century II Performing Arts  Convention Center,Other,225 W Douglas Ave Wichita KS 67202,id-7749,3768487697340283,f
rec-20775-dup-1,Born to Boobie Studios,Studio,,,,f
id-12933,Hoxton Bar  Kitchen,Venue,24 Hoxton Square London N1 6NU,id-62242,515274560081724,f
id-13516,JOE eV,Other,Lindenstraße 4 45739 OerErkenschwick,id-69661,516284287260831,f
id-51523,StarVu Studios,Studio,,id-5239,,f
id-15353,Europahalle,Venue,,id-23722,,f
rec-31995-dup-0,Bolic ound,Studio,,id-22430,,f
id-45569,Garbos,Venue,429 Queen St W Toronto ON M5V 2A5,id-5076,4364871279395483,t
id-39071,Ninth World Studios,Studio,,id-12988,,f
rec-53995-dup-0,Playback Recording Stidio,Studio,400 E Gutierrez St,rec-7503-dup-0,34419952119689189,f
id-36115,Symphony Studio,Studio,,id-3992,,f
id-54820,Hickory Sound Recording,Studio,,id-21907,,f
id-36113,COP Studio,Studio,,id-23734,,f
id-8829,Schlosskirche,Religious building,,id-8966,509803113322,t
rec-3043-dup-1,St Michaels hurch,Religious building,South Groue Highgate London N6 6BJ United Kingdom,id-58384,515689580150416,f
id-2749,Orpheum Theater,Venue,216 State Street Madison WI 537032215,id-5287,4307589388611,f
rec-5607-dup-0,NightShidt Studios,Studio,27 Whittington Avwnue Christchurch 8023,id-5353,,f
id-4962,Lovely Records,Studio,,id-8852,,f
id-9618,Paradise Studios Grand Lake of the Cherokees,,,id-297,,f
id-2584,Arts Centre Melbourne,Venue,100 St Kilda Rd Melbourne VIC 3004 Australia,id-5121,37820278144968333,f
id-46482,Analog Sweden,Studio,,id-60639,,f
id-23755,Klanglabor Weimar,Studio,,id-8966,,f
rec-3230-dup-0,Cubeaudio St7dios,Studio,Obere traße 25 37124 Rosdorf,id-71954,515026679895693,f
rec-3230-dup-1,Cubeaudio Studjos,Studio,Obere Strsße 25 37124 Rosdorf,id-71954,515026679895693,f
rec-31602-dup-1,Égilse SaintSymphprien,Religious building,,rec-39344-dup-0,,f
rec-31602-dup-0,Égilse SaintSynphorien,Religious building,,rec-39344-dup-0,,f
id-22404,Wood Street Galleries,,601 Wood St,id-7961,,f
id-8697,Orchesterprobenzentrum,Studio,Stolberger Straße 3,id-7954,509412046907772,f
id-38775,RTL House,Other,2 avenue Jacques Georgin Schaerbeek,id-105393,,f
rec-23729-dup-0,Bramhsm Park,Other,Bramham Park Wethefby West Yorkshire LS23 6ND,id-116862,538702781380278,f
id-9020,Bethaniënklooster,Venue,Het Bethaniënklooster Barndesteeg 6b 1012 BV Amsterdam Netherlands,id-7706,,f
rec-10731-dup-0,Evii Genius Records,Venue,Adelaide Road Wellington New Zealand,id-4879,,f
id-24028,TMMP Studios,Studio,,id-1178,,f
id-5831,Epicurus Studio,Studio,〒1530064 東京都目黒区下目黒３丁目２４－２２,id-116724,35631506139707729,f
rec-13607-dup-0,The Taobernacle,Venue,35 Powis Square off Portobello Road London W11 2AY,id-38581,515170320201985,f
id-9807,Studio Quatre Chemins,Studio,22 Rue Cartier Bresson,id-68553,48903252395776,f
id-29449,Cliff Temple Baptist Church,Religious building,125 Sunset Ave Dallas TX 75208,id-9399,3274455896826152,f
id-9801,주예당 Studio,Studio,,id-113,,f
id-4290,Pieve di Palazzo Pignano,Religious building,,id-14324,,f
rec-45650-dup-0,Burggraben Neckar4lz,Venue,Johannitergasse 2 74821 Mosbach Germany,rec-69540-dup-0,49341699101083,f
id-49980,Commercial Recording Studio,Studio,1120 Chenevert,id-7326,,f
id-25611,Aula Sargans,Venue,,id-97160,47044194397,f
id-42927,Mount Sinai Morningside,,30 Morningside Drive NY 10025 US,id-10862,40805573961806,f
id-28148,Mayberry PCH,Studio,,id-5283,,f
id-9736,Artheater,Venue,Ehrenfeldgürtel 127 50825 Köln,id-7954,509531486918527,f
id-49668,Surrealis Sounds,Studio,,id-326,,f
id-47983,VERO,,,id-113,,f
rec-45036-dup-0,Recombinati0n Labs,Studio,,id-295,,f
id-7018,Dance Planet LX,Studio,,id-171,,f
rec-38256-dup-1,Te Birmingham Hotel,Venue,333 Smith St,id-116788,,f
rec-38256-dup-0,The Birmimgham Hotel,Venue,333 Smith St,id-116788,,f
id-10560,Westwood Studios,,,id-5213,,f
id-6265,LoHo Studios,Studio,48 Clinton St New York NY 10002 United States,id-67445,407196727398447,f
rec-44052-dup-0,Princdton Abbey,Religious building,,id-44467,,f
rec-12928-dup-0,Mid‐Sovth Coliseum,Indoor arena,996 Early Maxwell Blvd Memphis TN 38104,id-7729,3511634189980835,t
id-16036,Adolf Fredriks kyrka,Religious building,Holländargatan 16 111 60 Stockholm Sweden,id-5114,5933777818060278,f
id-35027,Calibrated Recording,Studio,,id-5303,,f
rec-35177-dup-0,Universitv of California Berkeley,Educational institution,,id-7805,3787122259,f
id-37647,Eagle Mountain House,Studio,,,,f
rec-19814-dup-0,The Manor Mobole,Studio,,rec-221-dup-0,,f
id-44243,Château de Méridon,,,id-53025,486923492033587,f
rec-53498-dup-0,Le Mobi|e,Studio,,rec-73-dup-0,,f
id-10145,The Lighthouse Theatre,Venue,247 Main St,id-88625,4278604680203093,f
id-49896,Kleine Beethovenhalle,Venue,,id-7023,50672671583,f
id-8048,The Boarding House,Venue,960 Bush St San Francisco CA 94109,id-7022,37789968122414781,t
id-49890,Irwin Art Studio,Studio,,id-67,,f
id-18458,Judys Velvet Lounge,Venue,777 River City Casino Blvd St Louis MO 63125,id-7952,385308902645,f
id-24338,DePaul Concert Hall,Venue,,id-5099,419239876492,f
id-9927,Rushents Mansion,Studio,,id-221,,f
id-23325,2013 Mixing,Studio,,id-7703,,f
id-19697,CWR Studio,Studio,,,,f
id-38396,Highlander Research and Education Center,Educational institution,1959 Highlander Way New Market TN 37820,id-83934,3604284483584929,f
id-7085,Tipitinas,Venue,501 Napoleon Ave New Orleans LA 70115,id-12021,299173901009,f
rec-50098-dup-1,Other Mvsic,Venue,15 E 4th Street New York NY10003,id-7020,40727917399314,t
id-26137,Calamigos Ranch,Venue,327 Latigo Canyon Rd,id-7800,,f
id-38256,The Birmingham Hotel,Venue,333 Smith St,id-116788,,f
id-7166,Bla,Venue,Bornheimerstraße 2022 53111 Bonn,id-7023,507364057093592,f
id-51773,Cirque de Reims,Venue,,id-68605,49254940222,f
id-28091,Rapture Audio,Studio,,id-3912,,f
id-57104,Festival Messiaen au Pays de la Meije,Venue,La Grave,,,f
id-57107,Evansson Audio Media,,Unit 6b The Fortress Avonside Melksham Wilts SN128BT,,51376515214165,f
id-21171,Fat as Funk,Studio,,id-221,,f
rec-13014-dup-0,Studio Bajbelsberg,Studio,AugustBebelStr z653 D14482 Potsdam,id-8852,5238706413120179,f
id-5607,NightShift Studios,Studio,27 Whittington Avenue Christchurch 8023,id-5353,,f
id-24579,Tropical Disease Mobile,,,id-100792,,f
id-44949,Le Baril Roulant,Venue,1885 Chemin du Village MontTremblant QC J8E 1K4 Canada,id-9250,,f
rec-13607-dup-1,he Tabernacle,Venue,35 Powis Square off ortobello Road London W11 2AY,id-38581,515170320201985,f
rec-17332-dup-0,Sugarfoot Mawtering,Studio,,id-5152,,f
id-23729,Bramham Park,Other,Bramham Park Wetherby West Yorkshire LS23 6ND,id-116862,538702781380278,f
id-30691,Audio Mastery,Studio,,id-5213,,f
rec-18447-dup-1,Apple Store Roseristraße,Other,Rosenstraße 1 80331 München,id-7710,48136831157456,f
rec-18447-dup-0,Apple Store Rosaenstraße,Other,Rosenstraße 1 803k31 München,id-7710,48136831157456,f
id-6762,ZOZOマリンスタジアム,Stadium,千葉県千葉市美浜区美浜1番地,id-11880,35645239140030922,f
id-10965,RedRoom Recorders,Studio,,,,f
id-30450,Palace Music,Studio,,id-5114,,f
id-35966,Partille Arena,Indoor arena,Arenatorget 2 433 35 Partille Sweden,id-12836,577400212116962,f
id-13014,Studio Babelsberg,Studio,AugustBebelStr 2653 D14482 Potsdam,id-8852,5238706413120179,f
id-33327,Blue Note Studio,Studio,,id-653,,f
rec-22361-dup-0,Radio Rec0rds Studio,Studio,,id-2913,,f
id-53567,Taller Blanco,Venue,,,,f
id-6930,Swedish Broadcasting Company Studio,Studio,,id-5114,,f
id-53647,StuStuStudio,Studio,,id-7703,,f
id-38632,HiverlyHills Studio,Studio,,id-107,,f
rec-54408-dup-0,Boxwood Studuos,Studio,,,,f
id-49292,Milchwerk Radolfzell,Indoor arena,WernerMessmerStraße 14 78315 Radolfzell am Bodensee,id-69750,477417218973508,f
id-3666,St Nikolai Wismar,Religious building,StNikolaiKirchhof 15 23966 Wismar,id-70176,538956114655,f
id-45247,Kino Šiška,Venue,Trg prekomorskih brigad 3,id-5057,460688691448895,f
id-38691,Leggo Studios,Studio,,id-1468,,f
id-45120,Apple Store Third Street Promenade,Other,1415 Third Street Promenade Santa Monica CA 90401,id-5283,34015417118495361,f
id-9206,CorbNation Studios,Studio,,,,f
id-30217,Moonee Ponds Studio,Studio,,id-7800,,f
rec-16930-dup-0,ExEx Audi0,Studio,,id-9655,,f
id-50494,Huntington City Beach,Other,,id-22328,33650994117995996,f
rec-15613-dup-0,The Necl<,Other,,rec-13-dup-0,,f
id-30219,Mesa Recording,Studio,,id-5213,,f
id-10444,Pomeranian Philharmonic Hall,Venue,,id-5279,,f
id-3043,St Michaels Church,Religious building,South Grove Highgate London N6 6BJ United Kingdom,id-58384,515689580150416,f
id-8544,Theater Marl,Venue,Am Theater 1 45768 Marl,id-69497,516527177089658,f
id-8010,Formation Studios,Studio,,id-221,,f
id-29474,Grand Théâtre de Québec,Venue,269 boulevard René‐Lévesque Est,id-7715,,f
id-38749,Budahegyvidéki Evangélikus Egyházközség,Religious building,,id-721,474989190213,f
id-26568,DAVE Audio,Studio,,id-5076,,f
id-4141,The Vanguard,Venue,42 King St Newtown NSW 2042 Australia,id-5126,33892862151186365,f
id-29804,Market Hotel,Venue,1140 Myrtle Ave Brooklyn NY 11221,id-115540,,f
rec-22090-dup-0,Nar Mattar u,Studio,,,,f
id-7513,MusicBrainz Summit 14 HQ,Other,Danshøjvej 42 2500 Valby,id-7712,5566217612490344,t
rec-39794-dup-1,DLR Studiqo,Studio,,id-271,,f
rec-39794-dup-0,DLR Studko,Studio,,id-271,,f
id-50054,Parc LéonidasDufresne,Other,Parc Léonidas Dufresne ValDavid QC J0T 2N0,id-117367,4603107474207758,f
id-55566,West Sound Studio,Studio,,id-102430,,f
id-51943,POTAR Practice,Studio,,id-48334,,f
rec-29449-dup-0,Cliff Temple Baptst Church,Religious building,125 Sunset Av4 Dallas TX 75208,id-9399,3274455896826152,f
id-8163,Nezlobin Theatre,Venue,,id-2429,,f
id-882,Z7,Venue,Kraftwerkstrasse 7 4133 Pratteln,id-29612,4752725769425,f
rec-38724-dup-1,St Pauis Lutheran Church,Religious building,4900 Connecticut Ave NW Washington DC 20008,id-269,389537577070432,f
rec-38724-dup-0,St Pauls Lutberan Church,Religious building,4900 Connecticut Ave NW Washington DC 2008,id-269,389537577070432,f
id-31099,Bliss Studios,Studio,,id-7734,,f
id-33667,Red Brick,Studio,서초구 방배2동 45323 Seoul Korea,id-113,,f
id-14269,Planet Whirpool,Studio,,id-7954,,f
id-14723,FNFStudios,Studio,,id-331,,f
rec-39430-dup-1,Kostel Maky Boží před Týnem,Religious building,,id-1805,5008771144227,f
id-3789,Accademia nazionale di Santa Cecilia,Educational institution,Viale Pietro de Coubertin 30 00196 Roma,id-5060,41929124745,f
id-38358,The Half Moon,Venue,93 Lower Richmond Rd Putney London SW15 1EU,id-55341,5146802022257,f
id-27890,Lalabela Studios,Studio,,id-7020,,f
id-28509,Audio Matrices de Venezuela CA,Studio,,id-228,,f
id-48084,Death Studios,Studio,,id-695,,f
id-36797,Zwinglikirche,Religious building,Rudolfstraße 14 10245 Berlin,id-326,52503421345457,f
id-21811,RADION Amsterdam,,,,,f
id-44052,Princeton Abbey,Religious building,,id-44467,,f
id-50605,University Of Helsinki Electronic Music Studio,Studio,,id-7713,,f
id-45056,Studio MySound,Studio,11 allée de Longueterre 31850 Montrabé,id-43556,,f
rec-2003-dup-0,Trancenatral,Studio,55 Jeffrey5 Road Stockwell London,id-64334,51471407012822,f
id-56317,Glass Hand Studios,Studio,,id-5282,,f
id-35177,University of California Berkeley,Educational institution,,id-7805,3787122259,f
rec-18030-dup-0,Musicql Instrument Museum,Other,Montagne de la CourHofberg 2 B1000,rec-1793-dup-0,508428364358831,f
id-19729,Studio VIème Sens,,,id-23037,,f
id-54405,0x7 studio,Studio,,id-107,,f
id-50236,Sonic Highways Studio,Studio,,,,f
id-37508,The Parish Church of Sarum St Martin,Religious building,St Martins Church Street Salisbury Wiltshire SP1 2HY,id-19680,,f
id-35794,MOXE,Studio,,id-5213,,f
id-21498,Wanna Rock Studios,Studio,,id-7984,,f
id-1633,Knitting Factory,Venue,74 Leonard Street New York NY 10013,id-118366,4071733974005346,t
rec-20775-dup-0,Born to Boogieh Studios,Studio,,,,f
id-3253,La Chapelle des Lombards,Venue,14 rue des Lombards 75004 Paris France,id-4434,488591962349734,t
id-28559,BernHaus Studios,Studio,,,,f
id-14744,Musik Galerie,Venue,,id-70043,,f
id-32682,Canberra Theatre Centre,Venue,,id-5129,,f
rec-53492-dup-0,The Jungle,Studio,,id-160,,f
id-33774,Arbeitshaus,Studio,,,,f
id-15989,Mixing Room Studios,Studio,,id-7703,,f
rec-31099-dup-0,Bliss Studoos,Studio,,rec-7734-dup-0,,f
id-29029,Classic Sound Ltd,Studio,,id-1178,,f
rec-30785-dup-0,Souncllodge Studio,Studio,,id-81,,f
rec-30785-dup-1,Soundl0dge Studio,Studio,,id-81,,f
rec-1487-dup-0,Ocean View Digaital Mastering,Studio,4750 Rhapsody Dr Oak Park CA,rec-266-dup-0,34171677118786253,t
rec-1487-dup-1,Ocean View Digital Mastering,Studio,4750 Ryapsody Dr Oak Park CA,rec-266-dup-0,34171677118786253,t
id-19267,Nikos Nido,Studio,,,,f
rec-4952-dup-0,80 Hertz Stvdios,Studio,80 HERTZ Post Production  Recording Studios4 The Sharp Project Thorp Rd Manchester M40 5BJ Manchester UK,id-3925,5350201219344,f
rec-4952-dup-1,80 Hertz Stsudios,Studio,80 HERTZ Post Production  Recording Studios The Sharp Prohect Thorp Rd Manchester M40 5BJ Manchester UK,id-3925,5350201219344,f
id-33696,Studio KOLKHOLZ,Studio,,,,f
id-42079,acts 105,Venue,,id-397,,f
id-22090,Nar Mattaru,Studio,,,,f
id-6652,Piazza Napoleone,Other,Piazza Napoleone 27 55100 Lucca LU Italy,id-14228,4384139710502667,f
id-24297,The Vic for Jazz,Venue,2640 Main Street Santa Monica CA 90405,id-5283,,t
id-47271,St Cecilia,Religious building,,id-5179,,f
rec-12928-dup-1,Mid‐South Ciliseum,Indoor arena,996 Early Maxwel| Blvd Memphis TN 38104,id-7729,3511634189980835,t
id-30257,Christopher Lydons Home,,,id-5075,,f
id-37207,Post Logic Studios,Studio,,id-39882,,f
id-22361,Radio Records Studio,Studio,,id-2913,,f
id-50905,Location B,,,,,f
id-53327,Strawberrybee Production,,,id-7020,,f
id-4952,80 Hertz Studios,Studio,80 HERTZ Post Production  Recording Studios The Sharp Project Thorp Rd Manchester M40 5BJ Manchester UK,id-3925,5350201219344,f
id-29157,Hamilton High School,Educational institution,327 Fairgrounds Rd Hamilton MT 59840,id-5876,46245114161944,f
rec-8390-dup-0,Ungdomsguset,Other,Dortheavej 61 2409 København NV,id-7712,5570873612523502,f
id-53322,Indie King,Studio,,id-5114,,f
id-16481,AlbertusMagnusGymnasium Bensberg,Other,Kaule 3 51429 Bergisch Gladbach Germany,id-68850,509610977155988,f
id-35495,Malkin Bowl,Venue,610 Pipeline Rd Vancouver BC V6G 3E2,id-5212,49298773123133435,f
id-16894,Cavalier Sound Recording Studio,Studio,,id-8105,,f
id-57452,Sweetwater Municipal Auditorium,Venue,201 E 4th St Sweetwater TX 79556,id-29013,32472489100408519,f
id-17549,SOMA Studios,Studio,,id-1178,,f
id-12289,Boogie Park Studio,Studio,Boogie Park Studios Eulenstraße 70 A 22763 Hamburg,id-331,535515779923772,f
rec-1491-dup-0,Queen El:zabeth Stadium,Indoor arena,18 Oi Kwan Road W3an Chai Hong Kong,id-118123,22275114178611,f
id-10018,Scruggs Sound Studio,Studio,,id-5213,,f
rec-5831-dup-0,Epicurus nStudio,Studio,〒153006q 東京都目黒区下目黒３丁目２４－２２,id-116724,35631506139707729,f
id-16930,ExEx Audio,Studio,,id-9655,,f
id-51213,Audacious Studio,Studio,,id-7703,,f
id-31602,Égilse SaintSymphorien,Religious building,,id-39344,,f
rec-49624-dup-0,North Farmington High Sch0ol,Educational institution,32900 West 13 Mile Road Farmingt9n Hills Michigan 48334 United States,id-22959,4251683376,f
rec-49624-dup-1,North Farmington High Sch9ol,Educational institution,32900 West 13 Mile Road Farmington Hills Michigan 48334 United State5,id-22959,4251683376,f
rec-34472-dup-1,DanguStudios,Studio,,rec-22162-dup-0,,f
rec-34472-dup-0,Dangtudios,Studio,,rec-22162-dup-0,,f
rec-18510-dup-0,MqII,Studio,,,,f
id-2077,SAP Arena,Indoor arena,An der Arena 1 68163 Mannheim Germany,id-7716,4946361185175,f
id-6975,Bilgi Üniversitesi Kuştepe Kampüsü,Other,İnönü Cad No 6 Kuştepe 34387 Şişli İstanbul,id-5065,410726712899079,f
rec-39855-dup-1,New York Militarby Academy,Educational institution,78 Academy Ave CornwallOnHudson New York 12520 Uited States,id-118831,,f
id-12167,Paste Studio,Studio,,,,f
id-40475,Mixroom Studios,Studio,,id-9413,,f
rec-9206-dup-0,CohrbNation Studios,Studio,,,,f
id-13971,Concert Hall Sydney Opera House,Venue,,id-5126,3385671512149,f
id-31520,Vier Peh,Venue,Flandernstraße 99 73732 Esslingen am Neckar Germany,id-21854,487451399320083,f
id-35387,SoundartRecording Studios,Studio,Am Stadtwald 1 06862 RosslauDessau  Elbe,id-7321,,f
id-48738,Kingside Studio,Studio,Hedetorp Bergstugan 1 64693 Gnesta Sweden,id-12873,,f
id-36503,Käsmu kirik,Religious building,,id-99696,5960253825917764,f
id-25745,Keaney Gymnasium,Indoor arena,85 Keaney Rd Kingston RI 02881 USA,id-118052,4148599371536182,f
id-32270,MuseumsQuartier Halle E,Venue,Museumsplatz 1 1070 Wien,id-112783,48203131635828,f
id-25432,Bellwood Prison Camp,Other,,id-5210,337118843683,f
id-9657,Sacred Heart Music Center,Venue,201 W 4th St Duluth,id-5767,46787592105556,f
id-42148,Working Mans Productions,Studio,,id-7795,,f
id-52078,Planet Grey Studios,Studio,,id-295,,f
id-42055,Academy of Music of the University of Ljubljana,Educational institution,Stari trg 34Center 1000 Ljubljana Slovenia,id-190,46046821450656,f
id-17375,Ocean Center Arena,Indoor arena,101 N Atlantic Ave Daytona Beach FL 321184203,id-22844,292287810106,f
id-28581,La Salle MargueriteBourgeoys,Venue,1750 Sauriol Street East Montreal Quebec Canada H2C 1X4,id-118827,4556518973649989,f
id-35597,TMFStudio,Studio,,id-106242,,f
id-56172,Tyrolis Tonstudio,Studio,Meilstraße 36,id-80634,4727169511248198,f
id-13172,Harveys Lake Tahoe Outdoor Arena,Venue,Highway 50 at Stateline Avenue Lake Tahoe NV 89449,id-115962,38953755119910448,f
id-43314,Heidis Jazzclub,Venue,7 N Orlando Ave Cocoa Beach Florida 32931,id-271,283186806099,f
id-3908,Alte Oper,Venue,Opernplatz 1 60313 Frankfurt am Main,id-7948,501158338671944,f
id-56583,Mjölby folketspark,Park,,id-101137,,f
id-56823,GTG House,Studio,1335 E Grand River Ave Lansing MI Lansing MI 48906,id-5230,4274636184531647,f
id-1251,David Geffen Hall,Venue,10 Lincoln Square 132 NY 10023,id-116093,4077277873983056,f
id-2759,Scumbag College,Studio,,id-31090,,f
id-10319,Studio 2000,Studio,,id-13225,,f
id-24096,ThürmerSaal,Venue,,id-7717,514708337225278,f
id-25372,Museum Square,,,id-7282,,f
id-25187,Dartmouth College,Educational institution,Hanover NH 03755 USA,id-23229,4370333372288333,f
id-5258,Convento di San Bernardino Sala Morone,Venue,,id-15012,4543870610981319,f
id-43573,Greenhills Zone,Studio,,id-3967,,f
id-40418,Ilsfeld,,,id-327,4905925,f
id-34547,Purple Haze,Venue,3699 SaintLawrence Boulevard Montreal Quebec Canada H2X 2V7,id-118880,4551487373574414,t
id-28865,The Cut,Venue,8 New Cut Halesworth Suffolk IP19 8B England UK,id-99789,523460131503978,f
id-49860,duskline recording studio,Studio,2 Chome848 Nakaicho Kita Ward Okayama 7000804 Japan,id-7298,34680066133931488,f
id-30680,Sonido XXI,Studio,Plaza de la Fuente8 31191 Esparza de Galar Navarra,id-107355,,f
id-29867,The Owls Nest,Studio,,id-266,,f
id-25156,Orion Live Club,Venue,Viale J F Kennedy 52 00043 Ciampino RM Italy,id-15668,,f
id-34183,VS Media,Venue,Units A  C 7F First Group Centre 14 Wang Tai Road Kowloon Bay Hong Kong,id-96,,f
id-10659,Toadhouse Recording Studio,Studio,,id-5147,,f
id-44945,Juselhalle,Venue,,id-69060,,f
id-35860,CBGB,Venue,,id-7296,,f
id-29492,The Classic Center,Other,300 N Thomas Street Athens GA 30601,id-31088,3396047183375293,f
id-46360,Garage,Studio,,id-7324,,f
id-28023,Sveriges Radios Studios,Studio,,id-31092,,f
id-30766,Wellington College Crowthorne,Educational institution,Crowthorne Berkshire RG45 7PU,id-118050,51364308067,f
id-50860,Mankes,Venue,Mankhauser Str 13 42699 Solingen Germany,id-23745,5116043701046,t
id-32632,Sonica Studios,Studio,Via Abetone 16 38068 Rovereto,id-16365,,f
id-40613,Landmark Productions  Recording Studios,Studio,548 NE 42nd Street Fort Lauderdale Florida 33334,id-30978,2617806680139971,f
id-13365,Hz,Venue,Charlottenstraße 12 88045 Friedrichshafen,id-69082,476541819477319,t
id-14549,Sunday Music Studios,Studio,Lorensbergsgatan 18 411 36 Göteborg Sweden,id-9526,5769938211977975,f
id-43242,Gold Coast Parklands,Other,,id-88313,,t
id-31743,Abbazia di Santa Maria in Silvis,Religious building,,id-20072,458483128158,f
