ability,local_language,name
rec-10016-dup-0,9,Warm Blanket
rec-221-dup-0,3,컬리헤어
rec-221-dup-0,6,Lockenkopf
rec-221-dup-0,8,Boccolidoro
rec-221-dup-0,12,卷发
rec-221-dup-0,7,Rizos Rebeldes
rec-221-dup-0,9,Tangling Hair
rec-221-dup-0,11,カーリーヘアー
rec-221-dup-0,1,カーリーヘアー
rec-221-dup-0,5,Mèche Rebelle
rec-221-dup-0,4,捲髮
rec-196-dup-1,5,Cruauté
rec-196-dup-1,11,ひとでなし
rec-196-dup-1,9,Merciless
rec-196-dup-1,1,ひとでなし
rec-196-dup-1,4,不仁不義
rec-196-dup-1,12,不仁不义
rec-196-dup-1,7,Ensañamiento
rec-196-dup-1,8,Spietatezza
rec-196-dup-1,3,무도한행동
rec-196-dup-1,6,Quälerei
rec-23-dup-1,12,踩影
rec-23-dup-1,4,踩影
rec-23-dup-1,5,Marque Ombre
rec-23-dup-1,3,그림자밟기
rec-23-dup-1,8,Pedinombra
rec-23-dup-1,11,かげふみ
rec-23-dup-1,6,Wegsperre
rec-23-dup-1,9,Shadow Tag
rec-23-dup-1,7,Sombra Trampa
rec-23-dup-1,1,かげふみ
rec-91-dup-0,9,Adaptability
rec-91-dup-0,11,てきおうりょく
rec-91-dup-0,4,適應力
rec-91-dup-0,1,てきおうりょく
rec-91-dup-0,6,Anpassung
rec-91-dup-0,12,适应力
rec-91-dup-0,3,적응력
rec-91-dup-0,5,Adaptabilité
rec-91-dup-0,7,Adaptable
rec-91-dup-0,8,Adattabilità
rec-221-dup-1,3,컬리헤어
rec-221-dup-1,6,Lockenkopf
rec-221-dup-1,8,Boccolidoro
rec-221-dup-1,12,卷发
rec-221-dup-1,7,Rizos Rebeldes
rec-221-dup-1,9,Tangling Hair
rec-221-dup-1,11,カーリーヘアー
rec-221-dup-1,1,カーリーヘアー
rec-221-dup-1,5,Mèche Rebelle
rec-221-dup-1,4,捲髮
rec-22-dup-1,12,威吓
rec-22-dup-1,1,いかく
rec-22-dup-1,7,Intimidación
rec-22-dup-1,9,Intimidate
rec-22-dup-1,4,威嚇
rec-22-dup-1,6,Bedroher
rec-22-dup-1,8,Prepotenza
rec-22-dup-1,11,いかく
rec-22-dup-1,3,위협
rec-22-dup-1,5,Intimidation
rec-108-dup-1,4,預知夢
rec-108-dup-1,9,Forewarn
rec-108-dup-1,1,よちむ
rec-108-dup-1,3,예지몽
rec-108-dup-1,8,Premonizione
rec-108-dup-1,7,Alerta
rec-108-dup-1,5,Prédiction
rec-108-dup-1,6,Vorwarnung
rec-108-dup-1,11,よちむ
rec-108-dup-1,12,预知梦
rec-92-dup-0,6,Wertelink
rec-92-dup-0,11,スキルリンク
rec-92-dup-0,12,连续攻击
rec-92-dup-0,9,Skill Link
rec-92-dup-0,5,Multi-Coups
rec-92-dup-0,8,Abillegame
rec-92-dup-0,4,連續攻擊
rec-92-dup-0,1,スキルリンク
rec-92-dup-0,3,스킬링크
rec-92-dup-0,7,Encadenado
rec-189-dup-0,1,はじまりのうみ
rec-189-dup-0,3,시작의바다
rec-189-dup-0,6,Urmeer
rec-189-dup-0,4,始源之海
rec-189-dup-0,11,はじまりのうみ
rec-189-dup-0,12,始源之海
rec-189-dup-0,7,Mar del Albor
rec-189-dup-0,5,Mer Primaire
rec-189-dup-0,8,Mare Primordiale
rec-189-dup-0,9,Primordial Sea
rec-227-dup-0,6,Psycho-Erzeuger
rec-227-dup-0,7,Psicogénesis
rec-227-dup-0,1,サイコメイカー
rec-227-dup-0,3,사이코메이커
rec-227-dup-0,12,精神制造者
rec-227-dup-0,4,精神製造者
rec-227-dup-0,8,Psicogenesi
rec-227-dup-0,9,Psychic Surge
rec-227-dup-0,5,Créa-Psy
rec-227-dup-0,11,サイコメイカー
rec-224-dup-1,1,ビーストブースト
rec-224-dup-1,3,비스트부스트
rec-224-dup-1,7,Ultraimpulso
rec-224-dup-1,8,Ultraboost
rec-224-dup-1,6,Bestien-Boost
rec-224-dup-1,5,Boost Chimère
rec-224-dup-1,9,Beast Boost
rec-224-dup-1,11,ビーストブースト
rec-224-dup-1,12,异兽提升
rec-224-dup-1,4,異獸提升
rec-10017-dup-0,9,Gulp
rec-198-dup-1,4,監視
rec-198-dup-1,7,Vigilante
rec-198-dup-1,8,Sorveglianza
rec-198-dup-1,3,잠복
rec-198-dup-1,1,はりこみ
rec-198-dup-1,12,蹲守
rec-198-dup-1,9,Stakeout
rec-198-dup-1,5,Filature
rec-198-dup-1,6,Beschattung
rec-198-dup-1,11,はりこみ
rec-143-dup-1,6,Giftgriff
rec-143-dup-1,3,독수
rec-143-dup-1,7,Toque Tóxico
rec-143-dup-1,1,どくしゅ
rec-143-dup-1,12,毒手
rec-143-dup-1,5,Toxitouche
rec-143-dup-1,11,どくしゅ
rec-143-dup-1,9,Poison Touch
rec-143-dup-1,4,毒手
rec-143-dup-1,8,Velentocco
rec-225-dup-1,5,Système Alpha
rec-225-dup-1,11,ＡＲシステム
rec-225-dup-1,3,AR시스템
rec-225-dup-1,6,Alpha-System
rec-225-dup-1,12,ＡＲ系统
rec-225-dup-1,1,ＡＲシステム
rec-225-dup-1,7,Sistema Alfa
rec-225-dup-1,8,Sistema Primevo
rec-225-dup-1,9,RKS System
rec-225-dup-1,4,ＡＲ系統
rec-147-dup-0,12,奇迹皮肤
rec-147-dup-0,1,ミラクルスキン
rec-147-dup-0,11,ミラクルスキン
rec-147-dup-0,3,미라클스킨
rec-147-dup-0,7,Piel Milagro
rec-147-dup-0,4,奇跡皮膚
rec-147-dup-0,5,Peau Miracle
rec-147-dup-0,6,Wunderhaut
rec-147-dup-0,9,Wonder Skin
rec-147-dup-0,8,Splendicute
rec-212-dup-1,3,부식
rec-212-dup-1,6,Korrosion
rec-212-dup-1,4,腐蝕
rec-212-dup-1,5,Corrosion
rec-212-dup-1,8,Corrosione
rec-212-dup-1,1,ふしょく
rec-212-dup-1,7,Corrosión
rec-212-dup-1,9,Corrosion
rec-212-dup-1,11,ふしょく
rec-212-dup-1,12,腐蚀
rec-2-dup-0,3,잔비
rec-2-dup-0,11,あめふらし
rec-2-dup-0,8,Piovischio
rec-2-dup-0,12,降雨
rec-2-dup-0,9,Drizzle
rec-2-dup-0,5,Crachin
rec-2-dup-0,7,Llovizna
rec-2-dup-0,1,あめふらし
rec-2-dup-0,6,Niesel
rec-2-dup-0,4,降雨
rec-108-dup-0,4,預知夢
rec-108-dup-0,9,Forewarn
rec-108-dup-0,1,よちむ
rec-108-dup-0,3,예지몽
rec-108-dup-0,8,Premonizione
rec-108-dup-0,7,Alerta
rec-108-dup-0,5,Prédiction
rec-108-dup-0,6,Vorwarnung
rec-108-dup-0,11,よちむ
rec-108-dup-0,12,预知梦
rec-95-dup-0,11,はやあし
rec-95-dup-0,7,Pies Rápidos
rec-95-dup-0,9,Quick Feet
rec-95-dup-0,8,Piedisvelti
rec-95-dup-0,5,Pied Véloce
rec-95-dup-0,1,はやあし
rec-95-dup-0,3,속보
rec-95-dup-0,12,飞毛腿
rec-95-dup-0,6,Rasanz
rec-95-dup-0,4,飛毛腿
rec-185-dup-1,5,Amour Filial
rec-185-dup-1,3,부자유친
rec-185-dup-1,4,親子愛
rec-185-dup-1,12,亲子爱
rec-185-dup-1,11,おやこあい
rec-185-dup-1,7,Amor Filial
rec-185-dup-1,9,Parental Bond
rec-185-dup-1,1,おやこあい
rec-185-dup-1,8,Amorefiliale
rec-185-dup-1,6,Familienbande
rec-209-dup-1,8,Fantasmanto
rec-209-dup-1,4,畫皮
rec-209-dup-1,7,Disfraz
rec-209-dup-1,1,ばけのかわ
rec-209-dup-1,3,탈
rec-209-dup-1,6,Kostümspuk
rec-209-dup-1,9,Disguise
rec-209-dup-1,5,Fantômasque
rec-209-dup-1,12,画皮
rec-209-dup-1,11,ばけのかわ
rec-126-dup-1,3,심술꾸러기
rec-126-dup-1,1,あまのじゃく
rec-126-dup-1,4,唱反調
rec-126-dup-1,11,あまのじゃく
rec-126-dup-1,5,Contestation
rec-126-dup-1,12,唱反调
rec-126-dup-1,6,Umkehrung
rec-126-dup-1,8,Inversione
rec-126-dup-1,7,Respondón
rec-126-dup-1,9,Contrary
rec-225-dup-0,5,Système Alpha
rec-225-dup-0,11,ＡＲシステム
rec-225-dup-0,3,AR시스템
rec-225-dup-0,6,Alpha-System
rec-225-dup-0,12,ＡＲ系统
rec-225-dup-0,1,ＡＲシステム
rec-225-dup-0,7,Sistema Alfa
rec-225-dup-0,8,Sistema Primevo
rec-225-dup-0,9,RKS System
rec-225-dup-0,4,ＡＲ系統
rec-262-dup-1,11,トランジスタ
rec-262-dup-1,1,トランジスタ
rec-262-dup-1,5,Transistor
rec-262-dup-1,4,電晶體
rec-262-dup-1,12,电晶体
rec-262-dup-1,8,Transistor
rec-262-dup-1,6,Transistor
rec-262-dup-1,3,트랜지스터
rec-262-dup-1,9,Transistor
rec-262-dup-1,7,Transistor
rec-241-dup-1,6,Würggeschoss
rec-241-dup-1,5,Dégobage
rec-241-dup-1,3,그대로꿀꺽미사일
rec-241-dup-1,4,一口飛彈
rec-241-dup-1,1,うのミサイル
rec-241-dup-1,11,うのミサイル
rec-241-dup-1,9,Gulp Missile
rec-241-dup-1,8,Inghiottimissile
rec-241-dup-1,12,一口导弹
rec-241-dup-1,7,Tragamisil
rec-73-dup-0,1,しろいけむり
rec-73-dup-0,6,Pulverrauch
rec-73-dup-0,8,Fumochiaro
rec-73-dup-0,4,白色煙霧
rec-73-dup-0,12,白色烟雾
rec-73-dup-0,11,しろいけむり
rec-73-dup-0,9,White Smoke
rec-73-dup-0,5,Écran Fumée
rec-73-dup-0,3,하얀연기
rec-73-dup-0,7,Humo Blanco
rec-10045-dup-0,9,Explode
rec-185-dup-0,5,Amour Filial
rec-185-dup-0,3,부자유친
rec-185-dup-0,4,親子愛
rec-185-dup-0,12,亲子爱
rec-185-dup-0,11,おやこあい
rec-185-dup-0,7,Amor Filial
rec-185-dup-0,9,Parental Bond
rec-185-dup-0,1,おやこあい
rec-185-dup-0,8,Amorefiliale
rec-185-dup-0,6,Familienbande
rec-173-dup-0,6,Titankiefer
rec-173-dup-0,4,強壯之顎
rec-173-dup-0,7,Mandíbula Fuerte
rec-173-dup-0,11,がんじょうあご
rec-173-dup-0,12,强壮之颚
rec-173-dup-0,9,Strong Jaw
rec-173-dup-0,1,がんじょうあご
rec-173-dup-0,8,Ferromascella
rec-173-dup-0,3,옹골찬턱
rec-173-dup-0,5,Prognathe
rec-126-dup-0,3,심술꾸러기
rec-126-dup-0,1,あまのじゃく
rec-126-dup-0,4,唱反調
rec-126-dup-0,11,あまのじゃく
rec-126-dup-0,5,Contestation
rec-126-dup-0,12,唱反调
rec-126-dup-0,6,Umkehrung
rec-126-dup-0,8,Inversione
rec-126-dup-0,7,Respondón
rec-126-dup-0,9,Contrary
rec-12-dup-1,6,Dösigkeit
rec-12-dup-1,7,Despiste
rec-12-dup-1,3,둔감
rec-12-dup-1,9,Oblivious
rec-12-dup-1,8,Indifferenza
rec-12-dup-1,4,遲鈍
rec-12-dup-1,12,迟钝
rec-12-dup-1,1,どんかん
rec-12-dup-1,5,Benêt
rec-12-dup-1,11,どんかん
rec-118-dup-0,8,Mielincetta
rec-118-dup-0,6,Honigmaul
rec-118-dup-0,7,Recogemiel
rec-118-dup-0,1,みつあつめ
rec-118-dup-0,4,採蜜
rec-118-dup-0,9,Honey Gather
rec-118-dup-0,12,采蜜
rec-118-dup-0,11,みつあつめ
rec-118-dup-0,5,Cherche Miel
rec-118-dup-0,3,꿀모으기
rec-228-dup-0,1,ミストメイカー
rec-228-dup-0,5,Créa-Brume
rec-228-dup-0,9,Misty Surge
rec-228-dup-0,7,Nebulogénesis
rec-228-dup-0,6,Nebel-Erzeuger
rec-228-dup-0,8,Nebbiogenesi
rec-228-dup-0,4,薄霧製造者
rec-228-dup-0,12,薄雾制造者
rec-228-dup-0,3,미스트메이커
rec-228-dup-0,11,ミストメイカー
rec-214-dup-1,12,女王的威严
rec-214-dup-1,4,女王的威嚴
rec-214-dup-1,8,Regalità
rec-214-dup-1,11,じょおうのいげん
rec-214-dup-1,6,Majestät
rec-214-dup-1,3,여왕의위엄
rec-214-dup-1,1,じょおうのいげん
rec-214-dup-1,9,Queenly Majesty
rec-214-dup-1,7,Regia Presencia
rec-214-dup-1,5,Prestance Royale
rec-157-dup-0,12,食草
rec-157-dup-0,9,Sap Sipper
rec-157-dup-0,4,食草
rec-157-dup-0,8,Mangiaerba
rec-157-dup-0,7,Herbívoro
rec-157-dup-0,5,Herbivore
rec-157-dup-0,6,Vegetarier
rec-157-dup-0,3,초식
rec-157-dup-0,1,そうしょく
rec-157-dup-0,11,そうしょく
rec-77-dup-1,12,蹒跚
rec-77-dup-1,4,蹣跚
rec-77-dup-1,3,갈지자걸음
rec-77-dup-1,11,ちどりあし
rec-77-dup-1,8,Intricopiedi
rec-77-dup-1,7,Tumbos
rec-77-dup-1,5,Pieds Confus
rec-77-dup-1,6,Fußangel
rec-77-dup-1,1,ちどりあし
rec-77-dup-1,9,Tangled Feet
rec-10013-dup-0,9,Deep Sleep
rec-94-dup-0,7,Poder Solar
rec-94-dup-0,3,선파워
rec-94-dup-0,12,太阳之力
rec-94-dup-0,1,サンパワー
rec-94-dup-0,5,Force Soleil
rec-94-dup-0,8,Solarpotere
rec-94-dup-0,9,Solar Power
rec-94-dup-0,4,太陽之力
rec-94-dup-0,6,Solarkraft
rec-94-dup-0,11,サンパワー
rec-59-dup-0,5,Météo
rec-59-dup-0,9,Forecast
rec-59-dup-0,1,てんきや
rec-59-dup-0,12,阴晴不定
rec-59-dup-0,7,Predicción
rec-59-dup-0,4,陰晴不定
rec-59-dup-0,3,기분파
rec-59-dup-0,6,Prognose
rec-59-dup-0,8,Previsioni
rec-59-dup-0,11,てんきや
rec-144-dup-0,6,Belebekraft
rec-144-dup-0,12,再生力
rec-144-dup-0,4,再生力
rec-144-dup-0,1,さいせいりょく
rec-144-dup-0,8,Rigenergia
rec-144-dup-0,9,Regenerator
rec-144-dup-0,7,Regeneración
rec-144-dup-0,3,재생력
rec-144-dup-0,11,さいせいりょく
rec-144-dup-0,5,Régé-Force
rec-20-dup-0,4,我行我素
rec-20-dup-0,8,Mente Locale
rec-20-dup-0,5,Tempo Perso
rec-20-dup-0,6,Tempomacher
rec-20-dup-0,12,我行我素
rec-20-dup-0,3,마이페이스
rec-20-dup-0,9,Own Tempo
rec-20-dup-0,7,Ritmo Propio
rec-20-dup-0,11,マイペース
rec-20-dup-0,1,マイペース
rec-10051-dup-0,9,Disgust
rec-39-dup-0,7,Foco Interno
rec-39-dup-0,6,Konzentrator
rec-39-dup-0,4,精神力
rec-39-dup-0,11,せいしんりょく
rec-39-dup-0,3,정신력
rec-39-dup-0,1,せいしんりょく
rec-39-dup-0,8,Forza Interiore
rec-39-dup-0,9,Inner Focus
rec-39-dup-0,12,精神力
rec-39-dup-0,5,Attention
rec-8-dup-1,9,Sand Veil
rec-8-dup-1,7,Velo Arena
rec-8-dup-1,8,Sabbiavelo
rec-8-dup-1,6,Sandschleier
rec-8-dup-1,1,すながくれ
rec-8-dup-1,5,Voile Sable
rec-8-dup-1,12,沙隐
rec-8-dup-1,4,沙隱
rec-8-dup-1,11,すながくれ
rec-8-dup-1,3,모래숨기
rec-209-dup-0,8,Fantasmanto
rec-209-dup-0,4,畫皮
rec-209-dup-0,7,Disfraz
rec-209-dup-0,1,ばけのかわ
rec-209-dup-0,3,탈
rec-209-dup-0,6,Kostümspuk
rec-209-dup-0,9,Disguise
rec-209-dup-0,5,Fantômasque
rec-209-dup-0,12,画皮
rec-209-dup-0,11,ばけのかわ
rec-35-dup-0,3,발광
rec-35-dup-0,8,Risplendi
rec-35-dup-0,11,はっこう
rec-35-dup-0,12,发光
rec-35-dup-0,5,Lumiattirance
rec-35-dup-0,9,Illuminate
rec-35-dup-0,6,Erleuchtung
rec-35-dup-0,4,發光
rec-35-dup-0,7,Iluminación
rec-35-dup-0,1,はっこう
rec-240-dup-1,6,Spiegelrüstung
rec-240-dup-1,12,镜甲
rec-240-dup-1,7,Coraza Reflejo
rec-240-dup-1,5,Armure Miroir
rec-240-dup-1,8,Blindospecchio
rec-240-dup-1,1,ミラーアーマー
rec-240-dup-1,11,ミラーアーマー
rec-240-dup-1,3,미러아머
rec-240-dup-1,9,Mirror Armor
rec-240-dup-1,4,鏡甲
rec-123-dup-1,8,Sogniamari
rec-123-dup-1,11,ナイトメア
rec-123-dup-1,4,夢魘
rec-123-dup-1,1,ナイトメア
rec-123-dup-1,3,나이트메어
rec-123-dup-1,12,梦魇
rec-123-dup-1,6,Alptraum
rec-123-dup-1,5,Mauvais Rêve
rec-123-dup-1,9,Bad Dreams
rec-123-dup-1,7,Mal Sueño
rec-10046-dup-0,9,Omnipotent
rec-10022-dup-0,9,Life Force
rec-5-dup-0,5,Fermeté
rec-5-dup-0,12,结实
rec-5-dup-0,11,がんじょう
rec-5-dup-0,3,옹골참
rec-5-dup-0,7,Robustez
rec-5-dup-0,9,Sturdy
rec-5-dup-0,4,結實
rec-5-dup-0,6,Robustheit
rec-5-dup-0,8,Vigore
rec-5-dup-0,1,がんじょう
rec-144-dup-1,6,Belebekraft
rec-144-dup-1,12,再生力
rec-144-dup-1,4,再生力
rec-144-dup-1,1,さいせいりょく
rec-144-dup-1,8,Rigenergia
rec-144-dup-1,9,Regenerator
rec-144-dup-1,7,Regeneración
rec-144-dup-1,3,재생력
rec-144-dup-1,11,さいせいりょく
rec-144-dup-1,5,Régé-Force
rec-31-dup-0,9,Lightning Rod
rec-31-dup-0,12,避雷针
rec-31-dup-0,8,Parafulmine
rec-31-dup-0,7,Pararrayos
rec-31-dup-0,4,避雷針
rec-31-dup-0,5,Paratonnerre
rec-31-dup-0,11,ひらいしん
rec-31-dup-0,1,ひらいしん
rec-31-dup-0,6,Blitzfänger
rec-31-dup-0,3,피뢰침
rec-231-dup-0,9,Shadow Shield
rec-231-dup-0,6,Phantomschutz
rec-231-dup-0,1,ファントムガード
rec-231-dup-0,12,幻影防守
rec-231-dup-0,11,ファントムガード
rec-231-dup-0,8,Spettroguardia
rec-231-dup-0,5,Spectro-Bouclier
rec-231-dup-0,3,스펙터가드
rec-231-dup-0,4,幻影防守
rec-231-dup-0,7,Guardia Espectro
rec-212-dup-0,3,부식
rec-212-dup-0,6,Korrosion
rec-212-dup-0,4,腐蝕
rec-212-dup-0,5,Corrosion
rec-212-dup-0,8,Corrosione
rec-212-dup-0,1,ふしょく
rec-212-dup-0,7,Corrosión
rec-212-dup-0,9,Corrosion
rec-212-dup-0,11,ふしょく
rec-212-dup-0,12,腐蚀
rec-10011-dup-1,9,Tenacity
rec-240-dup-0,6,Spiegelrüstung
rec-240-dup-0,12,镜甲
rec-240-dup-0,7,Coraza Reflejo
rec-240-dup-0,5,Armure Miroir
rec-240-dup-0,8,Blindospecchio
rec-240-dup-0,1,ミラーアーマー
rec-240-dup-0,11,ミラーアーマー
rec-240-dup-0,3,미러아머
rec-240-dup-0,9,Mirror Armor
rec-240-dup-0,4,鏡甲
rec-243-dup-1,7,Combustible
rec-243-dup-1,4,蒸汽機
rec-243-dup-1,5,Turbine
rec-243-dup-1,8,Vapormacchina
rec-243-dup-1,11,じょうききかん
rec-243-dup-1,1,じょうききかん
rec-243-dup-1,3,증기기관
rec-243-dup-1,12,蒸汽机
rec-243-dup-1,9,Steam Engine
rec-243-dup-1,6,Dampfantrieb
rec-129-dup-0,6,Schwächling
rec-129-dup-0,8,Sconforto
rec-129-dup-0,1,よわき
rec-129-dup-0,11,よわき
rec-129-dup-0,5,Défaitiste
rec-129-dup-0,3,무기력
rec-129-dup-0,9,Defeatist
rec-129-dup-0,12,软弱
rec-129-dup-0,4,軟弱
rec-129-dup-0,7,Flaqueza
rec-186-dup-0,12,暗黑气场
rec-186-dup-0,11,ダークオーラ
rec-186-dup-0,1,ダークオーラ
rec-186-dup-0,6,Dunkelaura
rec-186-dup-0,3,다크오라
rec-186-dup-0,8,Auratetra
rec-186-dup-0,7,Aura Oscura
rec-186-dup-0,4,暗黑氣場
rec-186-dup-0,5,Aura Ténébreuse
rec-186-dup-0,9,Dark Aura
rec-10031-dup-0,9,Vanguard
rec-10022-dup-1,9,Life Force
rec-60-dup-0,6,Klebekörper
rec-60-dup-0,8,Antifurto
rec-60-dup-0,9,Sticky Hold
rec-60-dup-0,7,Viscosidad
rec-60-dup-0,11,ねんちゃく
rec-60-dup-0,12,黏着
rec-60-dup-0,3,점착
rec-60-dup-0,5,Glu
rec-60-dup-0,4,黏著
rec-60-dup-0,1,ねんちゃく
rec-138-dup-0,11,ねつぼうそう
rec-138-dup-0,3,열폭주
rec-138-dup-0,7,Ímpetu Ardiente
rec-138-dup-0,12,受热激升
rec-138-dup-0,8,Bruciaimpeto
rec-138-dup-0,6,Hitzewahn
rec-138-dup-0,9,Flare Boost
rec-138-dup-0,1,ねつぼうそう
rec-138-dup-0,5,Rage Brûlure
rec-138-dup-0,4,受熱激升
rec-190-dup-0,7,Tierra del Ocaso
rec-190-dup-0,5,Terre Finale
rec-190-dup-0,12,终结之地
rec-190-dup-0,8,Terra Estrema
rec-190-dup-0,1,おわりのだいち
rec-190-dup-0,6,Endland
rec-190-dup-0,9,Desolate Land
rec-190-dup-0,3,끝의대지
rec-190-dup-0,11,おわりのだいち
rec-190-dup-0,4,終結之地
rec-10003-dup-0,9,Skater
rec-52-dup-0,7,Corte Fuerte
rec-52-dup-0,8,Ipertaglio
rec-52-dup-0,4,怪力鉗
rec-52-dup-0,5,Hyper Cutter
rec-52-dup-0,11,かいりきバサミ
rec-52-dup-0,1,かいりきバサミ
rec-52-dup-0,9,Hyper Cutter
rec-52-dup-0,12,怪力钳
rec-52-dup-0,3,괴력집게
rec-52-dup-0,6,Scherenmacht
rec-253-dup-1,12,灭亡之躯
rec-253-dup-1,4,滅亡之軀
rec-253-dup-1,8,Ultimotocco
rec-253-dup-1,6,Unheilskörper
rec-253-dup-1,11,ほろびのボディ
rec-253-dup-1,5,Corps Condamné
rec-253-dup-1,9,Perish Body
rec-253-dup-1,7,Cuerpo Mortal
rec-253-dup-1,3,멸망의바디
rec-253-dup-1,1,ほろびのボディ
rec-10053-dup-0,9,Climber
rec-147-dup-1,12,奇迹皮肤
rec-147-dup-1,1,ミラクルスキン
rec-147-dup-1,11,ミラクルスキン
rec-147-dup-1,3,미라클스킨
rec-147-dup-1,7,Piel Milagro
rec-147-dup-1,4,奇跡皮膚
rec-147-dup-1,5,Peau Miracle
rec-147-dup-1,6,Wunderhaut
rec-147-dup-1,9,Wonder Skin
rec-147-dup-1,8,Splendicute
rec-123-dup-0,8,Sogniamari
rec-123-dup-0,11,ナイトメア
rec-123-dup-0,4,夢魘
rec-123-dup-0,1,ナイトメア
rec-123-dup-0,3,나이트메어
rec-123-dup-0,12,梦魇
rec-123-dup-0,6,Alptraum
rec-123-dup-0,5,Mauvais Rêve
rec-123-dup-0,9,Bad Dreams
rec-123-dup-0,7,Mal Sueño
rec-30-dup-0,5,Médic Nature
rec-30-dup-0,4,自然回復
rec-30-dup-0,6,Innere Kraft
rec-30-dup-0,11,しぜんかいふく
rec-30-dup-0,7,Cura Natural
rec-30-dup-0,3,자연회복
rec-30-dup-0,8,Alternacura
rec-30-dup-0,9,Natural Cure
rec-30-dup-0,12,自然回复
rec-30-dup-0,1,しぜんかいふく
rec-10025-dup-0,9,Melee
rec-15-dup-0,8,Insonnia
rec-15-dup-0,6,Insomnia
rec-15-dup-0,7,Insomnio
rec-15-dup-0,9,Insomnia
rec-15-dup-0,1,ふみん
rec-15-dup-0,11,ふみん
rec-15-dup-0,3,불면
rec-15-dup-0,5,Insomnia
rec-15-dup-0,4,不眠
rec-15-dup-0,12,不眠
rec-23-dup-0,12,踩影
rec-23-dup-0,4,踩影
rec-23-dup-0,5,Marque Ombre
rec-23-dup-0,3,그림자밟기
rec-23-dup-0,8,Pedinombra
rec-23-dup-0,11,かげふみ
rec-23-dup-0,6,Wegsperre
rec-23-dup-0,9,Shadow Tag
rec-23-dup-0,7,Sombra Trampa
rec-23-dup-0,1,かげふみ
rec-262-dup-0,11,トランジスタ
rec-262-dup-0,1,トランジスタ
rec-262-dup-0,5,Transistor
rec-262-dup-0,4,電晶體
rec-262-dup-0,12,电晶体
rec-262-dup-0,8,Transistor
rec-262-dup-0,6,Transistor
rec-262-dup-0,3,트랜지스터
rec-262-dup-0,9,Transistor
rec-262-dup-0,7,Transistor
rec-10046-dup-1,9,Omnipotent
rec-124-dup-0,11,わるいてぐせ
rec-124-dup-0,6,Langfinger
rec-124-dup-0,1,わるいてぐせ
rec-124-dup-0,9,Pickpocket
rec-124-dup-0,5,Pickpocket
rec-124-dup-0,7,Hurto
rec-124-dup-0,12,顺手牵羊
rec-124-dup-0,8,Arraffalesto
rec-124-dup-0,3,나쁜손버릇
rec-124-dup-0,4,順手牽羊
rec-132-dup-0,1,フレンドガード
rec-132-dup-0,11,フレンドガード
rec-132-dup-0,4,友情防守
rec-132-dup-0,8,Amicoscudo
rec-132-dup-0,3,프렌드가드
rec-132-dup-0,6,Freundeshut
rec-132-dup-0,5,Garde-Ami
rec-132-dup-0,12,友情防守
rec-132-dup-0,7,Compiescolta
rec-132-dup-0,9,Friend Guard
rec-77-dup-0,12,蹒跚
rec-77-dup-0,4,蹣跚
rec-77-dup-0,3,갈지자걸음
rec-77-dup-0,11,ちどりあし
rec-77-dup-0,8,Intricopiedi
rec-77-dup-0,7,Tumbos
rec-77-dup-0,5,Pieds Confus
rec-77-dup-0,6,Fußangel
rec-77-dup-0,1,ちどりあし
rec-77-dup-0,9,Tangled Feet
rec-224-dup-0,1,ビーストブースト
rec-224-dup-0,3,비스트부스트
rec-224-dup-0,7,Ultraimpulso
rec-224-dup-0,8,Ultraboost
rec-224-dup-0,6,Bestien-Boost
rec-224-dup-0,5,Boost Chimère
rec-224-dup-0,9,Beast Boost
rec-224-dup-0,11,ビーストブースト
rec-224-dup-0,12,异兽提升
rec-224-dup-0,4,異獸提升
rec-10021-dup-0,9,Medic
rec-10040-dup-1,9,Interference
rec-101-dup-0,9,Technician
rec-101-dup-0,3,테크니션
rec-101-dup-0,8,Tecnico
rec-101-dup-0,5,Technicien
rec-101-dup-0,11,テクニシャン
rec-101-dup-0,1,テクニシャン
rec-101-dup-0,4,技術高手
rec-101-dup-0,6,Techniker
rec-101-dup-0,7,Experto
rec-101-dup-0,12,技术高手
rec-239-dup-0,1,スクリューおびれ
rec-239-dup-0,6,Schraubflosse
rec-239-dup-0,5,Propulseur
rec-239-dup-0,11,スクリューおびれ
rec-239-dup-0,9,Propeller Tail
rec-239-dup-0,4,螺旋尾鰭
rec-239-dup-0,12,螺旋尾鳍
rec-239-dup-0,8,Elicopinna
rec-239-dup-0,3,스크루지느러미
rec-239-dup-0,7,Hélice Caudal
rec-198-dup-0,4,監視
rec-198-dup-0,7,Vigilante
rec-198-dup-0,8,Sorveglianza
rec-198-dup-0,3,잠복
rec-198-dup-0,1,はりこみ
rec-198-dup-0,12,蹲守
rec-198-dup-0,9,Stakeout
rec-198-dup-0,5,Filature
rec-198-dup-0,6,Beschattung
rec-198-dup-0,11,はりこみ
rec-114-dup-0,5,Lavabo
rec-114-dup-0,11,よびみず
rec-114-dup-0,6,Sturmsog
rec-114-dup-0,1,よびみず
rec-114-dup-0,4,引水
rec-114-dup-0,7,Colector
rec-114-dup-0,3,마중물
rec-114-dup-0,12,引水
rec-114-dup-0,9,Storm Drain
rec-114-dup-0,8,Acquascolo
rec-10019-dup-0,9,Sandpit
rec-117-dup-1,4,降雪
rec-117-dup-1,11,ゆきふらし
rec-117-dup-1,6,Hagelalarm
rec-117-dup-1,1,ゆきふらし
rec-117-dup-1,12,降雪
rec-117-dup-1,3,눈퍼뜨리기
rec-117-dup-1,8,Scendineve
rec-117-dup-1,7,Nevada
rec-117-dup-1,5,Alerte Neige
rec-117-dup-1,9,Snow Warning
rec-174-dup-0,4,冰凍皮膚
rec-174-dup-0,8,Pellegelo
rec-174-dup-0,3,프리즈스킨
rec-174-dup-0,7,Piel Helada
rec-174-dup-0,6,Frostschicht
rec-174-dup-0,11,フリーズスキン
rec-174-dup-0,1,フリーズスキン
rec-174-dup-0,5,Peau Gelée
rec-174-dup-0,12,冰冻皮肤
rec-174-dup-0,9,Refrigerate
rec-22-dup-0,12,威吓
rec-22-dup-0,1,いかく
rec-22-dup-0,7,Intimidación
rec-22-dup-0,9,Intimidate
rec-22-dup-0,4,威嚇
rec-22-dup-0,6,Bedroher
rec-22-dup-0,8,Prepotenza
rec-22-dup-0,11,いかく
rec-22-dup-0,3,위협
rec-22-dup-0,5,Intimidation
rec-59-dup-1,5,Météo
rec-59-dup-1,9,Forecast
rec-59-dup-1,1,てんきや
rec-59-dup-1,12,阴晴不定
rec-59-dup-1,7,Predicción
rec-59-dup-1,4,陰晴不定
rec-59-dup-1,3,기분파
rec-59-dup-1,6,Prognose
rec-59-dup-1,8,Previsioni
rec-59-dup-1,11,てんきや
rec-36-dup-1,12,复制
rec-36-dup-1,1,トレース
rec-36-dup-1,3,트레이스
rec-36-dup-1,7,Rastro
rec-36-dup-1,9,Trace
rec-36-dup-1,8,Traccia
rec-36-dup-1,6,Erfassen
rec-36-dup-1,11,トレース
rec-36-dup-1,4,複製
rec-36-dup-1,5,Calque
rec-207-dup-0,11,サーフテール
rec-207-dup-0,12,冲浪之尾
rec-207-dup-0,7,Cola Surf
rec-207-dup-0,8,Codasurf
rec-207-dup-0,3,서핑테일
rec-207-dup-0,6,Surf-Schweif
rec-207-dup-0,5,Surf Caudal
rec-207-dup-0,9,Surge Surfer
rec-207-dup-0,4,衝浪之尾
rec-207-dup-0,1,サーフテール
rec-96-dup-0,3,노말스킨
rec-96-dup-0,11,ノーマルスキン
rec-96-dup-0,5,Normalise
rec-96-dup-0,1,ノーマルスキン
rec-96-dup-0,6,Regulierung
rec-96-dup-0,7,Normalidad
rec-96-dup-0,8,Normalità
rec-96-dup-0,9,Normalize
rec-96-dup-0,12,一般皮肤
rec-96-dup-0,4,一般皮膚
rec-63-dup-0,1,ふしぎなうろこ
rec-63-dup-0,6,Notschutz
rec-63-dup-0,7,Escama Especial
rec-63-dup-0,5,Écaille Spéciale
rec-63-dup-0,4,神奇鱗片
rec-63-dup-0,8,Pelledura
rec-63-dup-0,11,ふしぎなうろこ
rec-63-dup-0,9,Marvel Scale
rec-63-dup-0,3,이상한비늘
rec-63-dup-0,12,神奇鳞片
rec-253-dup-0,12,灭亡之躯
rec-253-dup-0,4,滅亡之軀
rec-253-dup-0,8,Ultimotocco
rec-253-dup-0,6,Unheilskörper
rec-253-dup-0,11,ほろびのボディ
rec-253-dup-0,5,Corps Condamné
rec-253-dup-0,9,Perish Body
rec-253-dup-0,7,Cuerpo Mortal
rec-253-dup-0,3,멸망의바디
rec-253-dup-0,1,ほろびのボディ
rec-113-dup-0,4,膽量
rec-113-dup-0,11,きもったま
rec-113-dup-0,12,胆量
rec-113-dup-0,7,Intrépido
rec-113-dup-0,3,배짱
rec-113-dup-0,1,きもったま
rec-113-dup-0,8,Nervisaldi
rec-113-dup-0,9,Scrappy
rec-113-dup-0,5,Querelleur
rec-113-dup-0,6,Rauflust
rec-163-dup-1,5,Turbo Brasier
rec-163-dup-1,3,터보블레이즈
rec-163-dup-1,7,Turbollama
rec-163-dup-1,4,渦輪火焰
rec-163-dup-1,8,Piroturbina
rec-163-dup-1,6,Turbobrand
rec-163-dup-1,12,涡轮火焰
rec-163-dup-1,1,ターボブレイズ
rec-163-dup-1,11,ターボブレイズ
rec-163-dup-1,9,Turboblaze
rec-229-dup-1,5,Créa-Herbe
rec-229-dup-1,3,그래스메이커
rec-229-dup-1,11,グラスメイカー
rec-229-dup-1,7,Herbogénesis
rec-229-dup-1,6,Gras-Erzeuger
rec-229-dup-1,8,Erbogenesi
rec-229-dup-1,12,青草制造者
rec-229-dup-1,4,青草製造者
rec-229-dup-1,1,グラスメイカー
rec-229-dup-1,9,Grassy Surge
rec-69-dup-0,4,堅硬腦袋
rec-69-dup-0,6,Steinhaupt
rec-69-dup-0,11,いしあたま
rec-69-dup-0,1,いしあたま
rec-69-dup-0,8,Testadura
rec-69-dup-0,12,坚硬脑袋
rec-69-dup-0,7,Cabeza Roca
rec-69-dup-0,9,Rock Head
rec-69-dup-0,3,돌머리
rec-69-dup-0,5,Tête de Roc
rec-143-dup-0,6,Giftgriff
rec-143-dup-0,3,독수
rec-143-dup-0,7,Toque Tóxico
rec-143-dup-0,1,どくしゅ
rec-143-dup-0,12,毒手
rec-143-dup-0,5,Toxitouche
rec-143-dup-0,11,どくしゅ
rec-143-dup-0,9,Poison Touch
rec-143-dup-0,4,毒手
rec-143-dup-0,8,Velentocco
rec-157-dup-1,12,食草
rec-157-dup-1,9,Sap Sipper
rec-157-dup-1,4,食草
rec-157-dup-1,8,Mangiaerba
rec-157-dup-1,7,Herbívoro
rec-157-dup-1,5,Herbivore
rec-157-dup-1,6,Vegetarier
rec-157-dup-1,3,초식
rec-157-dup-1,1,そうしょく
rec-157-dup-1,11,そうしょく
rec-81-dup-1,9,Snow Cloak
rec-81-dup-1,7,Manto Níveo
rec-81-dup-1,11,ゆきがくれ
rec-81-dup-1,12,雪隐
rec-81-dup-1,3,눈숨기
rec-81-dup-1,4,雪隱
rec-81-dup-1,8,Mantelneve
rec-81-dup-1,1,ゆきがくれ
rec-81-dup-1,6,Schneemantel
rec-81-dup-1,5,Rideau Neige
rec-66-dup-0,7,Mar Llamas
rec-66-dup-0,9,Blaze
rec-66-dup-0,3,맹화
rec-66-dup-0,5,Brasier
rec-66-dup-0,6,Großbrand
rec-66-dup-0,12,猛火
rec-66-dup-0,11,もうか
rec-66-dup-0,1,もうか
rec-66-dup-0,8,Aiutofuoco
rec-66-dup-0,4,猛火
rec-234-dup-1,9,Intrepid Sword
rec-234-dup-1,5,Lame Indomptable
rec-234-dup-1,7,Espada Indómita
rec-234-dup-1,12,不挠之剑
rec-234-dup-1,1,ふとうのけん
rec-234-dup-1,6,Kühnes Schwert
rec-234-dup-1,11,ふとうのけん
rec-234-dup-1,8,Spada Indomita
rec-234-dup-1,4,不撓之劍
rec-234-dup-1,3,불요의검
rec-114-dup-1,5,Lavabo
rec-114-dup-1,11,よびみず
rec-114-dup-1,6,Sturmsog
rec-114-dup-1,1,よびみず
rec-114-dup-1,4,引水
rec-114-dup-1,7,Colector
rec-114-dup-1,3,마중물
rec-114-dup-1,12,引水
rec-114-dup-1,9,Storm Drain
rec-114-dup-1,8,Acquascolo
rec-10005-dup-0,9,Perception
rec-10018-dup-1,9,Herbivore
rec-50-dup-0,3,도주
rec-50-dup-0,5,Fuite
rec-50-dup-0,1,にげあし
rec-50-dup-0,9,Run Away
rec-50-dup-0,8,Fugafacile
rec-50-dup-0,4,逃跑
rec-50-dup-0,12,逃跑
rec-50-dup-0,7,Fuga
rec-50-dup-0,11,にげあし
rec-50-dup-0,6,Angsthase
rec-81-dup-0,9,Snow Cloak
rec-81-dup-0,7,Manto Níveo
rec-81-dup-0,11,ゆきがくれ
rec-81-dup-0,12,雪隐
rec-81-dup-0,3,눈숨기
rec-81-dup-0,4,雪隱
rec-81-dup-0,8,Mantelneve
rec-81-dup-0,1,ゆきがくれ
rec-81-dup-0,6,Schneemantel
rec-81-dup-0,5,Rideau Neige
rec-10054-dup-0,9,Flame Boost
rec-16-dup-0,9,Color Change
rec-16-dup-0,7,Cambio Color
rec-16-dup-0,8,Cambiacolore
rec-16-dup-0,3,변색
rec-16-dup-0,4,變色
rec-16-dup-0,6,Farbwechsel
rec-16-dup-0,12,变色
rec-16-dup-0,1,へんしょく
rec-16-dup-0,11,へんしょく
rec-16-dup-0,5,Homochromie
rec-36-dup-0,12,复制
rec-36-dup-0,1,トレース
rec-36-dup-0,3,트레이스
rec-36-dup-0,7,Rastro
rec-36-dup-0,9,Trace
rec-36-dup-0,8,Traccia
rec-36-dup-0,6,Erfassen
rec-36-dup-0,11,トレース
rec-36-dup-0,4,複製
rec-36-dup-0,5,Calque
rec-45-dup-0,9,Sand Stream
rec-45-dup-0,12,扬沙
rec-45-dup-0,8,Sabbiafiume
rec-45-dup-0,6,Sandsturm
rec-45-dup-0,3,모래날림
rec-45-dup-0,11,すなおこし
rec-45-dup-0,5,Sable Volant
rec-45-dup-0,4,揚沙
rec-45-dup-0,1,すなおこし
rec-45-dup-0,7,Chorro Arena
rec-10058-dup-0,9,Shackle
rec-10026-dup-0,9,Sponge
rec-100-dup-0,3,시간벌기
rec-100-dup-0,6,Zeitspiel
rec-100-dup-0,8,Rallentatore
rec-100-dup-0,4,慢出
rec-100-dup-0,9,Stall
rec-100-dup-0,11,あとだし
rec-100-dup-0,1,あとだし
rec-100-dup-0,7,Rezagado
rec-100-dup-0,5,Frein
rec-100-dup-0,12,慢出
rec-250-dup-0,7,Mimetismo
rec-250-dup-0,9,Mimicry
rec-250-dup-0,12,拟态
rec-250-dup-0,6,Mimese
rec-250-dup-0,1,ぎたい
rec-250-dup-0,11,ぎたい
rec-250-dup-0,8,Mimetismo
rec-250-dup-0,3,의태
rec-250-dup-0,5,Mimétisme
rec-250-dup-0,4,擬態
rec-173-dup-1,6,Titankiefer
rec-173-dup-1,4,強壯之顎
rec-173-dup-1,7,Mandíbula Fuerte
rec-173-dup-1,11,がんじょうあご
rec-173-dup-1,12,强壮之颚
rec-173-dup-1,9,Strong Jaw
rec-173-dup-1,1,がんじょうあご
rec-173-dup-1,8,Ferromascella
rec-173-dup-1,3,옹골찬턱
rec-173-dup-1,5,Prognathe
rec-261-dup-0,8,Stranofarmaco
rec-261-dup-0,12,怪药
rec-261-dup-0,4,怪藥
rec-261-dup-0,6,Kuriose Arznei
rec-261-dup-0,1,きみょうなくすり
rec-261-dup-0,9,Curious Medicine
rec-261-dup-0,11,きみょうなくすり
rec-261-dup-0,3,기묘한약
rec-261-dup-0,5,Breuvage Suspect
rec-261-dup-0,7,Medicina Extraña
rec-214-dup-0,12,女王的威严
rec-214-dup-0,4,女王的威嚴
rec-214-dup-0,8,Regalità
rec-214-dup-0,11,じょおうのいげん
rec-214-dup-0,6,Majestät
rec-214-dup-0,3,여왕의위엄
rec-214-dup-0,1,じょおうのいげん
rec-214-dup-0,9,Queenly Majesty
rec-214-dup-0,7,Regia Presencia
rec-214-dup-0,5,Prestance Royale
rec-10040-dup-0,9,Interference
rec-9-dup-0,7,Elec. Estática
rec-9-dup-0,11,せいでんき
rec-9-dup-0,12,静电
rec-9-dup-0,3,정전기
rec-9-dup-0,1,せいでんき
rec-9-dup-0,5,Statik
rec-9-dup-0,8,Statico
rec-9-dup-0,9,Static
rec-9-dup-0,4,靜電
rec-9-dup-0,6,Statik
rec-243-dup-0,7,Combustible
rec-243-dup-0,4,蒸汽機
rec-243-dup-0,5,Turbine
rec-243-dup-0,8,Vapormacchina
rec-243-dup-0,11,じょうききかん
rec-243-dup-0,1,じょうききかん
rec-243-dup-0,3,증기기관
rec-243-dup-0,12,蒸汽机
rec-243-dup-0,9,Steam Engine
rec-243-dup-0,6,Dampfantrieb
rec-117-dup-0,4,降雪
rec-117-dup-0,11,ゆきふらし
rec-117-dup-0,6,Hagelalarm
rec-117-dup-0,1,ゆきふらし
rec-117-dup-0,12,降雪
rec-117-dup-0,3,눈퍼뜨리기
rec-117-dup-0,8,Scendineve
rec-117-dup-0,7,Nevada
rec-117-dup-0,5,Alerte Neige
rec-117-dup-0,9,Snow Warning
rec-161-dup-1,9,Zen Mode
rec-161-dup-1,3,달마모드
rec-161-dup-1,4,達摩模式
rec-161-dup-1,11,ダルマモード
rec-161-dup-1,1,ダルマモード
rec-161-dup-1,6,Trance-Modus
rec-161-dup-1,5,Mode Transe
rec-161-dup-1,7,Modo Daruma
rec-161-dup-1,12,达摩模式
rec-161-dup-1,8,Stato Zen
rec-233-dup-0,6,Zerebralmacht
rec-233-dup-0,5,Cérébro-Force
rec-233-dup-0,7,Fuerza Cerebral
rec-233-dup-0,1,ブレインフォース
rec-233-dup-0,11,ブレインフォース
rec-233-dup-0,8,Cerebroforza
rec-233-dup-0,4,腦核之力
rec-233-dup-0,12,脑核之力
rec-233-dup-0,3,브레인포스
rec-233-dup-0,9,Neuroforce
rec-197-dup-1,9,Shields Down
rec-197-dup-1,8,Scudosoglia
rec-197-dup-1,6,Limitschild
rec-197-dup-1,4,界限盾殼
rec-197-dup-1,1,リミットシールド
rec-197-dup-1,11,リミットシールド
rec-197-dup-1,12,界限盾壳
rec-197-dup-1,5,Bouclier-Carcan
rec-197-dup-1,3,리밋실드
rec-197-dup-1,7,Escudo Limitado
rec-47-dup-0,9,Thick Fat
rec-47-dup-0,11,あついしぼう
rec-47-dup-0,6,Speckschicht
rec-47-dup-0,1,あついしぼう
rec-47-dup-0,3,두꺼운지방
rec-47-dup-0,4,厚脂肪
rec-47-dup-0,8,Grassospesso
rec-47-dup-0,5,Isograisse
rec-47-dup-0,12,厚脂肪
rec-47-dup-0,7,Sebo
rec-10020-dup-0,9,Hot Blooded
rec-90-dup-0,12,毒疗
rec-90-dup-0,1,ポイズンヒール
rec-90-dup-0,9,Poison Heal
rec-90-dup-0,11,ポイズンヒール
rec-90-dup-0,7,Antídoto
rec-90-dup-0,3,포이즌힐
rec-90-dup-0,5,Soin Poison
rec-90-dup-0,4,毒療
rec-90-dup-0,8,Velencura
rec-90-dup-0,6,Aufheber
rec-234-dup-0,9,Intrepid Sword
rec-234-dup-0,5,Lame Indomptable
rec-234-dup-0,7,Espada Indómita
rec-234-dup-0,12,不挠之剑
rec-234-dup-0,1,ふとうのけん
rec-234-dup-0,6,Kühnes Schwert
rec-234-dup-0,11,ふとうのけん
rec-234-dup-0,8,Spada Indomita
rec-234-dup-0,4,不撓之劍
rec-234-dup-0,3,불요의검
rec-10050-dup-0,9,Sprint
rec-242-dup-0,4,堅毅
rec-242-dup-0,8,Volontà di Ferro
rec-242-dup-0,1,すじがねいり
rec-242-dup-0,11,すじがねいり
rec-242-dup-0,3,굳건한신념
rec-242-dup-0,12,坚毅
rec-242-dup-0,9,Stalwart
rec-242-dup-0,6,Stahlrückgrat
rec-242-dup-0,5,Nerfs dAcier
rec-242-dup-0,7,Acérrimo
rec-177-dup-0,9,Gale Wings
rec-177-dup-0,1,はやてのつばさ
rec-177-dup-0,3,질풍날개
rec-177-dup-0,5,Ailes Bourrasque
rec-177-dup-0,12,疾风之翼
rec-177-dup-0,7,Alas Vendaval
rec-177-dup-0,6,Orkanschwingen
rec-177-dup-0,8,Aliraffica
rec-177-dup-0,11,はやてのつばさ
rec-177-dup-0,4,疾風之翼
rec-109-dup-0,12,纯朴
rec-109-dup-0,4,純樸
rec-109-dup-0,7,Ignorante
rec-109-dup-0,5,Inconscient
rec-109-dup-0,6,Unkenntnis
rec-109-dup-0,11,てんねん
rec-109-dup-0,3,천진
rec-109-dup-0,9,Unaware
rec-109-dup-0,8,Imprudenza
rec-109-dup-0,1,てんねん
rec-8-dup-0,9,Sand Veil
rec-8-dup-0,7,Velo Arena
rec-8-dup-0,8,Sabbiavelo
rec-8-dup-0,6,Sandschleier
rec-8-dup-0,1,すながくれ
rec-8-dup-0,5,Voile Sable
rec-8-dup-0,12,沙隐
rec-8-dup-0,4,沙隱
rec-8-dup-0,11,すながくれ
rec-8-dup-0,3,모래숨기
rec-174-dup-1,4,冰凍皮膚
rec-174-dup-1,8,Pellegelo
rec-174-dup-1,3,프리즈스킨
rec-174-dup-1,7,Piel Helada
rec-174-dup-1,6,Frostschicht
rec-174-dup-1,11,フリーズスキン
rec-174-dup-1,1,フリーズスキン
rec-174-dup-1,5,Peau Gelée
rec-174-dup-1,12,冰冻皮肤
rec-174-dup-1,9,Refrigerate
rec-10021-dup-1,9,Medic
rec-5-dup-1,5,Fermeté
rec-5-dup-1,12,结实
rec-5-dup-1,11,がんじょう
rec-5-dup-1,3,옹골참
rec-5-dup-1,7,Robustez
rec-5-dup-1,9,Sturdy
rec-5-dup-1,4,結實
rec-5-dup-1,6,Robustheit
rec-5-dup-1,8,Vigore
rec-5-dup-1,1,がんじょう
rec-206-dup-0,11,エレキスキン
rec-206-dup-0,6,Elektrohaut
rec-206-dup-0,4,電氣皮膚
rec-206-dup-0,5,Peau Électrique
rec-206-dup-0,3,일렉트릭스킨
rec-206-dup-0,12,电气皮肤
rec-206-dup-0,8,Pellelettro
rec-206-dup-0,9,Galvanize
rec-206-dup-0,1,エレキスキン
rec-206-dup-0,7,Piel Eléctrica
rec-188-dup-0,8,Frangiaura
rec-188-dup-0,4,氣場破壞
rec-188-dup-0,9,Aura Break
rec-188-dup-0,12,气场破坏
rec-188-dup-0,6,Aura-Umkehr
rec-188-dup-0,11,オーラブレイク
rec-188-dup-0,7,Rompeaura
rec-188-dup-0,5,Aura Inversée
rec-188-dup-0,1,オーラブレイク
rec-188-dup-0,3,오라브레이크
rec-128-dup-0,8,Agonismo
rec-128-dup-0,4,不服輸
rec-128-dup-0,6,Siegeswille
rec-128-dup-0,3,오기
rec-128-dup-0,1,まけんき
rec-128-dup-0,11,まけんき
rec-128-dup-0,12,不服输
rec-128-dup-0,5,Acharné
rec-128-dup-0,9,Defiant
rec-128-dup-0,7,Competitivo
rec-197-dup-0,9,Shields Down
rec-197-dup-0,8,Scudosoglia
rec-197-dup-0,6,Limitschild
rec-197-dup-0,4,界限盾殼
rec-197-dup-0,1,リミットシールド
rec-197-dup-0,11,リミットシールド
rec-197-dup-0,12,界限盾壳
rec-197-dup-0,5,Bouclier-Carcan
rec-197-dup-0,3,리밋실드
rec-197-dup-0,7,Escudo Limitado
rec-10035-dup-0,9,Celebrate
rec-250-dup-1,7,Mimetismo
rec-250-dup-1,9,Mimicry
rec-250-dup-1,12,拟态
rec-250-dup-1,6,Mimese
rec-250-dup-1,1,ぎたい
rec-250-dup-1,11,ぎたい
rec-250-dup-1,8,Mimetismo
rec-250-dup-1,3,의태
rec-250-dup-1,5,Mimétisme
rec-250-dup-1,4,擬態
rec-231-dup-1,9,Shadow Shield
rec-231-dup-1,6,Phantomschutz
rec-231-dup-1,1,ファントムガード
rec-231-dup-1,12,幻影防守
rec-231-dup-1,11,ファントムガード
rec-231-dup-1,8,Spettroguardia
rec-231-dup-1,5,Spectro-Bouclier
rec-231-dup-1,3,스펙터가드
rec-231-dup-1,4,幻影防守
rec-231-dup-1,7,Guardia Espectro
rec-51-dup-0,11,するどいめ
rec-51-dup-0,3,날카로운눈
rec-51-dup-0,9,Keen Eye
rec-51-dup-0,5,Regard Vif
rec-51-dup-0,4,銳利目光
rec-51-dup-0,1,するどいめ
rec-51-dup-0,12,锐利目光
rec-51-dup-0,6,Adlerauge
rec-51-dup-0,7,Vista Lince
rec-51-dup-0,8,Sguardofermo
rec-45-dup-1,9,Sand Stream
rec-45-dup-1,12,扬沙
rec-45-dup-1,8,Sabbiafiume
rec-45-dup-1,6,Sandsturm
rec-45-dup-1,3,모래날림
rec-45-dup-1,11,すなおこし
rec-45-dup-1,5,Sable Volant
rec-45-dup-1,4,揚沙
rec-45-dup-1,1,すなおこし
rec-45-dup-1,7,Chorro Arena
rec-10011-dup-0,9,Tenacity
rec-230-dup-0,12,金属防护
rec-230-dup-0,11,メタルプロテクト
rec-230-dup-0,5,Métallo-Garde
rec-230-dup-0,8,Metalprotezione
rec-230-dup-0,7,Guardia Metálica
rec-230-dup-0,6,Metallprotektor
rec-230-dup-0,9,Full Metal Body
rec-230-dup-0,3,메탈프로텍트
rec-230-dup-0,1,メタルプロテクト
rec-230-dup-0,4,金屬防護
rec-132-dup-1,1,フレンドガード
rec-132-dup-1,11,フレンドガード
rec-132-dup-1,4,友情防守
rec-132-dup-1,8,Amicoscudo
rec-132-dup-1,3,프렌드가드
rec-132-dup-1,6,Freundeshut
rec-132-dup-1,5,Garde-Ami
rec-132-dup-1,12,友情防守
rec-132-dup-1,7,Compiescolta
rec-132-dup-1,9,Friend Guard
rec-229-dup-0,5,Créa-Herbe
rec-229-dup-0,3,그래스메이커
rec-229-dup-0,11,グラスメイカー
rec-229-dup-0,7,Herbogénesis
rec-229-dup-0,6,Gras-Erzeuger
rec-229-dup-0,8,Erbogenesi
rec-229-dup-0,12,青草制造者
rec-229-dup-0,4,青草製造者
rec-229-dup-0,1,グラスメイカー
rec-229-dup-0,9,Grassy Surge
rec-241-dup-0,6,Würggeschoss
rec-241-dup-0,5,Dégobage
rec-241-dup-0,3,그대로꿀꺽미사일
rec-241-dup-0,4,一口飛彈
rec-241-dup-0,1,うのミサイル
rec-241-dup-0,11,うのミサイル
rec-241-dup-0,9,Gulp Missile
rec-241-dup-0,8,Inghiottimissile
rec-241-dup-0,12,一口导弹
rec-241-dup-0,7,Tragamisil
rec-10009-dup-0,9,Jagged Edge
rec-9-dup-1,7,Elec. Estática
rec-9-dup-1,11,せいでんき
rec-9-dup-1,12,静电
rec-9-dup-1,3,정전기
rec-9-dup-1,1,せいでんき
rec-9-dup-1,5,Statik
rec-9-dup-1,8,Statico
rec-9-dup-1,9,Static
rec-9-dup-1,4,靜電
rec-9-dup-1,6,Statik
rec-163-dup-0,5,Turbo Brasier
rec-163-dup-0,3,터보블레이즈
rec-163-dup-0,7,Turbollama
rec-163-dup-0,4,渦輪火焰
rec-163-dup-0,8,Piroturbina
rec-163-dup-0,6,Turbobrand
rec-163-dup-0,12,涡轮火焰
rec-163-dup-0,1,ターボブレイズ
rec-163-dup-0,11,ターボブレイズ
rec-163-dup-0,9,Turboblaze
rec-196-dup-0,5,Cruauté
rec-196-dup-0,11,ひとでなし
rec-196-dup-0,9,Merciless
rec-196-dup-0,1,ひとでなし
rec-196-dup-0,4,不仁不義
rec-196-dup-0,12,不仁不义
rec-196-dup-0,7,Ensañamiento
rec-196-dup-0,8,Spietatezza
rec-196-dup-0,3,무도한행동
rec-196-dup-0,6,Quälerei
rec-10018-dup-0,9,Herbivore
rec-161-dup-0,9,Zen Mode
rec-161-dup-0,3,달마모드
rec-161-dup-0,4,達摩模式
rec-161-dup-0,11,ダルマモード
rec-161-dup-0,1,ダルマモード
rec-161-dup-0,6,Trance-Modus
rec-161-dup-0,5,Mode Transe
rec-161-dup-0,7,Modo Daruma
rec-161-dup-0,12,达摩模式
rec-161-dup-0,8,Stato Zen
rec-12-dup-0,6,Dösigkeit
rec-12-dup-0,7,Despiste
rec-12-dup-0,3,둔감
rec-12-dup-0,9,Oblivious
rec-12-dup-0,8,Indifferenza
rec-12-dup-0,4,遲鈍
rec-12-dup-0,12,迟钝
rec-12-dup-0,1,どんかん
rec-12-dup-0,5,Benêt
rec-12-dup-0,11,どんかん
id-1,1,あくしゅう
id-1,3,악취
id-1,4,惡臭
id-1,5,Puanteur
id-1,6,Duftnote
id-1,7,Hedor
id-1,8,Tanfo
id-1,9,Stench
id-1,11,あくしゅう
id-1,12,恶臭
id-2,1,あめふらし
id-2,3,잔비
id-2,4,降雨
id-2,5,Crachin
id-2,6,Niesel
id-2,7,Llovizna
id-2,8,Piovischio
id-2,9,Drizzle
id-2,11,あめふらし
id-2,12,降雨
id-3,1,かそく
id-3,3,가속
id-3,4,加速
id-3,5,Turbo
id-3,6,Temposchub
id-3,7,Impulso
id-3,8,Acceleratore
id-3,9,Speed Boost
id-3,11,かそく
id-3,12,加速
id-4,1,カブトアーマー
id-4,3,전투무장
id-4,4,戰鬥盔甲
id-4,5,Armurbaston
id-4,6,Kampfpanzer
id-4,7,Armadura Batalla
id-4,8,Lottascudo
id-4,9,Battle Armor
id-4,11,カブトアーマー
id-4,12,战斗盔甲
id-5,1,がんじょう
id-5,3,옹골참
id-5,4,結實
id-5,5,Fermeté
id-5,6,Robustheit
id-5,7,Robustez
id-5,8,Vigore
id-5,9,Sturdy
id-5,11,がんじょう
id-5,12,结实
id-6,1,しめりけ
id-6,3,습기
id-6,4,濕氣
id-6,5,Moiteur
id-6,6,Feuchtigkeit
id-6,7,Humedad
id-6,8,Umidità
id-6,9,Damp
id-6,11,しめりけ
id-6,12,湿气
id-7,1,じゅうなん
id-7,3,유연
id-7,4,柔軟
id-7,5,Échauffement
id-7,6,Flexibilität
id-7,7,Flexibilidad
id-7,8,Scioltezza
id-7,9,Limber
id-7,11,じゅうなん
id-7,12,柔软
id-8,1,すながくれ
id-8,3,모래숨기
id-8,4,沙隱
id-8,5,Voile Sable
id-8,6,Sandschleier
id-8,7,Velo Arena
id-8,8,Sabbiavelo
id-8,9,Sand Veil
id-8,11,すながくれ
id-8,12,沙隐
id-9,1,せいでんき
id-9,3,정전기
id-9,4,靜電
id-9,5,Statik
id-9,6,Statik
id-9,7,Elec. Estática
id-9,8,Statico
id-9,9,Static
id-9,11,せいでんき
id-9,12,静电
id-10,1,ちくでん
id-10,3,축전
id-10,4,蓄電
id-10,5,Absorbe-Volt
id-10,6,Voltabsorber
id-10,7,Absorbe Elec
id-10,8,Assorbivolt
id-10,9,Volt Absorb
id-10,11,ちくでん
id-10,12,蓄电
id-11,1,ちょすい
id-11,3,저수
id-11,4,儲水
id-11,5,Absorbe-Eau
id-11,6,H2O-Absorber
id-11,7,Absorbe Agua
id-11,8,Assorbacqua
id-11,9,Water Absorb
id-11,11,ちょすい
id-11,12,储水
id-12,1,どんかん
id-12,3,둔감
id-12,4,遲鈍
id-12,5,Benêt
id-12,6,Dösigkeit
id-12,7,Despiste
id-12,8,Indifferenza
id-12,9,Oblivious
id-12,11,どんかん
id-12,12,迟钝
id-13,1,ノーてんき
id-13,3,날씨부정
id-13,4,無關天氣
id-13,5,Ciel Gris
id-13,6,Wolke Sieben
id-13,7,Aclimatación
id-13,8,Antimeteo
id-13,9,Cloud Nine
id-13,11,ノーてんき
id-13,12,无关天气
id-14,1,ふくがん
id-14,3,복안
id-14,4,複眼
id-14,5,Œil Composé
id-14,6,Facettenauge
id-14,7,Ojo Compuesto
id-14,8,Insettocchi
id-14,9,Compound Eyes
id-14,11,ふくがん
id-14,12,复眼
id-15,1,ふみん
id-15,3,불면
id-15,4,不眠
id-15,5,Insomnia
id-15,6,Insomnia
id-15,7,Insomnio
id-15,8,Insonnia
id-15,9,Insomnia
id-15,11,ふみん
id-15,12,不眠
id-16,1,へんしょく
id-16,3,변색
id-16,4,變色
id-16,5,Homochromie
id-16,6,Farbwechsel
id-16,7,Cambio Color
id-16,8,Cambiacolore
id-16,9,Color Change
id-16,11,へんしょく
id-16,12,变色
id-17,1,めんえき
id-17,3,면역
id-17,4,免疫
id-17,5,Vaccin
id-17,6,Immunität
id-17,7,Inmunidad
id-17,8,Immunità
id-17,9,Immunity
id-17,11,めんえき
id-17,12,免疫
id-18,1,もらいび
id-18,3,타오르는불꽃
id-18,4,引火
id-18,5,Torche
id-18,6,Feuerfänger
id-18,7,Absorbe Fuego
id-18,8,Fuocardore
id-18,9,Flash Fire
id-18,11,もらいび
id-18,12,引火
id-19,1,りんぷん
id-19,3,인분
id-19,4,鱗粉
id-19,5,Écran Poudre
id-19,6,Puderabwehr
id-19,7,Polvo Escudo
id-19,8,Polvoscudo
id-19,9,Shield Dust
id-19,11,りんぷん
id-19,12,鳞粉
id-20,1,マイペース
id-20,3,마이페이스
id-20,4,我行我素
id-20,5,Tempo Perso
id-20,6,Tempomacher
id-20,7,Ritmo Propio
id-20,8,Mente Locale
id-20,9,Own Tempo
id-20,11,マイペース
id-20,12,我行我素
id-21,1,きゅうばん
id-21,3,흡반
id-21,4,吸盤
id-21,5,Ventouse
id-21,6,Saugnapf
id-21,7,Ventosas
id-21,8,Ventose
id-21,9,Suction Cups
id-21,11,きゅうばん
id-21,12,吸盘
id-22,1,いかく
id-22,3,위협
id-22,4,威嚇
id-22,5,Intimidation
id-22,6,Bedroher
id-22,7,Intimidación
id-22,8,Prepotenza
id-22,9,Intimidate
id-22,11,いかく
id-22,12,威吓
id-23,1,かげふみ
id-23,3,그림자밟기
id-23,4,踩影
id-23,5,Marque Ombre
id-23,6,Wegsperre
id-23,7,Sombra Trampa
id-23,8,Pedinombra
id-23,9,Shadow Tag
id-23,11,かげふみ
id-23,12,踩影
id-24,1,さめはだ
id-24,3,까칠한피부
id-24,4,粗糙皮膚
id-24,5,Peau Dure
id-24,6,Rauhaut
id-24,7,Piel Tosca
id-24,8,Cartavetro
id-24,9,Rough Skin
id-24,11,さめはだ
id-24,12,粗糙皮肤
id-25,1,ふしぎなまもり
id-25,3,불가사의부적
id-25,4,神奇守護
id-25,5,Garde Mystik
id-25,6,Wunderwache
id-25,7,Superguarda
id-25,8,Magidifesa
id-25,9,Wonder Guard
id-25,11,ふしぎなまもり
id-25,12,神奇守护
id-26,1,ふゆう
id-26,3,부유
id-26,4,飄浮
id-26,5,Lévitation
id-26,6,Schwebe
id-26,7,Levitación
id-26,8,Levitazione
id-26,9,Levitate
id-26,11,ふゆう
id-26,12,飘浮
id-27,1,ほうし
id-27,3,포자
id-27,4,孢子
id-27,5,Pose Spore
id-27,6,Sporenwirt
id-27,7,Efecto Espora
id-27,8,Spargispora
id-27,9,Effect Spore
id-27,11,ほうし
id-27,12,孢子
id-28,1,シンクロ
id-28,3,싱크로
id-28,4,同步
id-28,5,Synchro
id-28,6,Synchro
id-28,7,Sincronía
id-28,8,Sincronismo
id-28,9,Synchronize
id-28,11,シンクロ
id-28,12,同步
id-29,1,クリアボディ
id-29,3,클리어바디
id-29,4,恆淨之軀
id-29,5,Corps Sain
id-29,6,Neutraltorso
id-29,7,Cuerpo Puro
id-29,8,Corpochiaro
id-29,9,Clear Body
id-29,11,クリアボディ
id-29,12,恒净之躯
id-30,1,しぜんかいふく
id-30,3,자연회복
id-30,4,自然回復
id-30,5,Médic Nature
id-30,6,Innere Kraft
id-30,7,Cura Natural
id-30,8,Alternacura
id-30,9,Natural Cure
id-30,11,しぜんかいふく
id-30,12,自然回复
id-31,1,ひらいしん
id-31,3,피뢰침
id-31,4,避雷針
id-31,5,Paratonnerre
id-31,6,Blitzfänger
id-31,7,Pararrayos
id-31,8,Parafulmine
id-31,9,Lightning Rod
id-31,11,ひらいしん
id-31,12,避雷针
id-32,1,てんのめぐみ
id-32,3,하늘의은총
id-32,4,天恩
id-32,5,Sérénité
id-32,6,Edelmut
id-32,7,Dicha
id-32,8,Leggiadro
id-32,9,Serene Grace
id-32,11,てんのめぐみ
id-32,12,天恩
id-33,1,すいすい
id-33,3,쓱쓱
id-33,4,悠游自如
id-33,5,Glissade
id-33,6,Wassertempo
id-33,7,Nado Rápido
id-33,8,Nuotovelox
id-33,9,Swift Swim
id-33,11,すいすい
id-33,12,悠游自如
id-34,1,ようりょくそ
id-34,3,엽록소
id-34,4,葉綠素
id-34,5,Chlorophylle
id-34,6,Chlorophyll
id-34,7,Clorofila
id-34,8,Clorofilla
id-34,9,Chlorophyll
id-34,11,ようりょくそ
id-34,12,叶绿素
id-35,1,はっこう
id-35,3,발광
id-35,4,發光
id-35,5,Lumiattirance
id-35,6,Erleuchtung
id-35,7,Iluminación
id-35,8,Risplendi
id-35,9,Illuminate
id-35,11,はっこう
id-35,12,发光
id-36,1,トレース
id-36,3,트레이스
id-36,4,複製
id-36,5,Calque
id-36,6,Erfassen
id-36,7,Rastro
id-36,8,Traccia
id-36,9,Trace
id-36,11,トレース
id-36,12,复制
id-37,1,ちからもち
id-37,3,천하장사
id-37,4,大力士
id-37,5,Coloforce
id-37,6,Kraftkoloss
id-37,7,Potencia
id-37,8,Macroforza
id-37,9,Huge Power
id-37,11,ちからもち
id-37,12,大力士
id-38,1,どくのトゲ
id-38,3,독가시
id-38,4,毒刺
id-38,5,Point Poison
id-38,6,Giftdorn
id-38,7,Punto Tóxico
id-38,8,Velenopunto
id-38,9,Poison Point
id-38,11,どくのトゲ
id-38,12,毒刺
id-39,1,せいしんりょく
id-39,3,정신력
id-39,4,精神力
id-39,5,Attention
id-39,6,Konzentrator
id-39,7,Foco Interno
id-39,8,Forza Interiore
id-39,9,Inner Focus
id-39,11,せいしんりょく
id-39,12,精神力
id-40,1,マグマのよろい
id-40,3,마그마의무장
id-40,4,熔岩鎧甲
id-40,5,Armumagma
id-40,6,Magmapanzer
id-40,7,Escudo Magma
id-40,8,Magmascudo
id-40,9,Magma Armor
id-40,11,マグマのよろい
id-40,12,熔岩铠甲
id-41,1,みずのベール
id-41,3,수의베일
id-41,4,水幕
id-41,5,Ignifu-Voile
id-41,6,Aquahülle
id-41,7,Velo Agua
id-41,8,Idrovelo
id-41,9,Water Veil
id-41,11,みずのベール
id-41,12,水幕
id-42,1,じりょく
id-42,3,자력
id-42,4,磁力
id-42,5,Magnépiège
id-42,6,Magnetfalle
id-42,7,Imán
id-42,8,Magnetismo
id-42,9,Magnet Pull
id-42,11,じりょく
id-42,12,磁力
id-43,1,ぼうおん
id-43,3,방음
id-43,4,隔音
id-43,5,Anti-Bruit
id-43,6,Lärmschutz
id-43,7,Insonorizar
id-43,8,Antisuono
id-43,9,Soundproof
id-43,11,ぼうおん
id-43,12,隔音
id-44,1,あめうけざら
id-44,3,젖은접시
id-44,4,雨盤
id-44,5,Cuvette
id-44,6,Regengenuss
id-44,7,Cura Lluvia
id-44,8,Copripioggia
id-44,9,Rain Dish
id-44,11,あめうけざら
id-44,12,雨盘
id-45,1,すなおこし
id-45,3,모래날림
id-45,4,揚沙
id-45,5,Sable Volant
id-45,6,Sandsturm
id-45,7,Chorro Arena
id-45,8,Sabbiafiume
id-45,9,Sand Stream
id-45,11,すなおこし
id-45,12,扬沙
id-46,1,プレッシャー
id-46,3,프레셔
id-46,4,壓迫感
id-46,5,Pression
id-46,6,Erzwinger
id-46,7,Presión
id-46,8,Pressione
id-46,9,Pressure
id-46,11,プレッシャー
id-46,12,压迫感
id-47,1,あついしぼう
id-47,3,두꺼운지방
id-47,4,厚脂肪
id-47,5,Isograisse
id-47,6,Speckschicht
id-47,7,Sebo
id-47,8,Grassospesso
id-47,9,Thick Fat
id-47,11,あついしぼう
id-47,12,厚脂肪
id-48,1,はやおき
id-48,3,일찍기상
id-48,4,早起
id-48,5,Matinal
id-48,6,Frühwecker
id-48,7,Madrugar
id-48,8,Sveglialampo
id-48,9,Early Bird
id-48,11,はやおき
id-48,12,早起
id-49,1,ほのおのからだ
id-49,3,불꽃몸
id-49,4,火焰之軀
id-49,5,Corps Ardent
id-49,6,Flammkörper
id-49,7,Cuerpo Llama
id-49,8,Corpodifuoco
id-49,9,Flame Body
id-49,11,ほのおのからだ
id-49,12,火焰之躯
id-50,1,にげあし
id-50,3,도주
id-50,4,逃跑
id-50,5,Fuite
id-50,6,Angsthase
id-50,7,Fuga
id-50,8,Fugafacile
id-50,9,Run Away
id-50,11,にげあし
id-50,12,逃跑
id-51,1,するどいめ
id-51,3,날카로운눈
id-51,4,銳利目光
id-51,5,Regard Vif
id-51,6,Adlerauge
id-51,7,Vista Lince
id-51,8,Sguardofermo
id-51,9,Keen Eye
id-51,11,するどいめ
id-51,12,锐利目光
id-52,1,かいりきバサミ
id-52,3,괴력집게
id-52,4,怪力鉗
id-52,5,Hyper Cutter
id-52,6,Scherenmacht
id-52,7,Corte Fuerte
id-52,8,Ipertaglio
id-52,9,Hyper Cutter
id-52,11,かいりきバサミ
id-52,12,怪力钳
id-53,1,ものひろい
id-53,3,픽업
id-53,4,撿拾
id-53,5,Ramassage
id-53,6,Mitnahme
id-53,7,Recogida
id-53,8,Raccolta
id-53,9,Pickup
id-53,11,ものひろい
id-53,12,捡拾
id-54,1,なまけ
id-54,3,게으름
id-54,4,懶惰
id-54,5,Absentéisme
id-54,6,Schnarchnase
id-54,7,Ausente
id-54,8,Pigrone
id-54,9,Truant
id-54,11,なまけ
id-54,12,懒惰
id-55,1,はりきり
id-55,3,의욕
id-55,4,活力
id-55,5,Agitation
id-55,6,Übereifer
id-55,7,Entusiasmo
id-55,8,Tuttafretta
id-55,9,Hustle
id-55,11,はりきり
id-55,12,活力
id-56,1,メロメロボディ
id-56,3,헤롱헤롱바디
id-56,4,迷人之軀
id-56,5,Joli Sourire
id-56,6,Charmebolzen
id-56,7,Gran Encanto
id-56,8,Incantevole
id-56,9,Cute Charm
id-56,11,メロメロボディ
id-56,12,迷人之躯
id-57,1,プラス
id-57,3,플러스
id-57,4,正電
id-57,5,Plus
id-57,6,Plus
id-57,7,Más
id-57,8,Più
id-57,9,Plus
id-57,11,プラス
id-57,12,正电
id-58,1,マイナス
id-58,3,마이너스
id-58,4,負電
id-58,5,Moins
id-58,6,Minus
id-58,7,Menos
id-58,8,Meno
id-58,9,Minus
id-58,11,マイナス
id-58,12,负电
id-59,1,てんきや
id-59,3,기분파
id-59,4,陰晴不定
id-59,5,Météo
id-59,6,Prognose
id-59,7,Predicción
id-59,8,Previsioni
id-59,9,Forecast
id-59,11,てんきや
id-59,12,阴晴不定
id-60,1,ねんちゃく
id-60,3,점착
id-60,4,黏著
id-60,5,Glu
id-60,6,Klebekörper
id-60,7,Viscosidad
id-60,8,Antifurto
id-60,9,Sticky Hold
id-60,11,ねんちゃく
id-60,12,黏着
id-61,1,だっぴ
id-61,3,탈피
id-61,4,蛻皮
id-61,5,Mue
id-61,6,Expidermis
id-61,7,Mudar
id-61,8,Muta
id-61,9,Shed Skin
id-61,11,だっぴ
id-61,12,蜕皮
id-62,1,こんじょう
id-62,3,근성
id-62,4,毅力
id-62,5,Cran
id-62,6,Adrenalin
id-62,7,Agallas
id-62,8,Dentistretti
id-62,9,Guts
id-62,11,こんじょう
id-62,12,毅力
id-63,1,ふしぎなうろこ
id-63,3,이상한비늘
id-63,4,神奇鱗片
id-63,5,Écaille Spéciale
id-63,6,Notschutz
id-63,7,Escama Especial
id-63,8,Pelledura
id-63,9,Marvel Scale
id-63,11,ふしぎなうろこ
id-63,12,神奇鳞片
id-64,1,ヘドロえき
id-64,3,해감액
id-64,4,污泥漿
id-64,5,Suintement
id-64,6,Kloakensoße
id-64,7,Lodo Líquido
id-64,8,Melma
id-64,9,Liquid Ooze
id-64,11,ヘドロえき
id-64,12,污泥浆
id-65,1,しんりょく
id-65,3,심록
id-65,4,茂盛
id-65,5,Engrais
id-65,6,Notdünger
id-65,7,Espesura
id-65,8,Erbaiuto
id-65,9,Overgrow
id-65,11,しんりょく
id-65,12,茂盛
id-66,1,もうか
id-66,3,맹화
id-66,4,猛火
id-66,5,Brasier
id-66,6,Großbrand
id-66,7,Mar Llamas
id-66,8,Aiutofuoco
id-66,9,Blaze
id-66,11,もうか
id-66,12,猛火
id-67,1,げきりゅう
id-67,3,급류
id-67,4,激流
id-67,5,Torrent
id-67,6,Sturzbach
id-67,7,Torrente
id-67,8,Acquaiuto
id-67,9,Torrent
id-67,11,げきりゅう
id-67,12,激流
id-68,1,むしのしらせ
id-68,3,벌레의알림
id-68,4,蟲之預感
id-68,5,Essaim
id-68,6,Hexaplaga
id-68,7,Enjambre
id-68,8,Aiutinsetto
id-68,9,Swarm
id-68,11,むしのしらせ
id-68,12,虫之预感
id-69,1,いしあたま
id-69,3,돌머리
id-69,4,堅硬腦袋
id-69,5,Tête de Roc
id-69,6,Steinhaupt
id-69,7,Cabeza Roca
id-69,8,Testadura
id-69,9,Rock Head
id-69,11,いしあたま
id-69,12,坚硬脑袋
id-70,1,ひでり
id-70,3,가뭄
id-70,4,日照
id-70,5,Sécheresse
id-70,6,Dürre
id-70,7,Sequía
id-70,8,Siccità
id-70,9,Drought
id-70,11,ひでり
id-70,12,日照
id-71,1,ありじごく
id-71,3,개미지옥
id-71,4,沙穴
id-71,5,Piège Sable
id-71,6,Ausweglos
id-71,7,Trampa Arena
id-71,8,Trappoarena
id-71,9,Arena Trap
id-71,11,ありじごく
id-71,12,沙穴
id-72,1,やるき
id-72,3,의기양양
id-72,4,幹勁
id-72,5,Esprit Vital
id-72,6,Munterkeit
id-72,7,Espíritu Vital
id-72,8,Spiritovivo
id-72,9,Vital Spirit
id-72,11,やるき
id-72,12,干劲
id-73,1,しろいけむり
id-73,3,하얀연기
id-73,4,白色煙霧
id-73,5,Écran Fumée
id-73,6,Pulverrauch
id-73,7,Humo Blanco
id-73,8,Fumochiaro
id-73,9,White Smoke
id-73,11,しろいけむり
id-73,12,白色烟雾
id-74,1,ヨガパワー
id-74,3,순수한힘
id-74,4,瑜伽之力
id-74,5,Force Pure
id-74,6,Mentalkraft
id-74,7,Energía Pura
id-74,8,Forzapura
id-74,9,Pure Power
id-74,11,ヨガパワー
id-74,12,瑜伽之力
id-75,1,シェルアーマー
id-75,3,조가비갑옷
id-75,4,硬殼盔甲
id-75,5,Coque Armure
id-75,6,Panzerhaut
id-75,7,Caparazón
id-75,8,Guscioscudo
id-75,9,Shell Armor
id-75,11,シェルアーマー
id-75,12,硬壳盔甲
id-76,1,エアロック
id-76,3,에어록
id-76,4,氣閘
id-76,5,Air Lock
id-76,6,Klimaschutz
id-76,7,Bucle Aire
id-76,8,Riparo
id-76,9,Air Lock
id-76,11,エアロック
id-76,12,气闸
id-77,1,ちどりあし
id-77,3,갈지자걸음
id-77,4,蹣跚
id-77,5,Pieds Confus
id-77,6,Fußangel
id-77,7,Tumbos
id-77,8,Intricopiedi
id-77,9,Tangled Feet
id-77,11,ちどりあし
id-77,12,蹒跚
id-78,1,でんきエンジン
id-78,3,전기엔진
id-78,4,電氣引擎
id-78,5,Motorisé
id-78,6,Starthilfe
id-78,7,Electromotor
id-78,8,Elettrorapid
id-78,9,Motor Drive
id-78,11,でんきエンジン
id-78,12,电气引擎
id-79,1,とうそうしん
id-79,3,투쟁심
id-79,4,鬥爭心
id-79,5,Rivalité
id-79,6,Rivalität
id-79,7,Rivalidad
id-79,8,Antagonismo
id-79,9,Rivalry
id-79,11,とうそうしん
id-79,12,斗争心
id-80,1,ふくつのこころ
id-80,3,불굴의마음
id-80,4,不屈之心
id-80,5,Impassible
id-80,6,Felsenfest
id-80,7,Impasible
id-80,8,Cuordeciso
id-80,9,Steadfast
id-80,11,ふくつのこころ
id-80,12,不屈之心
id-81,1,ゆきがくれ
id-81,3,눈숨기
id-81,4,雪隱
id-81,5,Rideau Neige
id-81,6,Schneemantel
id-81,7,Manto Níveo
id-81,8,Mantelneve
id-81,9,Snow Cloak
id-81,11,ゆきがくれ
id-81,12,雪隐
id-82,1,くいしんぼう
id-82,3,먹보
id-82,4,貪吃鬼
id-82,5,Gloutonnerie
id-82,6,Völlerei
id-82,7,Gula
id-82,8,Voracità
id-82,9,Gluttony
id-82,11,くいしんぼう
id-82,12,贪吃鬼
id-83,1,いかりのつぼ
id-83,3,분노의경혈
id-83,4,憤怒穴位
id-83,5,Colérique
id-83,6,Kurzschluss
id-83,7,Irascible
id-83,8,Grancollera
id-83,9,Anger Point
id-83,11,いかりのつぼ
id-83,12,愤怒穴位
id-84,1,かるわざ
id-84,3,곡예
id-84,4,輕裝
id-84,5,Délestage
id-84,6,Entlastung
id-84,7,Liviano
id-84,8,Agiltecnica
id-84,9,Unburden
id-84,11,かるわざ
id-84,12,轻装
id-85,1,たいねつ
id-85,3,내열
id-85,4,耐熱
id-85,5,Ignifugé
id-85,6,Hitzeschutz
id-85,7,Ignífugo
id-85,8,Antifuoco
id-85,9,Heatproof
id-85,11,たいねつ
id-85,12,耐热
id-86,1,たんじゅん
id-86,3,단순
id-86,4,單純
id-86,5,Simple
id-86,6,Wankelmut
id-86,7,Simple
id-86,8,Disinvoltura
id-86,9,Simple
id-86,11,たんじゅん
id-86,12,单纯
id-87,1,かんそうはだ
id-87,3,건조피부
id-87,4,乾燥皮膚
id-87,5,Peau Sèche
id-87,6,Trockenheit
id-87,7,Piel Seca
id-87,8,Pellearsa
id-87,9,Dry Skin
id-87,11,かんそうはだ
id-87,12,干燥皮肤
id-88,1,ダウンロード
id-88,3,다운로드
id-88,4,下載
id-88,5,Télécharge
id-88,6,Download
id-88,7,Descarga
id-88,8,Download
id-88,9,Download
id-88,11,ダウンロード
id-88,12,下载
id-89,1,てつのこぶし
id-89,3,철주먹
id-89,4,鐵拳
id-89,5,Poing de Fer
id-89,6,Eisenfaust
id-89,7,Puño Férreo
id-89,8,Ferropugno
id-89,9,Iron Fist
id-89,11,てつのこぶし
id-89,12,铁拳
id-90,1,ポイズンヒール
id-90,3,포이즌힐
id-90,4,毒療
id-90,5,Soin Poison
id-90,6,Aufheber
id-90,7,Antídoto
id-90,8,Velencura
id-90,9,Poison Heal
id-90,11,ポイズンヒール
id-90,12,毒疗
id-91,1,てきおうりょく
id-91,3,적응력
id-91,4,適應力
id-91,5,Adaptabilité
id-91,6,Anpassung
id-91,7,Adaptable
id-91,8,Adattabilità
id-91,9,Adaptability
id-91,11,てきおうりょく
id-91,12,适应力
id-92,1,スキルリンク
id-92,3,스킬링크
id-92,4,連續攻擊
id-92,5,Multi-Coups
id-92,6,Wertelink
id-92,7,Encadenado
id-92,8,Abillegame
id-92,9,Skill Link
id-92,11,スキルリンク
id-92,12,连续攻击
id-93,1,うるおいボディ
id-93,3,촉촉바디
id-93,4,濕潤之軀
id-93,5,Hydratation
id-93,6,Hydration
id-93,7,Hidratación
id-93,8,Idratazione
id-93,9,Hydration
id-93,11,うるおいボディ
id-93,12,湿润之躯
id-94,1,サンパワー
id-94,3,선파워
id-94,4,太陽之力
id-94,5,Force Soleil
id-94,6,Solarkraft
id-94,7,Poder Solar
id-94,8,Solarpotere
id-94,9,Solar Power
id-94,11,サンパワー
id-94,12,太阳之力
id-95,1,はやあし
id-95,3,속보
id-95,4,飛毛腿
id-95,5,Pied Véloce
id-95,6,Rasanz
id-95,7,Pies Rápidos
id-95,8,Piedisvelti
id-95,9,Quick Feet
id-95,11,はやあし
id-95,12,飞毛腿
id-96,1,ノーマルスキン
id-96,3,노말스킨
id-96,4,一般皮膚
id-96,5,Normalise
id-96,6,Regulierung
id-96,7,Normalidad
id-96,8,Normalità
id-96,9,Normalize
id-96,11,ノーマルスキン
id-96,12,一般皮肤
id-97,1,スナイパー
id-97,3,스나이퍼
id-97,4,狙擊手
id-97,5,Sniper
id-97,6,Superschütze
id-97,7,Francotirador
id-97,8,Cecchino
id-97,9,Sniper
id-97,11,スナイパー
id-97,12,狙击手
id-98,1,マジックガード
id-98,3,매직가드
id-98,4,魔法防守
id-98,5,Garde Magik
id-98,6,Magieschild
id-98,7,Muro Mágico
id-98,8,Magicscudo
id-98,9,Magic Guard
id-98,11,マジックガード
id-98,12,魔法防守
id-99,1,ノーガード
id-99,3,노가드
id-99,4,無防守
id-99,5,Annule Garde
id-99,6,Schildlos
id-99,7,Indefenso
id-99,8,Nullodifesa
id-99,9,No Guard
id-99,11,ノーガード
id-99,12,无防守
id-100,1,あとだし
id-100,3,시간벌기
id-100,4,慢出
id-100,5,Frein
id-100,6,Zeitspiel
id-100,7,Rezagado
id-100,8,Rallentatore
id-100,9,Stall
id-100,11,あとだし
id-100,12,慢出
id-101,1,テクニシャン
id-101,3,테크니션
id-101,4,技術高手
id-101,5,Technicien
id-101,6,Techniker
id-101,7,Experto
id-101,8,Tecnico
id-101,9,Technician
id-101,11,テクニシャン
id-101,12,技术高手
id-102,1,リーフガード
id-102,3,리프가드
id-102,4,葉子防守
id-102,5,Feuille Garde
id-102,6,Floraschild
id-102,7,Defensa Hoja
id-102,8,Fogliamanto
id-102,9,Leaf Guard
id-102,11,リーフガード
id-102,12,叶子防守
id-103,1,ぶきよう
id-103,3,서투름
id-103,4,笨拙
id-103,5,Maladresse
id-103,6,Tollpatsch
id-103,7,Zoquete
id-103,8,Impaccio
id-103,9,Klutz
id-103,11,ぶきよう
id-103,12,笨拙
id-104,1,かたやぶり
id-104,3,틀깨기
id-104,4,破格
id-104,5,Brise Moule
id-104,6,Überbrückung
id-104,7,Rompemoldes
id-104,8,Rompiforma
id-104,9,Mold Breaker
id-104,11,かたやぶり
id-104,12,破格
id-105,1,きょううん
id-105,3,대운
id-105,4,超幸運
id-105,5,Chanceux
id-105,6,Glückspilz
id-105,7,Afortunado
id-105,8,Supersorte
id-105,9,Super Luck
id-105,11,きょううん
id-105,12,超幸运
id-106,1,ゆうばく
id-106,3,유폭
id-106,4,引爆
id-106,5,Boom Final
id-106,6,Finalschlag
id-106,7,Detonación
id-106,8,Scoppio
id-106,9,Aftermath
id-106,11,ゆうばく
id-106,12,引爆
id-107,1,きけんよち
id-107,3,위험예지
id-107,4,危險預知
id-107,5,Anticipation
id-107,6,Vorahnung
id-107,7,Anticipación
id-107,8,Presagio
id-107,9,Anticipation
id-107,11,きけんよち
id-107,12,危险预知
id-108,1,よちむ
id-108,3,예지몽
id-108,4,預知夢
id-108,5,Prédiction
id-108,6,Vorwarnung
id-108,7,Alerta
id-108,8,Premonizione
id-108,9,Forewarn
id-108,11,よちむ
id-108,12,预知梦
id-109,1,てんねん
id-109,3,천진
id-109,4,純樸
id-109,5,Inconscient
id-109,6,Unkenntnis
id-109,7,Ignorante
id-109,8,Imprudenza
id-109,9,Unaware
id-109,11,てんねん
id-109,12,纯朴
id-110,1,いろめがね
id-110,3,색안경
id-110,4,有色眼鏡
id-110,5,Lentiteintée
id-110,6,Aufwertung
id-110,7,Cromolente
id-110,8,Lentifumé
id-110,9,Tinted Lens
id-110,11,いろめがね
id-110,12,有色眼镜
id-111,1,フィルター
id-111,3,필터
id-111,4,過濾
id-111,5,Filtre
id-111,6,Filter
id-111,7,Filtro
id-111,8,Filtro
id-111,9,Filter
id-111,11,フィルター
id-111,12,过滤
id-112,1,スロースタート
id-112,3,슬로스타트
id-112,4,慢啟動
id-112,5,Début Calme
id-112,6,Saumselig
id-112,7,Inicio Lento
id-112,8,Lentoinizio
id-112,9,Slow Start
id-112,11,スロースタート
id-112,12,慢启动
id-113,1,きもったま
id-113,3,배짱
id-113,4,膽量
id-113,5,Querelleur
id-113,6,Rauflust
id-113,7,Intrépido
id-113,8,Nervisaldi
id-113,9,Scrappy
id-113,11,きもったま
id-113,12,胆量
id-114,1,よびみず
id-114,3,마중물
id-114,4,引水
id-114,5,Lavabo
id-114,6,Sturmsog
id-114,7,Colector
id-114,8,Acquascolo
id-114,9,Storm Drain
id-114,11,よびみず
id-114,12,引水
id-115,1,アイスボディ
id-115,3,아이스바디
id-115,4,冰凍之軀
id-115,5,Corps Gel
id-115,6,Eishaut
id-115,7,Gélido
id-115,8,Corpogelo
id-115,9,Ice Body
id-115,11,アイスボディ
id-115,12,冰冻之躯
id-116,1,ハードロック
id-116,3,하드록
id-116,4,堅硬岩石
id-116,5,Solide Roc
id-116,6,Felskern
id-116,7,Roca Sólida
id-116,8,Solidroccia
id-116,9,Solid Rock
id-116,11,ハードロック
id-116,12,坚硬岩石
id-117,1,ゆきふらし
id-117,3,눈퍼뜨리기
id-117,4,降雪
id-117,5,Alerte Neige
id-117,6,Hagelalarm
id-117,7,Nevada
id-117,8,Scendineve
id-117,9,Snow Warning
id-117,11,ゆきふらし
id-117,12,降雪
id-118,1,みつあつめ
id-118,3,꿀모으기
id-118,4,採蜜
id-118,5,Cherche Miel
id-118,6,Honigmaul
id-118,7,Recogemiel
id-118,8,Mielincetta
id-118,9,Honey Gather
id-118,11,みつあつめ
id-118,12,采蜜
id-119,1,おみとおし
id-119,3,통찰
id-119,4,察覺
id-119,5,Fouille
id-119,6,Schnüffler
id-119,7,Cacheo
id-119,8,Indagine
id-119,9,Frisk
id-119,11,おみとおし
id-119,12,察觉
id-120,1,すてみ
id-120,3,이판사판
id-120,4,捨身
id-120,5,Téméraire
id-120,6,Achtlos
id-120,7,Audaz
id-120,8,Temerarietà
id-120,9,Reckless
id-120,11,すてみ
id-120,12,舍身
id-121,1,マルチタイプ
id-121,3,멀티타입
id-121,4,多屬性
id-121,5,Multi-Type
id-121,6,Variabilität
id-121,7,Multitipo
id-121,8,Multitipo
id-121,9,Multitype
id-121,11,マルチタイプ
id-121,12,多属性
id-122,1,フラワーギフト
id-122,3,플라워기프트
id-122,4,花之禮
id-122,5,Don Floral
id-122,6,Pflanzengabe
id-122,7,Don Floral
id-122,8,Regalfiore
id-122,9,Flower Gift
id-122,11,フラワーギフト
id-122,12,花之礼
id-123,1,ナイトメア
id-123,3,나이트메어
id-123,4,夢魘
id-123,5,Mauvais Rêve
id-123,6,Alptraum
id-123,7,Mal Sueño
id-123,8,Sogniamari
id-123,9,Bad Dreams
id-123,11,ナイトメア
id-123,12,梦魇
id-124,1,わるいてぐせ
id-124,3,나쁜손버릇
id-124,4,順手牽羊
id-124,5,Pickpocket
id-124,6,Langfinger
id-124,7,Hurto
id-124,8,Arraffalesto
id-124,9,Pickpocket
id-124,11,わるいてぐせ
id-124,12,顺手牵羊
id-125,1,ちからずく
id-125,3,우격다짐
id-125,4,強行
id-125,5,Sans Limite
id-125,6,Rohe Gewalt
id-125,7,Potencia Bruta
id-125,8,Forzabruta
id-125,9,Sheer Force
id-125,11,ちからずく
id-125,12,强行
id-126,1,あまのじゃく
id-126,3,심술꾸러기
id-126,4,唱反調
id-126,5,Contestation
id-126,6,Umkehrung
id-126,7,Respondón
id-126,8,Inversione
id-126,9,Contrary
id-126,11,あまのじゃく
id-126,12,唱反调
id-127,1,きんちょうかん
id-127,3,긴장감
id-127,4,緊張感
id-127,5,Tension
id-127,6,Anspannung
id-127,7,Nerviosismo
id-127,8,Agitazione
id-127,9,Unnerve
id-127,11,きんちょうかん
id-127,12,紧张感
id-128,1,まけんき
id-128,3,오기
id-128,4,不服輸
id-128,5,Acharné
id-128,6,Siegeswille
id-128,7,Competitivo
id-128,8,Agonismo
id-128,9,Defiant
id-128,11,まけんき
id-128,12,不服输
id-129,1,よわき
id-129,3,무기력
id-129,4,軟弱
id-129,5,Défaitiste
id-129,6,Schwächling
id-129,7,Flaqueza
id-129,8,Sconforto
id-129,9,Defeatist
id-129,11,よわき
id-129,12,软弱
id-130,1,のろわれボディ
id-130,3,저주받은바디
id-130,4,詛咒之軀
id-130,5,Corps Maudit
id-130,6,Tastfluch
id-130,7,Cuerpo Maldito
id-130,8,Corpofunesto
id-130,9,Cursed Body
id-130,11,のろわれボディ
id-130,12,诅咒之躯
id-131,1,いやしのこころ
id-131,3,치유의마음
id-131,4,治癒之心
id-131,5,Cœur Soin
id-131,6,Heilherz
id-131,7,Alma Cura
id-131,8,Curacuore
id-131,9,Healer
id-131,11,いやしのこころ
id-131,12,治愈之心
id-132,1,フレンドガード
id-132,3,프렌드가드
id-132,4,友情防守
id-132,5,Garde-Ami
id-132,6,Freundeshut
id-132,7,Compiescolta
id-132,8,Amicoscudo
id-132,9,Friend Guard
id-132,11,フレンドガード
id-132,12,友情防守
id-133,1,くだけるよろい
id-133,3,깨어진갑옷
id-133,4,碎裂鎧甲
id-133,5,Armurouillée
id-133,6,Bruchrüstung
id-133,7,Armadura Frágil
id-133,8,Sottilguscio
id-133,9,Weak Armor
id-133,11,くだけるよろい
id-133,12,碎裂铠甲
id-134,1,ヘヴィメタル
id-134,3,헤비메탈
id-134,4,重金屬
id-134,5,Heavy Metal
id-134,6,Schwermetall
id-134,7,Metal Pesado
id-134,8,Metalpesante
id-134,9,Heavy Metal
id-134,11,ヘヴィメタル
id-134,12,重金属
id-135,1,ライトメタル
id-135,3,라이트메탈
id-135,4,輕金屬
id-135,5,Light Metal
id-135,6,Leichtmetall
id-135,7,Metal Liviano
id-135,8,Metalleggero
id-135,9,Light Metal
id-135,11,ライトメタル
id-135,12,轻金属
id-136,1,マルチスケイル
id-136,3,멀티스케일
id-136,4,多重鱗片
id-136,5,Multiécaille
id-136,6,Multischuppe
id-136,7,Multiescamas
id-136,8,Multisquame
id-136,9,Multiscale
id-136,11,マルチスケイル
id-136,12,多重鳞片
id-137,1,どくぼうそう
id-137,3,독폭주
id-137,4,中毒激升
id-137,5,Rage Poison
id-137,6,Giftwahn
id-137,7,Ímpetu Tóxico
id-137,8,Velenimpeto
id-137,9,Toxic Boost
id-137,11,どくぼうそう
id-137,12,中毒激升
id-138,1,ねつぼうそう
id-138,3,열폭주
id-138,4,受熱激升
id-138,5,Rage Brûlure
id-138,6,Hitzewahn
id-138,7,Ímpetu Ardiente
id-138,8,Bruciaimpeto
id-138,9,Flare Boost
id-138,11,ねつぼうそう
id-138,12,受热激升
id-139,1,しゅうかく
id-139,3,수확
id-139,4,收穫
id-139,5,Récolte
id-139,6,Reiche Ernte
id-139,7,Cosecha
id-139,8,Coglibacche
id-139,9,Harvest
id-139,11,しゅうかく
id-139,12,收获
id-140,1,テレパシー
id-140,3,텔레파시
id-140,4,心靈感應
id-140,5,Télépathe
id-140,6,Telepathie
id-140,7,Telepatía
id-140,8,Telepatia
id-140,9,Telepathy
id-140,11,テレパシー
id-140,12,心灵感应
id-141,1,ムラっけ
id-141,3,변덕쟁이
id-141,4,心情不定
id-141,5,Lunatique
id-141,6,Gefühlswippe
id-141,7,Veleta
id-141,8,Altalena
id-141,9,Moody
id-141,11,ムラっけ
id-141,12,心情不定
id-142,1,ぼうじん
id-142,3,방진
id-142,4,防塵
id-142,5,Envelocape
id-142,6,Partikelschutz
id-142,7,Funda
id-142,8,Copricapo
id-142,9,Overcoat
id-142,11,ぼうじん
id-142,12,防尘
id-143,1,どくしゅ
id-143,3,독수
id-143,4,毒手
id-143,5,Toxitouche
id-143,6,Giftgriff
id-143,7,Toque Tóxico
id-143,8,Velentocco
id-143,9,Poison Touch
id-143,11,どくしゅ
id-143,12,毒手
id-144,1,さいせいりょく
id-144,3,재생력
id-144,4,再生力
id-144,5,Régé-Force
id-144,6,Belebekraft
id-144,7,Regeneración
id-144,8,Rigenergia
id-144,9,Regenerator
id-144,11,さいせいりょく
id-144,12,再生力
id-145,1,はとむね
id-145,3,부풀린가슴
id-145,4,健壯胸肌
id-145,5,Cœur de Coq
id-145,6,Brustbieter
id-145,7,Sacapecho
id-145,8,Pettinfuori
id-145,9,Big Pecks
id-145,11,はとむね
id-145,12,健壮胸肌
id-146,1,すなかき
id-146,3,모래헤치기
id-146,4,撥沙
id-146,5,Baigne Sable
id-146,6,Sandscharrer
id-146,7,Ímpetu Arena
id-146,8,Remasabbia
id-146,9,Sand Rush
id-146,11,すなかき
id-146,12,拨沙
id-147,1,ミラクルスキン
id-147,3,미라클스킨
id-147,4,奇跡皮膚
id-147,5,Peau Miracle
id-147,6,Wunderhaut
id-147,7,Piel Milagro
id-147,8,Splendicute
id-147,9,Wonder Skin
id-147,11,ミラクルスキン
id-147,12,奇迹皮肤
id-148,1,アナライズ
id-148,3,애널라이즈
id-148,4,分析
id-148,5,Analyste
id-148,6,Analyse
id-148,7,Cálculo Final
id-148,8,Ponderazione
id-148,9,Analytic
id-148,11,アナライズ
id-148,12,分析
id-149,1,イリュージョン
id-149,3,일루전
id-149,4,幻覺
id-149,5,Illusion
id-149,6,Trugbild
id-149,7,Ilusión
id-149,8,Illusione
id-149,9,Illusion
id-149,11,イリュージョン
id-149,12,幻觉
id-150,1,かわりもの
id-150,3,괴짜
id-150,4,變身者
id-150,5,Imposteur
id-150,6,Doppelgänger
id-150,7,Impostor
id-150,8,Sosia
id-150,9,Imposter
id-150,11,かわりもの
id-150,12,变身者
id-151,1,すりぬけ
id-151,3,틈새포착
id-151,4,穿透
id-151,5,Infiltration
id-151,6,Schwebedurch
id-151,7,Allanamiento
id-151,8,Intrapasso
id-151,9,Infiltrator
id-151,11,すりぬけ
id-151,12,穿透
id-152,1,ミイラ
id-152,3,미라
id-152,4,木乃伊
id-152,5,Momie
id-152,6,Mumie
id-152,7,Momia
id-152,8,Mummia
id-152,9,Mummy
id-152,11,ミイラ
id-152,12,木乃伊
id-153,1,じしんかじょう
id-153,3,자기과신
id-153,4,自信過度
id-153,5,Impudence
id-153,6,Hochmut
id-153,7,Autoestima
id-153,8,Arroganza
id-153,9,Moxie
id-153,11,じしんかじょう
id-153,12,自信过度
id-154,1,せいぎのこころ
id-154,3,정의의마음
id-154,4,正義之心
id-154,5,Cœur Noble
id-154,6,Redlichkeit
id-154,7,Justiciero
id-154,8,Giustizia
id-154,9,Justified
id-154,11,せいぎのこころ
id-154,12,正义之心
id-155,1,びびり
id-155,3,주눅
id-155,4,膽怯
id-155,5,Phobique
id-155,6,Hasenfuß
id-155,7,Cobardía
id-155,8,Paura
id-155,9,Rattled
id-155,11,びびり
id-155,12,胆怯
id-156,1,マジックミラー
id-156,3,매직미러
id-156,4,魔法鏡
id-156,5,Miroir Magik
id-156,6,Magiespiegel
id-156,7,Espejo Mágico
id-156,8,Magispecchio
id-156,9,Magic Bounce
id-156,11,マジックミラー
id-156,12,魔法镜
id-157,1,そうしょく
id-157,3,초식
id-157,4,食草
id-157,5,Herbivore
id-157,6,Vegetarier
id-157,7,Herbívoro
id-157,8,Mangiaerba
id-157,9,Sap Sipper
id-157,11,そうしょく
id-157,12,食草
id-158,1,いたずらごころ
id-158,3,짓궂은마음
id-158,4,惡作劇之心
id-158,5,Farceur
id-158,6,Strolch
id-158,7,Bromista
id-158,8,Burla
id-158,9,Prankster
id-158,11,いたずらごころ
id-158,12,恶作剧之心
id-159,1,すなのちから
id-159,3,모래의힘
id-159,4,沙之力
id-159,5,Force Sable
id-159,6,Sandgewalt
id-159,7,Poder Arena
id-159,8,Silicoforza
id-159,9,Sand Force
id-159,11,すなのちから
id-159,12,沙之力
id-160,1,てつのトゲ
id-160,3,철가시
id-160,4,鐵刺
id-160,5,Épine de Fer
id-160,6,Eisenstachel
id-160,7,Punta Acero
id-160,8,Spineferrate
id-160,9,Iron Barbs
id-160,11,てつのトゲ
id-160,12,铁刺
id-161,1,ダルマモード
id-161,3,달마모드
id-161,4,達摩模式
id-161,5,Mode Transe
id-161,6,Trance-Modus
id-161,7,Modo Daruma
id-161,8,Stato Zen
id-161,9,Zen Mode
id-161,11,ダルマモード
id-161,12,达摩模式
id-162,1,しょうりのほし
id-162,3,승리의별
id-162,4,勝利之星
id-162,5,Victorieux
id-162,6,Triumphstern
id-162,7,Tinovictoria
id-162,8,Vittorstella
id-162,9,Victory Star
id-162,11,しょうりのほし
id-162,12,胜利之星
id-163,1,ターボブレイズ
id-163,3,터보블레이즈
id-163,4,渦輪火焰
id-163,5,Turbo Brasier
id-163,6,Turbobrand
id-163,7,Turbollama
id-163,8,Piroturbina
id-163,9,Turboblaze
id-163,11,ターボブレイズ
id-163,12,涡轮火焰
id-164,1,テラボルテージ
id-164,3,테라볼티지
id-164,4,兆級電壓
id-164,5,Téra-Voltage
id-164,6,Teravolt
id-164,7,Terravoltaje
id-164,8,Teravolt
id-164,9,Teravolt
id-164,11,テラボルテージ
id-164,12,兆级电压
id-165,1,アロマベール
id-165,3,아로마베일
id-165,4,芳香幕
id-165,5,Aroma-Voile
id-165,6,Dufthülle
id-165,7,Velo Aroma
id-165,8,Aromavelo
id-165,9,Aroma Veil
id-165,11,アロマベール
id-165,12,芳香幕
id-166,1,フラワーベール
id-166,3,플라워베일
id-166,4,花幕
id-166,5,Flora-Voile
id-166,6,Blütenhülle
id-166,7,Velo Flor
id-166,8,Fiorvelo
id-166,9,Flower Veil
id-166,11,フラワーベール
id-166,12,花幕
id-167,1,ほおぶくろ
id-167,3,볼주머니
id-167,4,頰囊
id-167,5,Bajoues
id-167,6,Backentaschen
id-167,7,Carrillo
id-167,8,Guancegonfie
id-167,9,Cheek Pouch
id-167,11,ほおぶくろ
id-167,12,颊囊
id-168,1,へんげんじざい
id-168,3,변환자재
id-168,4,變幻自如
id-168,5,Protéen
id-168,6,Wandlungskunst
id-168,7,Mutatipo
id-168,8,Mutatipo
id-168,9,Protean
id-168,11,へんげんじざい
id-168,12,变幻自如
id-169,1,ファーコート
id-169,3,퍼코트
id-169,4,毛皮大衣
id-169,5,Toison Épaisse
id-169,6,Fellkleid
id-169,7,Pelaje Recio
id-169,8,Foltopelo
id-169,9,Fur Coat
id-169,11,ファーコート
id-169,12,毛皮大衣
id-170,1,マジシャン
id-170,3,매지션
id-170,4,魔術師
id-170,5,Magicien
id-170,6,Zauberer
id-170,7,Prestidigitador
id-170,8,Prestigiatore
id-170,9,Magician
id-170,11,マジシャン
id-170,12,魔术师
id-171,1,ぼうだん
id-171,3,방탄
id-171,4,防彈
id-171,5,Pare-Balles
id-171,6,Kugelsicher
id-171,7,Antibalas
id-171,8,Antiproiettile
id-171,9,Bulletproof
id-171,11,ぼうだん
id-171,12,防弹
id-172,1,かちき
id-172,3,승기
id-172,4,好勝
id-172,5,Battant
id-172,6,Unbeugsamkeit
id-172,7,Tenacidad
id-172,8,Tenacia
id-172,9,Competitive
id-172,11,かちき
id-172,12,好胜
id-173,1,がんじょうあご
id-173,3,옹골찬턱
id-173,4,強壯之顎
id-173,5,Prognathe
id-173,6,Titankiefer
id-173,7,Mandíbula Fuerte
id-173,8,Ferromascella
id-173,9,Strong Jaw
id-173,11,がんじょうあご
id-173,12,强壮之颚
id-174,1,フリーズスキン
id-174,3,프리즈스킨
id-174,4,冰凍皮膚
id-174,5,Peau Gelée
id-174,6,Frostschicht
id-174,7,Piel Helada
id-174,8,Pellegelo
id-174,9,Refrigerate
id-174,11,フリーズスキン
id-174,12,冰冻皮肤
id-175,1,スイートベール
id-175,3,스위트베일
id-175,4,甜幕
id-175,5,Gluco-Voile
id-175,6,Zuckerhülle
id-175,7,Velo Dulce
id-175,8,Dolcevelo
id-175,9,Sweet Veil
id-175,11,スイートベール
id-175,12,甜幕
id-176,1,バトルスイッチ
id-176,3,배틀스위치
id-176,4,戰鬥切換
id-176,5,Déclic Tactique
id-176,6,Taktikwechsel
id-176,7,Cambio Táctico
id-176,8,Accendilotta
id-176,9,Stance Change
id-176,11,バトルスイッチ
id-176,12,战斗切换
id-177,1,はやてのつばさ
id-177,3,질풍날개
id-177,4,疾風之翼
id-177,5,Ailes Bourrasque
id-177,6,Orkanschwingen
id-177,7,Alas Vendaval
id-177,8,Aliraffica
id-177,9,Gale Wings
id-177,11,はやてのつばさ
id-177,12,疾风之翼
id-178,1,メガランチャー
id-178,3,메가런처
id-178,4,超級發射器
id-178,5,Méga Blaster
id-178,6,Megawumme
id-178,7,Megadisparador
id-178,8,Megalancio
id-178,9,Mega Launcher
id-178,11,メガランチャー
id-178,12,超级发射器
id-179,1,くさのけがわ
id-179,3,풀모피
id-179,4,草之毛皮
id-179,5,Toison Herbue
id-179,6,Pflanzenpelz
id-179,7,Manto Frondoso
id-179,8,Peloderba
id-179,9,Grass Pelt
id-179,11,くさのけがわ
id-179,12,草之毛皮
id-180,1,きょうせい
id-180,3,공생
id-180,4,共生
id-180,5,Symbiose
id-180,6,Nutznießer
id-180,7,Simbiosis
id-180,8,Simbiosi
id-180,9,Symbiosis
id-180,11,きょうせい
id-180,12,共生
id-181,1,かたいツメ
id-181,3,단단한발톱
id-181,4,硬爪
id-181,5,Griffe Dure
id-181,6,Krallenwucht
id-181,7,Garra Dura
id-181,8,Unghiedure
id-181,9,Tough Claws
id-181,11,かたいツメ
id-181,12,硬爪
id-182,1,フェアリースキン
id-182,3,페어리스킨
id-182,4,妖精皮膚
id-182,5,Peau Féérique
id-182,6,Feenschicht
id-182,7,Piel Feérica
id-182,8,Pellefolletto
id-182,9,Pixilate
id-182,11,フェアリースキン
id-182,12,妖精皮肤
id-183,1,ぬめぬめ
id-183,3,미끈미끈
id-183,4,黏滑
id-183,5,Poisseux
id-183,6,Viskosität
id-183,7,Baba
id-183,8,Viscosità
id-183,9,Gooey
id-183,11,ぬめぬめ
id-183,12,黏滑
id-184,1,スカイスキン
id-184,3,스카이스킨
id-184,4,飛行皮膚
id-184,5,Peau Céleste
id-184,6,Zenithaut
id-184,7,Piel Celeste
id-184,8,Pellecielo
id-184,9,Aerilate
id-184,11,スカイスキン
id-184,12,飞行皮肤
id-185,1,おやこあい
id-185,3,부자유친
id-185,4,親子愛
id-185,5,Amour Filial
id-185,6,Familienbande
id-185,7,Amor Filial
id-185,8,Amorefiliale
id-185,9,Parental Bond
id-185,11,おやこあい
id-185,12,亲子爱
id-186,1,ダークオーラ
id-186,3,다크오라
id-186,4,暗黑氣場
id-186,5,Aura Ténébreuse
id-186,6,Dunkelaura
id-186,7,Aura Oscura
id-186,8,Auratetra
id-186,9,Dark Aura
id-186,11,ダークオーラ
id-186,12,暗黑气场
id-187,1,フェアリーオーラ
id-187,3,페어리오라
id-187,4,妖精氣場
id-187,5,Aura Féérique
id-187,6,Feenaura
id-187,7,Aura Feérica
id-187,8,Aurafolletto
id-187,9,Fairy Aura
id-187,11,フェアリーオーラ
id-187,12,妖精气场
id-188,1,オーラブレイク
id-188,3,오라브레이크
id-188,4,氣場破壞
id-188,5,Aura Inversée
id-188,6,Aura-Umkehr
id-188,7,Rompeaura
id-188,8,Frangiaura
id-188,9,Aura Break
id-188,11,オーラブレイク
id-188,12,气场破坏
id-189,1,はじまりのうみ
id-189,3,시작의바다
id-189,4,始源之海
id-189,5,Mer Primaire
id-189,6,Urmeer
id-189,7,Mar del Albor
id-189,8,Mare Primordiale
id-189,9,Primordial Sea
id-189,11,はじまりのうみ
id-189,12,始源之海
id-190,1,おわりのだいち
id-190,3,끝의대지
id-190,4,終結之地
id-190,5,Terre Finale
id-190,6,Endland
id-190,7,Tierra del Ocaso
id-190,8,Terra Estrema
id-190,9,Desolate Land
id-190,11,おわりのだいち
id-190,12,终结之地
id-191,1,デルタストリーム
id-191,3,델타스트림
id-191,4,德爾塔氣流
id-191,5,Souffle Delta
id-191,6,Delta-Wind
id-191,7,Ráfaga Delta
id-191,8,Flusso Delta
id-191,9,Delta Stream
id-191,11,デルタストリーム
id-191,12,德尔塔气流
id-192,1,じきゅうりょく
id-192,3,지구력
id-192,4,持久力
id-192,5,Endurance
id-192,6,Zähigkeit
id-192,7,Firmeza
id-192,8,Sopportazione
id-192,9,Stamina
id-192,11,じきゅうりょく
id-192,12,持久力
id-193,1,にげごし
id-193,3,도망태세
id-193,4,躍躍欲逃
id-193,5,Escampette
id-193,6,Reißaus
id-193,7,Huida
id-193,8,Fuggifuggi
id-193,9,Wimp Out
id-193,11,にげごし
id-193,12,跃跃欲逃
id-194,1,ききかいひ
id-194,3,위기회피
id-194,4,危險迴避
id-194,5,Repli Tactique
id-194,6,Rückzug
id-194,7,Retirada
id-194,8,Passoindietro
id-194,9,Emergency Exit
id-194,11,ききかいひ
id-194,12,危险回避
id-195,1,みずがため
id-195,3,꾸덕꾸덕굳기
id-195,4,遇水凝固
id-195,5,Sable Humide
id-195,6,Verklumpen
id-195,7,Hidrorrefuerzo
id-195,8,Idrorinforzo
id-195,9,Water Compaction
id-195,11,みずがため
id-195,12,遇水凝固
id-196,1,ひとでなし
id-196,3,무도한행동
id-196,4,不仁不義
id-196,5,Cruauté
id-196,6,Quälerei
id-196,7,Ensañamiento
id-196,8,Spietatezza
id-196,9,Merciless
id-196,11,ひとでなし
id-196,12,不仁不义
id-197,1,リミットシールド
id-197,3,리밋실드
id-197,4,界限盾殼
id-197,5,Bouclier-Carcan
id-197,6,Limitschild
id-197,7,Escudo Limitado
id-197,8,Scudosoglia
id-197,9,Shields Down
id-197,11,リミットシールド
id-197,12,界限盾壳
id-198,1,はりこみ
id-198,3,잠복
id-198,4,監視
id-198,5,Filature
id-198,6,Beschattung
id-198,7,Vigilante
id-198,8,Sorveglianza
id-198,9,Stakeout
id-198,11,はりこみ
id-198,12,蹲守
id-199,1,すいほう
id-199,3,수포
id-199,4,水泡
id-199,5,Aquabulle
id-199,6,Wasserblase
id-199,7,Pompa
id-199,8,Bolladacqua
id-199,9,Water Bubble
id-199,11,すいほう
id-199,12,水泡
id-200,1,はがねつかい
id-200,3,강철술사
id-200,4,鋼能力者
id-200,5,Expert Acier
id-200,6,Stahlprofi
id-200,7,Acero Templado
id-200,8,Tempracciaio
id-200,9,Steelworker
id-200,11,はがねつかい
id-200,12,钢能力者
id-201,1,ぎゃくじょう
id-201,3,발끈
id-201,4,怒火沖天
id-201,5,Dracolère
id-201,6,Wutausbruch
id-201,7,Cólera
id-201,8,Furore
id-201,9,Berserk
id-201,11,ぎゃくじょう
id-201,12,怒火冲天
id-202,1,ゆきかき
id-202,3,눈치우기
id-202,4,撥雪
id-202,5,Chasse-Neige
id-202,6,Schneescharrer
id-202,7,Quitanieves
id-202,8,Spalaneve
id-202,9,Slush Rush
id-202,11,ゆきかき
id-202,12,拨雪
id-203,1,えんかく
id-203,3,원격
id-203,4,遠隔
id-203,5,Longue Portée
id-203,6,Langstrecke
id-203,7,Remoto
id-203,8,Distacco
id-203,9,Long Reach
id-203,11,えんかく
id-203,12,远隔
id-204,1,うるおいボイス
id-204,3,촉촉보이스
id-204,4,濕潤之聲
id-204,5,Hydrata-Son
id-204,6,Plätscherstimme
id-204,7,Voz Fluida
id-204,8,Idrovoce
id-204,9,Liquid Voice
id-204,11,うるおいボイス
id-204,12,湿润之声
id-205,1,ヒーリングシフト
id-205,3,힐링시프트
id-205,4,先行治療
id-205,5,Prioguérison
id-205,6,Heilwandel
id-205,7,Primer Auxilio
id-205,8,Primacura
id-205,9,Triage
id-205,11,ヒーリングシフト
id-205,12,先行治疗
id-206,1,エレキスキン
id-206,3,일렉트릭스킨
id-206,4,電氣皮膚
id-206,5,Peau Électrique
id-206,6,Elektrohaut
id-206,7,Piel Eléctrica
id-206,8,Pellelettro
id-206,9,Galvanize
id-206,11,エレキスキン
id-206,12,电气皮肤
id-207,1,サーフテール
id-207,3,서핑테일
id-207,4,衝浪之尾
id-207,5,Surf Caudal
id-207,6,Surf-Schweif
id-207,7,Cola Surf
id-207,8,Codasurf
id-207,9,Surge Surfer
id-207,11,サーフテール
id-207,12,冲浪之尾
id-208,1,ぎょぐん
id-208,3,어군
id-208,4,魚群
id-208,5,Banc
id-208,6,Fischschwarm
id-208,7,Banco
id-208,8,Banco
id-208,9,Schooling
id-208,11,ぎょぐん
id-208,12,鱼群
id-209,1,ばけのかわ
id-209,3,탈
id-209,4,畫皮
id-209,5,Fantômasque
id-209,6,Kostümspuk
id-209,7,Disfraz
id-209,8,Fantasmanto
id-209,9,Disguise
id-209,11,ばけのかわ
id-209,12,画皮
id-210,1,きずなへんげ
id-210,3,유대변화
id-210,4,牽絆變身
id-210,5,Synergie
id-210,6,Freundschaftsakt
id-210,7,Fuerte Afecto
id-210,8,Morfosintonia
id-210,9,Battle Bond
id-210,11,きずなへんげ
id-210,12,牵绊变身
id-211,1,スワームチェンジ
id-211,3,스웜체인지
id-211,4,群聚變形
id-211,5,Rassemblement
id-211,6,Scharwandel
id-211,7,Agrupamiento
id-211,8,Sciamefusione
id-211,9,Power Construct
id-211,11,スワームチェンジ
id-211,12,群聚变形
id-212,1,ふしょく
id-212,3,부식
id-212,4,腐蝕
id-212,5,Corrosion
id-212,6,Korrosion
id-212,7,Corrosión
id-212,8,Corrosione
id-212,9,Corrosion
id-212,11,ふしょく
id-212,12,腐蚀
id-213,1,ぜったいねむり
id-213,3,절대안깸
id-213,4,絕對睡眠
id-213,5,Hypersommeil
id-213,6,Dauerschlaf
id-213,7,Letargo Perenne
id-213,8,Sonno Assoluto
id-213,9,Comatose
id-213,11,ぜったいねむり
id-213,12,绝对睡眠
id-214,1,じょおうのいげん
id-214,3,여왕의위엄
id-214,4,女王的威嚴
id-214,5,Prestance Royale
id-214,6,Majestät
id-214,7,Regia Presencia
id-214,8,Regalità
id-214,9,Queenly Majesty
id-214,11,じょおうのいげん
id-214,12,女王的威严
id-215,1,とびだすなかみ
id-215,3,내용물분출
id-215,4,飛出的內在物
id-215,5,Expuls’Organes
id-215,6,Magenkrempler
id-215,7,Revés
id-215,8,Espellinterno
id-215,9,Innards Out
id-215,11,とびだすなかみ
id-215,12,飞出的内在物
id-216,1,おどりこ
id-216,3,무희
id-216,4,舞者
id-216,5,Danseuse
id-216,6,Tänzer
id-216,7,Pareja de Baile
id-216,8,Sincrodanza
id-216,9,Dancer
id-216,11,おどりこ
id-216,12,舞者
id-217,1,バッテリー
id-217,3,배터리
id-217,4,蓄電池
id-217,5,Batterie
id-217,6,Batterie
id-217,7,Batería
id-217,8,Batteria
id-217,9,Battery
id-217,11,バッテリー
id-217,12,蓄电池
id-218,1,もふもふ
id-218,3,복슬복슬
id-218,4,毛茸茸
id-218,5,Boule de Poils
id-218,6,Flauschigkeit
id-218,7,Peluche
id-218,8,Morbidone
id-218,9,Fluffy
id-218,11,もふもふ
id-218,12,毛茸茸
id-219,1,ビビッドボディ
id-219,3,비비드바디
id-219,4,鮮艷之軀
id-219,5,Corps Coloré
id-219,6,Buntkörper
id-219,7,Cuerpo Vívido
id-219,8,Corposgargiante
id-219,9,Dazzling
id-219,11,ビビッドボディ
id-219,12,鲜艳之躯
id-220,1,ソウルハート
id-220,3,소울하트
id-220,4,魂心
id-220,5,Animacœur
id-220,6,Seelenherz
id-220,7,Coránima
id-220,8,Cuoreanima
id-220,9,Soul-Heart
id-220,11,ソウルハート
id-220,12,魂心
id-221,1,カーリーヘアー
id-221,3,컬리헤어
id-221,4,捲髮
id-221,5,Mèche Rebelle
id-221,6,Lockenkopf
id-221,7,Rizos Rebeldes
id-221,8,Boccolidoro
id-221,9,Tangling Hair
id-221,11,カーリーヘアー
id-221,12,卷发
id-222,1,レシーバー
id-222,3,리시버
id-222,4,接球手
id-222,5,Receveur
id-222,6,Receiver
id-222,7,Receptor
id-222,8,Ricezione
id-222,9,Receiver
id-222,11,レシーバー
id-222,12,接球手
id-223,1,かがくのちから
id-223,3,과학의힘
id-223,4,化學之力
id-223,5,Osmose
id-223,6,Chemiekraft
id-223,7,Reacción Química
id-223,8,Forza Chimica
id-223,9,Power of Alchemy
id-223,11,かがくのちから
id-223,12,化学之力
id-224,1,ビーストブースト
id-224,3,비스트부스트
id-224,4,異獸提升
id-224,5,Boost Chimère
id-224,6,Bestien-Boost
id-224,7,Ultraimpulso
id-224,8,Ultraboost
id-224,9,Beast Boost
id-224,11,ビーストブースト
id-224,12,异兽提升
id-225,1,ＡＲシステム
id-225,3,AR시스템
id-225,4,ＡＲ系統
id-225,5,Système Alpha
id-225,6,Alpha-System
id-225,7,Sistema Alfa
id-225,8,Sistema Primevo
id-225,9,RKS System
id-225,11,ＡＲシステム
id-225,12,ＡＲ系统
id-226,1,エレキメイカー
id-226,3,일렉트릭메이커
id-226,4,電氣製造者
id-226,5,Créa-Élec
id-226,6,Elektro-Erzeuger
id-226,7,Electrogénesis
id-226,8,Elettrogenesi
id-226,9,Electric Surge
id-226,11,エレキメイカー
id-226,12,电气制造者
id-227,1,サイコメイカー
id-227,3,사이코메이커
id-227,4,精神製造者
id-227,5,Créa-Psy
id-227,6,Psycho-Erzeuger
id-227,7,Psicogénesis
id-227,8,Psicogenesi
id-227,9,Psychic Surge
id-227,11,サイコメイカー
id-227,12,精神制造者
id-228,1,ミストメイカー
id-228,3,미스트메이커
id-228,4,薄霧製造者
id-228,5,Créa-Brume
id-228,6,Nebel-Erzeuger
id-228,7,Nebulogénesis
id-228,8,Nebbiogenesi
id-228,9,Misty Surge
id-228,11,ミストメイカー
id-228,12,薄雾制造者
id-229,1,グラスメイカー
id-229,3,그래스메이커
id-229,4,青草製造者
id-229,5,Créa-Herbe
id-229,6,Gras-Erzeuger
id-229,7,Herbogénesis
id-229,8,Erbogenesi
id-229,9,Grassy Surge
id-229,11,グラスメイカー
id-229,12,青草制造者
id-230,1,メタルプロテクト
id-230,3,메탈프로텍트
id-230,4,金屬防護
id-230,5,Métallo-Garde
id-230,6,Metallprotektor
id-230,7,Guardia Metálica
id-230,8,Metalprotezione
id-230,9,Full Metal Body
id-230,11,メタルプロテクト
id-230,12,金属防护
id-231,1,ファントムガード
id-231,3,스펙터가드
id-231,4,幻影防守
id-231,5,Spectro-Bouclier
id-231,6,Phantomschutz
id-231,7,Guardia Espectro
id-231,8,Spettroguardia
id-231,9,Shadow Shield
id-231,11,ファントムガード
id-231,12,幻影防守
id-232,1,プリズムアーマー
id-232,3,프리즘아머
id-232,4,稜鏡裝甲
id-232,5,Prisme-Armure
id-232,6,Prismarüstung
id-232,7,Armadura Prisma
id-232,8,Scudoprisma
id-232,9,Prism Armor
id-232,11,プリズムアーマー
id-232,12,棱镜装甲
id-233,1,ブレインフォース
id-233,3,브레인포스
id-233,4,腦核之力
id-233,5,Cérébro-Force
id-233,6,Zerebralmacht
id-233,7,Fuerza Cerebral
id-233,8,Cerebroforza
id-233,9,Neuroforce
id-233,11,ブレインフォース
id-233,12,脑核之力
id-234,1,ふとうのけん
id-234,3,불요의검
id-234,4,不撓之劍
id-234,5,Lame Indomptable
id-234,6,Kühnes Schwert
id-234,7,Espada Indómita
id-234,8,Spada Indomita
id-234,9,Intrepid Sword
id-234,11,ふとうのけん
id-234,12,不挠之剑
id-235,1,ふくつのたて
id-235,3,불굴의방패
id-235,4,不屈之盾
id-235,5,Égide Inflexible
id-235,6,Wackerer Schild
id-235,7,Escudo Recio
id-235,8,Scudo Saldo
id-235,9,Dauntless Shield
id-235,11,ふくつのたて
id-235,12,不屈之盾
id-236,1,リベロ
id-236,3,리베로
id-236,4,自由者
id-236,5,Libéro
id-236,6,Libero
id-236,7,Líbero
id-236,8,Libero
id-236,9,Libero
id-236,11,リベロ
id-236,12,自由者
id-237,1,たまひろい
id-237,3,볼줍기
id-237,4,撿球
id-237,5,Ramasse Ball
id-237,6,Apport
id-237,7,Recogebolas
id-237,8,Raccattapalle
id-237,9,Ball Fetch
id-237,11,たまひろい
id-237,12,捡球
id-238,1,わたげ
id-238,3,솜털
id-238,4,棉絮
id-238,5,Effilochage
id-238,6,Wollflaum
id-238,7,Pelusa
id-238,8,Lanugine
id-238,9,Cotton Down
id-238,11,わたげ
id-238,12,棉絮
id-239,1,スクリューおびれ
id-239,3,스크루지느러미
id-239,4,螺旋尾鰭
id-239,5,Propulseur
id-239,6,Schraubflosse
id-239,7,Hélice Caudal
id-239,8,Elicopinna
id-239,9,Propeller Tail
id-239,11,スクリューおびれ
id-239,12,螺旋尾鳍
id-240,1,ミラーアーマー
id-240,3,미러아머
id-240,4,鏡甲
id-240,5,Armure Miroir
id-240,6,Spiegelrüstung
id-240,7,Coraza Reflejo
id-240,8,Blindospecchio
id-240,9,Mirror Armor
id-240,11,ミラーアーマー
id-240,12,镜甲
id-241,1,うのミサイル
id-241,3,그대로꿀꺽미사일
id-241,4,一口飛彈
id-241,5,Dégobage
id-241,6,Würggeschoss
id-241,7,Tragamisil
id-241,8,Inghiottimissile
id-241,9,Gulp Missile
id-241,11,うのミサイル
id-241,12,一口导弹
id-242,1,すじがねいり
id-242,3,굳건한신념
id-242,4,堅毅
id-242,5,Nerfs d’Acier
id-242,6,Stahlrückgrat
id-242,7,Acérrimo
id-242,8,Volontà di Ferro
id-242,9,Stalwart
id-242,11,すじがねいり
id-242,12,坚毅
id-243,1,じょうききかん
id-243,3,증기기관
id-243,4,蒸汽機
id-243,5,Turbine
id-243,6,Dampfantrieb
id-243,7,Combustible
id-243,8,Vapormacchina
id-243,9,Steam Engine
id-243,11,じょうききかん
id-243,12,蒸汽机
id-244,1,パンクロック
id-244,3,펑크록
id-244,4,龐克搖滾
id-244,5,Punk Rock
id-244,6,Punk Rock
id-244,7,Punk Rock
id-244,8,Punk Rock
id-244,9,Punk Rock
id-244,11,パンクロック
id-244,12,庞克摇滚
id-245,1,すなはき
id-245,3,모래뿜기
id-245,4,吐沙
id-245,5,Expul’Sable
id-245,6,Sandspeier
id-245,7,Expulsarena
id-245,8,Sputasabbia
id-245,9,Sand Spit
id-245,11,すなはき
id-245,12,吐沙
id-246,1,こおりのりんぷん
id-246,3,얼음인분
id-246,4,冰鱗粉
id-246,5,Écailles Glacées
id-246,6,Eisflügelstaub
id-246,7,Escama de Hielo
id-246,8,Geloscaglie
id-246,9,Ice Scales
id-246,11,こおりのりんぷん
id-246,12,冰鳞粉
id-247,1,じゅくせい
id-247,3,숙성
id-247,4,熟成
id-247,5,Mûrissement
id-247,6,Heranreifen
id-247,7,Maduración
id-247,8,Maturazione
id-247,9,Ripen
id-247,11,じゅくせい
id-247,12,熟成
id-248,1,アイスフェイス
id-248,3,아이스페이스
id-248,4,結凍頭
id-248,5,Tête de Gel
id-248,6,Tiefkühlkopf
id-248,7,Cara de Hielo
id-248,8,Gelofaccia
id-248,9,Ice Face
id-248,11,アイスフェイス
id-248,12,结冻头
id-249,1,パワースポット
id-249,3,파워스폿
id-249,4,能量點
id-249,5,Cercle d’Énergie
id-249,6,Kraftquelle
id-249,7,Fuente Energía
id-249,8,Fonte Energetica
id-249,9,Power Spot
id-249,11,パワースポット
id-249,12,能量点
id-250,1,ぎたい
id-250,3,의태
id-250,4,擬態
id-250,5,Mimétisme
id-250,6,Mimese
id-250,7,Mimetismo
id-250,8,Mimetismo
id-250,9,Mimicry
id-250,11,ぎたい
id-250,12,拟态
id-251,1,バリアフリー
id-251,3,배리어프리
id-251,4,除障
id-251,5,Brise-Barrière
id-251,6,Hemmungslos
id-251,7,Antibarrera
id-251,8,Annullabarriere
id-251,9,Screen Cleaner
id-251,11,バリアフリー
id-251,12,除障
id-252,1,はがねのせいしん
id-252,3,강철정신
id-252,4,鋼之意志
id-252,5,Boost Acier
id-252,6,Stählerner Wille
id-252,7,Alma Acerada
id-252,8,Spiritoferreo
id-252,9,Steely Spirit
id-252,11,はがねのせいしん
id-252,12,钢之意志
id-253,1,ほろびのボディ
id-253,3,멸망의바디
id-253,4,滅亡之軀
id-253,5,Corps Condamné
id-253,6,Unheilskörper
id-253,7,Cuerpo Mortal
id-253,8,Ultimotocco
id-253,9,Perish Body
id-253,11,ほろびのボディ
id-253,12,灭亡之躯
id-254,1,さまようたましい
id-254,3,떠도는영혼
id-254,4,遊魂
id-254,5,Âme Vagabonde
id-254,6,Rastlose Seele
id-254,7,Alma Errante
id-254,8,Anima Errante
id-254,9,Wandering Spirit
id-254,11,さまようたましい
id-254,12,游魂
id-255,1,ごりむちゅう
id-255,3,무아지경
id-255,4,一猩一意
id-255,5,Entêtement
id-255,6,Affenfokus
id-255,7,Monotema
id-255,8,Vigorilla
id-255,9,Gorilla Tactics
id-255,11,ごりむちゅう
id-255,12,一猩一意
id-256,1,かがくへんかガス
id-256,3,화학변화가스
id-256,4,化學變化氣體
id-256,5,Gaz Inhibiteur
id-256,6,Reaktionsgas
id-256,7,Gas Reactivo
id-256,8,Gas Reagente
id-256,9,Neutralizing Gas
id-256,11,かがくへんかガス
id-256,12,化学变化气体
id-257,1,パステルベール
id-257,3,파스텔베일
id-257,4,粉彩護幕
id-257,5,Voile Pastel
id-257,6,Pastellhülle
id-257,7,Velo Pastel
id-257,8,Pastelvelo
id-257,9,Pastel Veil
id-257,11,パステルベール
id-257,12,粉彩护幕
id-258,1,はらぺこスイッチ
id-258,3,꼬르륵스위치
id-258,4,飽了又餓
id-258,5,Déclic Fringale
id-258,6,Heißhunger
id-258,7,Mutapetito
id-258,8,Pancialterna
id-258,9,Hunger Switch
id-258,11,はらぺこスイッチ
id-258,12,饱了又饿
id-259,1,クイックドロウ
id-259,3,퀵드로
id-259,4,速擊
id-259,5,Tir Vif
id-259,6,Schnellschuss
id-259,7,Mano Rápida
id-259,8,Colpolesto
id-259,9,Quick Draw
id-259,11,クイックドロウ
id-259,12,速击
id-260,1,ふかしのこぶし
id-260,3,보이지않는주먹
id-260,4,無形拳
id-260,5,Poing Invisible
id-260,6,Verborgene Faust
id-260,7,Puño Invisible
id-260,8,Pugni Invisibili
id-260,9,Unseen Fist
id-260,11,ふかしのこぶし
id-260,12,无形拳
id-261,1,きみょうなくすり
id-261,3,기묘한약
id-261,4,怪藥
id-261,5,Breuvage Suspect
id-261,6,Kuriose Arznei
id-261,7,Medicina Extraña
id-261,8,Stranofarmaco
id-261,9,Curious Medicine
id-261,11,きみょうなくすり
id-261,12,怪药
id-262,1,トランジスタ
id-262,3,트랜지스터
id-262,4,電晶體
id-262,5,Transistor
id-262,6,Transistor
id-262,7,Transistor
id-262,8,Transistor
id-262,9,Transistor
id-262,11,トランジスタ
id-262,12,电晶体
id-263,1,りゅうのあぎと
id-263,3,용의턱
id-263,4,龍顎
id-263,5,Dent de Dragon
id-263,6,Drachenkiefer
id-263,7,Mandíbula Dragón
id-263,8,Dragomascelle
id-263,9,Dragon’s Maw
id-263,11,りゅうのあぎと
id-263,12,龙颚
id-264,1,しろのいななき
id-264,3,백의울음
id-264,4,蒼白嘶鳴
id-264,5,Blanche Ruade
id-264,6,Helles Wiehern
id-264,7,Relincho Blanco
id-264,8,Nitrito Bianco
id-264,9,Chilling Neigh
id-264,11,しろのいななき
id-264,12,苍白嘶鸣
id-265,1,くろのいななき
id-265,3,흑의울음
id-265,4,漆黑嘶鳴
id-265,5,Sombre Ruade
id-265,6,Dunkles Wiehern
id-265,7,Relincho Negro
id-265,8,Nitrito Nero
id-265,9,Grim Neigh
id-265,11,くろのいななき
id-265,12,漆黑嘶鸣
id-266,1,じんばいったい
id-266,3,혼연일체
id-266,4,人馬一體
id-266,5,Osmose Équine
id-266,6,Reitgespann
id-266,7,Unidad Ecuestre
id-266,8,Sintonia Equina
id-266,9,As One
id-266,11,じんばいったい
id-266,12,人马一体
id-267,1,じんばいったい
id-267,3,혼연일체
id-267,4,人馬一體
id-267,5,Osmose Équine
id-267,6,Reitgespann
id-267,7,Unidad Ecuestre
id-267,8,Sintonia Equina
id-267,9,As One
id-267,11,じんばいったい
id-267,12,人马一体
id-10001,9,Mountaineer
id-10002,9,Wave Rider
id-10003,9,Skater
id-10004,9,Thrust
id-10005,9,Perception
id-10006,9,Parry
id-10007,9,Instinct
id-10008,9,Dodge
id-10009,9,Jagged Edge
id-10010,9,Frostbite
id-10011,9,Tenacity
id-10012,9,Pride
id-10013,9,Deep Sleep
id-10014,9,Power Nap
id-10015,9,Spirit
id-10016,9,Warm Blanket
id-10017,9,Gulp
id-10018,9,Herbivore
id-10019,9,Sandpit
id-10020,9,Hot Blooded
id-10021,9,Medic
id-10022,9,Life Force
id-10023,9,Lunchbox
id-10024,9,Nurse
id-10025,9,Melee
id-10026,9,Sponge
id-10027,9,Bodyguard
id-10028,9,Hero
id-10029,9,Last Bastion
id-10030,9,Stealth
id-10031,9,Vanguard
id-10032,9,Nomad
id-10033,9,Sequence
id-10034,9,Grass Cloak
id-10035,9,Celebrate
id-10036,9,Lullaby
id-10037,9,Calming
id-10038,9,Daze
id-10039,9,Frighten
id-10040,9,Interference
id-10041,9,Mood Maker
id-10042,9,Confidence
id-10043,9,Fortune
id-10044,9,Bonanza
id-10045,9,Explode
id-10046,9,Omnipotent
id-10047,9,Share
id-10048,9,Black Hole
id-10049,9,Shadow Dash
id-10050,9,Sprint
id-10051,9,Disgust
id-10052,9,High-rise
id-10053,9,Climber
id-10054,9,Flame Boost
id-10055,9,Aqua Boost
id-10056,9,Run Up
id-10057,9,Conqueror
id-10058,9,Shackle
id-10059,9,Decoy
id-10060,9,Shield
