pokemon,name,species,height,weight,base_experience,is_default
rec-441-dup-0,chat0t,id-441,5,,144,1
id-679,honedge,id-679,8,20,65,1
rec-370-dup-0,luvcisx,id-370,6,,116,1
id-10153,araquanid-totem,id-752,31,2175,159,0
rec-112-dup-0,rydon,id-112,,1200,170,1
rec-529-dup-0,drilbuah,id-529,,85,66,1
id-411,bastiodon,id-411,13,1495,173,1
id-410,shieldon,id-410,5,570,70,1
rec-294-dup-0,loutred,id-294,,405,126,1
rec-838-dup-0,carko|,id-838,,780,144,1
rec-103-dup-1,exe9gutor,id-103,,1200,186,1
rec-103-dup-0,exeggvtor,id-103,,1200,186,1
id-559,scraggy,id-559,6,118,70,1
rec-118-dup-0,golceen,rec-118-dup-1,6,150,64,1
id-488,cresselia,id-488,15,856,300,1
id-489,phione,id-489,4,31,216,1
id-482,azelf,id-482,3,3,290,1
id-483,dialga,id-483,54,6830,340,1
id-480,uxie,id-480,3,3,290,1
id-481,mesprit,id-481,3,3,290,1
id-486,regigigas,id-486,37,4200,335,1
id-487,giratina-altered,id-487,45,7500,340,1
id-484,palkia,id-484,42,3360,340,1
id-485,heatran,id-485,17,4300,300,1
rec-709-dup-0,treveriant,id-709,15,,166,1
rec-539-dup-0,sawj,id-539,,510,163,1
rec-539-dup-1,sawi,rec-539-dup-1,14,510,163,1
id-378,regice,id-378,18,1750,290,1
id-379,registeel,id-379,19,2050,290,1
rec-10-dup-1,caterpie,rec-10-dup-0,3,,39,1
rec-10-dup-0,caterpi,id-10,,29,39,1
id-374,beldum,id-374,6,952,60,1
id-375,metang,id-375,12,2025,147,1
id-804,naganadel,id-804,36,1500,270,1
id-377,regirock,id-377,17,2300,290,1
id-370,luvdisc,id-370,6,87,116,1
id-371,bagon,id-371,6,421,60,1
id-372,shelgon,id-372,11,1105,147,1
id-801,magearna,id-801,10,805,300,1
rec-528-dup-0,soogat,id-528,,105,149,1
id-578,duosion,id-578,6,80,130,1
id-579,reuniclus,id-579,10,201,245,1
id-576,gothitelle,id-576,15,440,245,1
id-577,solosis,id-577,3,10,58,1
id-574,gothita,id-574,4,58,58,1
id-575,gothorita,id-575,7,180,137,1
id-572,minccino,id-572,4,58,60,1
id-573,cinccino,id-573,5,75,165,1
id-570,zorua,id-570,7,125,66,1
id-571,zoroark,id-571,16,811,179,1
id-396,starly,id-396,3,20,49,1
id-397,staravia,id-397,6,155,119,1
id-394,prinplup,id-394,8,230,142,1
id-395,empoleon,id-395,17,845,239,1
id-392,infernape,id-392,12,550,240,1
id-393,piplup,id-393,4,52,63,1
id-10120,zygarde-complete,id-718,45,6100,354,0
id-10121,gumshoos-totem,id-735,14,600,146,0
id-10128,lurantis-totem,id-754,15,580,168,0
id-10129,salazzle-totem,id-758,21,810,168,0
id-10052,mawile-mega,id-303,10,235,168,0
id-10053,aggron-mega,id-306,22,3950,284,0
id-718,zygarde-50,id-718,50,3050,300,1
id-719,diancie,id-719,7,88,300,1
id-10056,banette-mega,id-354,12,130,194,0
id-10057,absol-mega,id-359,12,490,198,0
id-10054,medicham-mega,id-308,13,315,179,0
id-10055,manectric-mega,id-310,18,440,201,0
id-712,bergmite,id-712,10,995,61,1
id-713,avalugg,id-713,20,5050,180,1
id-710,pumpkaboo-average,id-710,4,50,67,1
id-711,gourgeist-average,id-711,9,125,173,1
id-716,xerneas,id-716,30,2150,340,1
id-717,yveltal,id-717,58,2030,340,1
id-714,noibat,id-714,5,80,49,1
id-715,noivern,id-715,15,850,187,1
id-232,donphan,id-232,11,1200,175,1
rec-312-dup-0,minuri,id-312,,42,142,1
id-49,venomoth,id-49,15,125,158,1
id-48,venonat,id-48,10,300,61,1
id-41,zubat,id-41,8,75,49,1
id-40,wigglytuff,id-40,10,120,218,1
id-43,oddish,id-43,5,54,64,1
id-42,golbat,id-42,16,550,159,1
id-45,vileplume,id-45,12,186,245,1
id-44,gloom,id-44,8,86,138,1
id-47,parasect,id-47,10,295,142,1
id-46,paras,id-46,3,54,57,1
rec-148-dup-0,drzkonair,id-148,,165,147,1
rec-148-dup-1,drakonair,id-148,,165,147,1
rec-586-dup-0,sawsbucn,id-586,,925,166,1
id-626,bouffalant,id-626,16,946,172,1
id-627,rufflet,id-627,5,105,70,1
id-156,quilava,id-156,9,190,142,1
id-625,bisharp,id-625,16,700,172,1
id-622,golett,id-622,10,920,61,1
id-623,golurk,id-623,28,3300,169,1
id-620,mienshao,id-620,14,355,179,1
id-153,bayleef,id-153,12,158,142,1
id-158,totodile,id-158,6,95,63,1
id-159,croconaw,id-159,11,250,142,1
id-628,braviary,id-628,15,410,179,1
id-629,vullaby,id-629,5,90,74,1
rec-484-dup-0,palkla,id-484,42,,340,1
rec-10073-dup-0,pidge0t-mega,rec-18-dup-0,22,505,261,0
rec-269-dup-0,dujtox,id-269,12,,173,1
rec-269-dup-1,dusdox,id-269,,316,173,1
rec-438-dup-0,bonzly,rec-438-dup-0,5,150,58,1
rec-438-dup-1,bonsoy,rec-438-dup-1,5,150,58,1
rec-176-dup-1,toget:c,id-176,6,,142,1
rec-176-dup-0,togetic,id-176,,,142,1
rec-217-dup-1,ursaeink,id-217,18,1258,175,1
rec-217-dup-0,urzarink,id-217,18,1258,175,1
rec-667-dup-0,litlei,id-667,6,,74,1
rec-667-dup-1,litoeo,id-667,6,,74,1
rec-90-dup-1,shellder,id-90,,,61,1
rec-90-dup-0,shell3er,id-90,,40,61,1
rec-10189-dup-0,zamazenta-cr0wned,rec-889-dup-0,29,7850,360,0
rec-523-dup-0,zebstrila,id-523,16,,174,1
rec-10051-dup-0,gardevoie-mega,rec-282-dup-0,16,484,278,0
rec-861-dup-0,grirnmsnarl,id-861,,610,255,1
rec-743-dup-1,ribomhee,rec-743-dup-0,2,5,162,1
rec-743-dup-0,ripombee,rec-743-dup-0,2,5,162,1
rec-150-dup-1,mewtvvo,rec-150-dup-1,20,1220,340,1
rec-150-dup-0,mewrwo,rec-150-dup-0,20,1220,340,1
rec-723-dup-0,dartrkx,rec-723-dup-0,7,160,147,1
rec-487-dup-0,giratjma-altered,id-487,,7500,340,1
rec-487-dup-1,giratiza-altered,id-487,,7500,340,1
id-305,lairon,id-305,9,1200,151,1
id-304,aron,id-304,4,600,66,1
rec-697-dup-0,tyramtrym,id-697,,2700,182,1
rec-177-dup-0,narv,id-177,,20,64,1
rec-177-dup-1,natv,id-177,2,20,64,1
rec-324-dup-0,torkpal,id-324,5,,165,1
rec-344-dup-0,claydol,id-344,,,175,1
id-123,scyther,id-123,15,560,100,1
id-122,mr-mime,id-122,13,545,161,1
id-668,pyroar,id-668,15,815,177,1
rec-10137-dup-0,mlnior-orangr,id-774,,3,175,0
rec-740-dup-0,crabominable,rec-740-dup-0,,1800,167,1
rec-740-dup-1,crabom'lnable,rec-740-dup-0,17,1800,167,1
rec-532-dup-0,d9mburr,id-532,6,,61,1
rec-10076-dup-1,metagrozs-mega,id-376,,9429,315,0
rec-10076-dup-0,metsgrosd-mega,id-376,,9429,315,0
id-499,pignite,id-499,10,555,146,1
id-498,tepig,id-498,5,99,62,1
id-491,darkrai,id-491,15,505,270,1
id-490,manaphy,id-490,3,14,270,1
id-493,arceus,id-493,32,3200,324,1
id-492,shaymin-land,id-492,2,21,270,1
id-495,snivy,id-495,6,81,62,1
id-494,victini,id-494,4,40,300,1
id-497,serperior,id-497,33,630,238,1
id-496,servine,id-496,8,160,145,1
rec-649-dup-0,genej3ct,id-649,15,,300,1
rec-649-dup-1,gwnesekt,id-649,15,,300,1
id-369,relicanth,id-369,10,234,170,1
id-368,gorebyss,id-368,18,226,170,1
id-819,skwovet,id-819,3,25,55,1
rec-52-dup-0,meoth,rec-52-dup-1,4,42,58,1
id-363,spheal,id-363,8,395,58,1
id-814,raboot,id-814,6,90,147,1
id-817,drizzile,id-817,7,115,147,1
id-816,sobble,id-816,3,40,62,1
id-811,thwackey,id-811,7,140,147,1
id-810,grookey,id-810,3,50,62,1
id-813,scorbunny,id-813,3,45,62,1
id-364,sealeo,id-364,11,876,144,1
id-569,garbodor,id-569,19,1073,166,1
id-568,trubbish,id-568,6,310,66,1
rec-673-dup-0,kog0at,id-673,,910,186,1
id-565,carracosta,id-565,12,810,173,1
id-564,tirtouga,id-564,7,165,71,1
id-567,archeops,id-567,14,320,177,1
id-566,archen,id-566,5,95,71,1
id-561,sigilyph,id-561,14,140,172,1
id-560,scrafty,id-560,11,300,171,1
id-563,cofagrigus,id-563,17,765,169,1
id-562,yamask,id-562,5,15,61,1
id-385,jirachi,id-385,3,11,300,1
id-384,rayquaza,id-384,70,2065,340,1
id-387,turtwig,id-387,4,102,64,1
id-386,deoxys-normal,id-386,17,608,270,1
id-381,latios,id-381,20,600,300,1
id-380,latias,id-380,14,400,300,1
id-383,groudon,id-383,35,9500,335,1
id-382,kyogre,id-382,45,3520,335,1
rec-10065-dup-1,sceptile-rnega,id-254,,552,284,0
rec-10065-dup-0,sceptile-me9a,id-254,19,,284,0
id-389,torterra,id-389,22,3100,236,1
id-388,grotle,id-388,11,970,142,1
rec-654-dup-0,pra:xen,id-654,,145,143,1
rec-748-dup-0,doxapex,id-748,,145,173,1
rec-10183-dup-0,cramorant-g0rjing,id-845,8,,166,0
id-10045,ampharos-mega,id-181,14,615,275,0
id-708,phantump,id-708,4,70,62,1
id-10047,heracross-mega,id-214,17,625,210,0
id-10046,scizor-mega,id-212,20,1250,210,0
id-10041,gyarados-mega,id-130,65,3050,224,0
id-10040,pinsir-mega,id-127,17,590,210,0
id-10043,mewtwo-mega-x,id-150,23,1270,351,0
id-10042,aerodactyl-mega,id-142,21,790,215,0
id-701,hawlucha,id-701,8,215,175,1
id-700,sylveon,id-700,10,235,184,1
id-703,carbink,id-703,3,57,100,1
id-702,dedenne,id-702,2,22,151,1
id-10049,tyranitar-mega,id-248,25,2550,315,0
id-10048,houndoom-mega,id-229,19,495,210,0
id-707,klefki,id-707,2,30,165,1
rec-10151-dup-0,rockruff-owm-tempo,rec-744-dup-0,5,92,56,0
rec-10035-dup-0,charizarf-mega-y,id-6,17,,285,0
id-58,growlithe,id-58,7,190,70,1
id-59,arcanine,id-59,19,1550,194,1
id-809,melmetal,id-809,25,8000,300,1
rec-833-dup-0,cbewt|e,id-833,3,,57,1
id-52,meowth,id-52,4,42,58,1
id-53,persian,id-53,10,320,154,1
id-50,diglett,id-50,2,8,53,1
id-51,dugtrio,id-51,7,333,149,1
id-56,mankey,id-56,5,280,61,1
id-57,primeape,id-57,10,320,159,1
id-54,psyduck,id-54,8,196,64,1
id-55,golduck,id-55,17,766,175,1
id-660,diggersby,id-660,10,424,148,1
id-10139,minior-green,id-774,3,3,175,0
id-142,aerodactyl,id-142,18,590,180,1
id-141,kabutops,id-141,13,405,173,1
id-140,kabuto,id-140,5,115,71,1
id-147,dratini,id-147,18,33,60,1
id-146,moltres,id-146,20,600,290,1
id-145,zapdos,id-145,16,526,290,1
id-144,articuno,id-144,17,554,290,1
id-10131,minior-yellow-meteor,id-774,3,400,154,0
id-10130,minior-orange-meteor,id-774,3,400,154,0
id-10133,minior-blue-meteor,id-774,3,400,154,0
id-148,dragonair,id-148,40,165,147,1
id-639,terrakion,id-639,19,2600,290,1
id-638,cobalion,id-638,21,2500,290,1
id-10137,minior-orange,id-774,3,3,175,0
id-10136,minior-red,id-774,3,3,175,0
rec-619-dup-0,mienfu,id-619,,200,70,1
rec-10168-dup-0,mr-mime-galaah,id-122,14,,161,0
id-608,lampent,id-608,6,130,130,1
id-609,chandelure,id-609,10,343,260,1
rec-159-dup-0,croc0naw,id-159,,250,142,1
rec-605-dup-0,elgyem,rec-605-dup-0,5,,67,1
rec-426-dup-1,drifbli:ii,id-426,12,,174,1
id-667,litleo,id-667,6,135,74,1
rec-426-dup-0,drivbkim,id-426,,150,174,1
rec-53-dup-0,perzian,id-53,10,,154,1
id-10174,zigzagoon-galar,id-263,4,175,56,0
id-665,spewpa,id-665,3,84,75,1
rec-204-dup-0,pineco,rec-204-dup-0,,72,58,1
rec-685-dup-0,slutpuff,id-685,,50,168,1
id-365,walrein,id-365,14,1506,265,1
rec-10031-dup-0,gourgeisr-lar9e,id-711,11,140,173,0
rec-10031-dup-1,gourgelwt-large,id-711,11,,173,0
rec-186-dup-0,pol'ltied,id-186,11,,250,1
rec-186-dup-1,politiee,id-186,11,339,250,1
rec-10122-dup-0,fikavolt-totem,rec-738-dup-0,26,1475,225,0
rec-10118-dup-0,zygarde-10-p0wer-construct,id-718,12,,243,0
rec-701-dup-0,hawlucha,rec-701-dup-0,,215,175,1
rec-55-dup-0,golducxk,id-55,17,,175,1
rec-10133-dup-1,minior-blve-meteor,id-774,,400,154,0
rec-10133-dup-0,minior-blve-meteor,id-774,3,,154,0
id-896,glastrier,id-896,22,8000,290,1
rec-10132-dup-0,minior-grsen-meteor,id-774,3,,154,0
rec-10070-dup-1,sharpedo-mega,rec-319-dup-0,25,,196,0
rec-10070-dup-0,shar0edo-mega,rec-319-dup-0,25,1303,196,0
rec-10128-dup-0,lurant:s-t0tem,id-754,,580,168,0
rec-521-dup-0,unfezant,rec-521-dup-0,,290,244,1
rec-10161-dup-0,meovvth-galar,rec-52-dup-1,4,75,58,0
rec-10161-dup-1,meowtj-galar,rec-52-dup-1,4,75,58,0
rec-26-dup-0,raicnu,id-26,8,,243,1
rec-26-dup-1,raich8,id-26,,300,243,1
rec-831-dup-0,woolpo,rec-831-dup-1,6,60,122,1
id-828,thievul,id-828,12,199,159,1
id-829,gossifleur,id-829,4,22,50,1
id-808,meltan,id-808,2,80,150,1
id-820,greedent,id-820,6,60,161,1
id-821,rookidee,id-821,2,18,49,1
id-822,corvisquire,id-822,8,160,128,1
id-823,corviknight,id-823,22,750,248,1
id-824,blipbug,id-824,4,80,36,1
id-825,dottler,id-825,4,195,117,1
id-826,orbeetle,id-826,4,408,253,1
id-827,nickit,id-827,6,89,49,1
id-558,crustle,id-558,14,2000,170,1
id-806,blacephalon,id-806,18,130,285,1
id-10179,yamask-galar,id-562,5,15,61,0
id-807,zeraora,id-807,15,445,300,1
id-550,basculin-red-striped,id-550,10,180,161,1
id-551,sandile,id-551,7,152,58,1
id-552,krokorok,id-552,10,334,123,1
id-553,krookodile,id-553,15,963,260,1
id-554,darumaka,id-554,6,375,63,1
id-376,metagross,id-376,16,5500,300,1
id-556,maractus,id-556,10,280,161,1
id-557,dwebble,id-557,3,145,65,1
id-805,stakataka,id-805,55,8200,285,1
id-802,marshadow,id-802,7,222,300,1
id-803,poipole,id-803,6,18,210,1
id-10178,darmanitan-galar-zen,id-555,17,1200,189,0
id-800,necrozma,id-800,24,2300,300,1
id-373,salamence,id-373,15,1026,300,1
id-734,yungoos,id-734,4,60,51,1
id-735,gumshoos,id-735,7,142,146,1
id-736,grubbin,id-736,4,44,60,1
id-737,charjabug,id-737,5,105,140,1
id-730,primarina,id-730,18,440,265,1
id-731,pikipek,id-731,3,12,53,1
id-732,trumbeak,id-732,6,148,124,1
id-733,toucannon,id-733,11,260,218,1
id-738,vikavolt,id-738,15,450,250,1
id-739,crabrawler,id-739,6,70,68,1
id-67,machoke,id-67,15,705,142,1
id-66,machop,id-66,8,195,61,1
id-65,alakazam,id-65,15,480,250,1
id-64,kadabra,id-64,13,565,140,1
id-63,abra,id-63,9,195,62,1
id-62,poliwrath,id-62,13,540,255,1
id-61,poliwhirl,id-61,10,200,135,1
id-60,poliwag,id-60,6,124,60,1
id-69,bellsprout,id-69,7,40,60,1
id-68,machamp,id-68,16,1300,253,1
rec-19-dup-0,rattwta,id-19,,35,51,1
rec-19-dup-1,radtata,rec-19-dup-0,3,35,51,1
id-10098,pikachu-kalos-cap,id-25,4,60,112,0
id-10099,pikachu-alola-cap,id-25,4,60,112,0
id-10096,pikachu-sinnoh-cap,id-25,4,60,112,0
id-10097,pikachu-unova-cap,id-25,4,60,112,0
id-10094,pikachu-original-cap,id-25,4,60,112,0
id-10095,pikachu-hoenn-cap,id-25,4,60,112,0
id-10092,raticate-alola,id-20,7,255,145,0
id-10093,raticate-totem-alola,id-20,14,1050,145,0
id-10090,beedrill-mega,id-15,14,405,223,0
id-10091,rattata-alola,id-19,3,38,51,0
rec-10021-dup-0,landorus-theriari,id-645,,680,300,0
id-600,klang,id-600,6,510,154,1
id-601,klinklang,id-601,6,810,260,1
id-602,tynamo,id-602,2,3,55,1
id-603,eelektrik,id-603,12,220,142,1
rec-10181-dup-0,zygarcle-10,id-718,12,,243,0
id-10149,marowak-totem,id-105,17,980,149,0
id-606,beheeyem,id-606,10,345,170,1
id-607,litwick,id-607,3,31,55,1
id-10144,mimikyu-totem-disguised,id-778,4,28,167,0
id-10145,mimikyu-totem-busted,id-778,4,28,167,0
id-10146,kommo-o-totem,id-784,24,2075,270,0
id-10147,magearna-original,id-801,10,805,300,0
id-10140,minior-blue,id-774,3,3,175,0
id-10141,minior-indigo,id-774,3,3,175,0
id-10142,minior-violet,id-774,3,3,175,0
id-10143,mimikyu-busted,id-778,2,7,167,0
id-10126,lycanroc-midnight,id-745,11,250,170,0
id-10127,wishiwashi-school,id-746,82,786,217,0
id-10124,oricorio-pau,id-741,6,34,167,0
id-10125,oricorio-sensu,id-741,6,34,167,0
id-10122,vikavolt-totem,id-738,26,1475,225,0
id-10123,oricorio-pom-pom,id-741,6,34,167,0
rec-20-dup-0,raticqte,id-20,7,,145,1
rec-20-dup-1,ratikaye,id-20,7,185,145,1
id-390,chimchar,id-390,5,62,62,1
id-391,monferno,id-391,9,220,142,1
rec-78-dup-0,rapiclash,id-78,,950,175,1
rec-583-dup-0,vanillish,rec-583-dup-0,,410,138,1
id-398,staraptor,id-398,12,249,218,1
id-399,bidoof,id-399,5,200,50,1
rec-49-dup-0,venomot,id-49,,125,158,1
rec-144-dup-0,artikyno,id-144,,554,290,1
id-10118,zygarde-10-power-construct,id-718,12,335,243,0
id-652,chesnaught,id-652,16,900,239,1
id-10022,kyurem-black,id-646,33,3250,350,0
id-10161,meowth-galar,id-52,4,75,58,0
rec-95-dup-0,omix,rec-95-dup-0,88,2100,77,1
id-654,braixen,id-654,10,145,143,1
rec-10147-dup-0,magearna-original,rec-801-dup-1,10,,300,0
rec-6-dup-1,xar'lzard,id-6,,905,267,1
rec-6-dup-0,charizard,id-6,,,267,1
rec-379-dup-0,regksteel,rec-379-dup-0,19,2050,290,1
rec-321-dup-1,waioord,id-321,145,,175,1
rec-321-dup-0,waijord,id-321,,3980,175,1
id-10050,blaziken-mega,id-257,19,520,284,0
id-10051,gardevoir-mega,id-282,16,484,278,0
rec-261-dup-0,pucbyena,id-261,5,,56,1
rec-261-dup-1,poocbvena,id-261,5,,56,1
rec-238-dup-0,s0ochum,id-238,,60,61,1
rec-238-dup-1,sm0ochum,id-238,4,,61,1
rec-513-dup-0,pansdear,id-513,6,,63,1
rec-513-dup-1,psnsear,id-513,6,,63,1
id-10058,garchomp-mega,id-445,19,950,315,0
rec-392-dup-0,inferkape,id-392,12,,240,1
id-10059,lucario-mega,id-448,13,575,219,0
id-764,comfey,id-764,1,3,170,1
rec-10050-dup-0,blaziken-rnega,rec-257-dup-0,19,520,284,0
rec-235-dup-1,smeargje,id-235,12,,88,1
rec-235-dup-0,smear9ke,id-235,12,580,88,1
rec-10112-dup-1,krimer-alola,rec-88-dup-1,7,420,65,0
id-763,tsareena,id-763,12,214,255,1
id-837,rolycoly,id-837,3,120,48,1
id-836,boltund,id-836,10,340,172,1
id-835,yamper,id-835,3,135,54,1
id-834,drednaw,id-834,10,1155,170,1
id-833,chewtle,id-833,3,85,57,1
id-832,dubwool,id-832,13,430,172,1
id-831,wooloo,id-831,6,60,122,1
id-830,eldegoss,id-830,5,25,161,1
id-839,coalossal,id-839,28,3105,255,1
id-838,carkol,id-838,11,780,144,1
id-547,whimsicott,id-547,7,66,168,1
id-546,cottonee,id-546,3,6,56,1
id-545,scolipede,id-545,25,2005,243,1
id-762,steenee,id-762,7,82,102,1
id-543,venipede,id-543,4,53,52,1
id-542,leavanny,id-542,12,205,225,1
id-541,swadloon,id-541,5,73,133,1
id-540,sewaddle,id-540,3,25,62,1
id-549,lilligant,id-549,11,163,168,1
id-548,petilil,id-548,5,66,56,1
id-10169,articuno-galar,id-144,17,509,290,0
id-604,eelektross,id-604,21,805,232,1
rec-122-dup-0,mr-mume,id-122,13,,161,1
rec-122-dup-1,mr-miiiie,id-122,13,,161,1
id-340,whiscash,id-340,9,236,164,1
id-10029,pumpkaboo-super,id-710,8,150,67,0
id-760,bewear,id-760,21,1350,175,1
id-723,dartrix,id-723,7,160,147,1
id-722,rowlet,id-722,3,15,64,1
id-721,volcanion,id-721,17,1950,300,1
id-720,hoopa,id-720,5,90,270,1
id-727,incineroar,id-727,18,830,265,1
id-726,torracat,id-726,7,250,147,1
id-725,litten,id-725,4,43,64,1
id-724,decidueye,id-724,16,366,265,1
id-729,brionne,id-729,6,175,147,1
id-728,popplio,id-728,4,75,64,1
id-70,weepinbell,id-70,10,64,137,1
id-71,victreebel,id-71,17,155,221,1
id-72,tentacool,id-72,9,455,67,1
id-73,tentacruel,id-73,16,550,180,1
id-74,geodude,id-74,4,200,60,1
id-75,graveler,id-75,10,1050,137,1
id-76,golem,id-76,14,3000,223,1
id-77,ponyta,id-77,10,300,82,1
id-78,rapidash,id-78,17,950,175,1
id-79,slowpoke,id-79,12,360,63,1
rec-783-dup-0,hskarno-o,id-783,12,470,147,1
id-10081,pikachu-belle,id-25,4,60,112,0
id-10080,pikachu-rock-star,id-25,4,60,112,0
id-10083,pikachu-phd,id-25,4,60,112,0
id-10082,pikachu-pop-star,id-25,4,60,112,0
id-10085,pikachu-cosplay,id-25,4,60,112,0
id-10084,pikachu-libre,id-25,4,60,112,0
id-10087,camerupt-mega,id-323,25,3205,196,0
id-10086,hoopa-unbound,id-720,65,4900,306,0
id-10089,salamence-mega,id-373,18,1126,315,0
id-10088,lopunny-mega,id-428,13,283,203,0
rec-10141-dup-0,mini0r-indigo,id-774,3,,175,0
rec-501-dup-0,oshawott,rec-501-dup-0,5,,62,1
rec-75-dup-0,graveler,id-75,,,137,1
rec-75-dup-1,graueler,id-75,,1050,137,1
rec-244-dup-0,endej,id-244,21,1980,290,1
id-619,mienfoo,id-619,9,200,70,1
id-618,stunfisk,id-618,7,110,165,1
id-617,accelgor,id-617,8,253,173,1
id-616,shelmet,id-616,4,77,61,1
id-615,cryogonal,id-615,11,1480,180,1
id-614,beartic,id-614,26,2600,177,1
id-613,cubchoo,id-613,5,85,61,1
id-612,haxorus,id-612,18,1055,270,1
id-611,fraxure,id-611,10,360,144,1
id-610,axew,id-610,6,180,64,1
id-605,elgyem,id-605,5,90,67,1
rec-685-dup-1,slurpufg,id-685,8,,168,1
rec-10165-dup-0,slowbr0-falar,id-80,,705,172,0
rec-490-dup-0,manapht,rec-490-dup-0,3,14,270,1
rec-147-dup-0,dratkni,id-147,,33,60,1
id-346,cradily,id-346,15,604,173,1
rec-587-dup-0,emolks,id-587,,50,150,1
id-154,meganium,id-154,18,1005,236,1
rec-126-dup-0,magmaah,rec-126-dup-0,13,445,173,1
rec-10095-dup-0,pickacu-hoenn-cap,id-25,4,,112,0
id-155,cyndaquil,id-155,5,79,62,1
rec-507-dup-0,hertier,rec-507-dup-0,9,147,130,1
id-157,typhlosion,id-157,17,795,240,1
id-150,mewtwo,id-150,20,1220,340,1
id-151,mew,id-151,4,40,300,1
rec-600-dup-0,klamg,id-600,6,,154,1
id-152,chikorita,id-152,9,64,64,1
id-621,druddigon,id-621,16,1390,170,1
rec-643-dup-0,rejhi4am,id-643,,3300,340,1
rec-643-dup-1,reshirqm,id-643,32,,340,1
rec-435-dup-1,skuntank,rec-435-dup-1,,380,168,1
rec-435-dup-0,skuntank,rec-435-dup-1,10,,168,1
rec-596-dup-1,galfsntula,id-596,,143,165,1
rec-596-dup-0,galvantvla,id-596,,143,165,1
rec-74-dup-0,geoclucle,id-74,,200,60,1
rec-120-dup-0,ztaryu,id-120,,345,68,1
rec-544-dup-0,whirli0ede,rec-544-dup-0,12,585,126,1
rec-599-dup-0,lclin1<,id-599,,210,60,1
rec-599-dup-1,cklunk,id-599,3,210,60,1
rec-552-dup-0,krokor0k,rec-552-dup-0,10,334,123,1
rec-896-dup-0,glastrlef,id-896,22,,290,1
rec-163-dup-0,hotnoot,rec-163-dup-0,7,212,52,1
rec-890-dup-0,eteahnatus,id-890,200,,345,1
rec-890-dup-1,edernatu5,id-890,200,9500,345,1
rec-852-dup-0,klobbopus,rec-852-dup-0,6,40,62,1
rec-852-dup-1,cbbbopus,rec-852-dup-0,6,40,62,1
rec-534-dup-0,conkelduahr,rec-534-dup-0,14,870,253,1
id-842,appletun,id-842,4,130,170,1
id-843,silicobra,id-843,22,76,63,1
id-840,applin,id-840,2,5,52,1
id-841,flapple,id-841,3,10,170,1
id-846,arrokuda,id-846,5,10,56,1
id-847,barraskewda,id-847,13,300,172,1
id-844,sandaconda,id-844,38,655,179,1
id-845,cramorant,id-845,8,180,166,1
id-848,toxel,id-848,4,110,48,1
id-849,toxtricity-amped,id-849,16,400,176,1
id-532,timburr,id-532,6,125,61,1
id-533,gurdurr,id-533,12,400,142,1
id-530,excadrill,id-530,7,404,178,1
id-531,audino,id-531,11,310,390,1
id-536,palpitoad,id-536,8,170,134,1
id-537,seismitoad,id-537,15,620,255,1
id-534,conkeldurr,id-534,14,870,253,1
id-535,tympole,id-535,5,45,59,1
id-538,throh,id-538,13,555,163,1
id-539,sawk,id-539,14,510,163,1
rec-780-dup-0,traiiipa,id-780,30,,170,1
rec-1-dup-0,bulbasaur,id-1,,,64,1
rec-738-dup-0,vikzvolt,rec-738-dup-0,15,450,250,1
id-10155,necrozma-dusk,id-800,38,4600,340,0
id-288,vigoroth,id-288,14,465,154,1
id-289,slaking,id-289,20,1305,252,1
id-284,masquerain,id-284,8,36,159,1
id-285,shroomish,id-285,4,45,59,1
id-286,breloom,id-286,12,392,161,1
id-287,slakoth,id-287,8,240,56,1
id-280,ralts,id-280,4,66,40,1
id-281,kirlia,id-281,8,202,97,1
id-282,gardevoir,id-282,16,484,259,1
id-283,surskit,id-283,5,17,54,1
id-448,lucario,id-448,12,540,184,1
id-449,hippopotas,id-449,8,495,66,1
id-446,munchlax,id-446,6,1050,78,1
id-447,riolu,id-447,7,202,57,1
id-444,gabite,id-444,14,560,144,1
id-445,garchomp,id-445,19,950,300,1
id-442,spiritomb,id-442,10,1080,170,1
id-443,gible,id-443,7,205,60,1
id-440,happiny,id-440,6,244,110,1
id-441,chatot,id-441,5,19,144,1
id-266,silcoon,id-266,6,100,72,1
id-267,beautifly,id-267,10,284,178,1
id-264,linoone,id-264,5,325,147,1
id-265,wurmple,id-265,3,36,56,1
id-89,muk,id-89,12,300,175,1
id-88,grimer,id-88,9,300,65,1
id-260,swampert,id-260,15,819,268,1
id-261,poochyena,id-261,5,136,56,1
id-85,dodrio,id-85,18,852,165,1
id-84,doduo,id-84,14,392,62,1
id-87,dewgong,id-87,17,1200,166,1
id-86,seel,id-86,11,900,65,1
id-81,magnemite,id-81,3,60,65,1
id-80,slowbro,id-80,16,785,172,1
id-83,farfetchd,id-83,8,150,132,1
id-82,magneton,id-82,10,600,163,1
rec-10092-dup-0,rat'lcate-a1ola,id-20,7,,145,0
id-198,murkrow,id-198,5,21,81,1
id-199,slowking,id-199,20,795,172,1
id-10160,pikachu-world-cap,id-25,4,60,112,0
id-669,flabebe,id-669,1,1,61,1
id-10166,farfetchd-galar,id-83,8,420,132,0
id-10167,weezing-galar,id-110,30,160,172,0
id-10164,slowpoke-galar,id-79,12,360,63,0
id-10165,slowbro-galar,id-80,16,705,172,0
id-190,aipom,id-190,8,115,72,1
id-191,sunkern,id-191,3,18,36,1
rec-508-dup-0,sdoutland,id-508,,610,250,1
id-193,yanma,id-193,12,380,78,1
id-194,wooper,id-194,4,85,42,1
id-195,quagsire,id-195,14,750,151,1
id-196,espeon,id-196,9,265,184,1
id-197,umbreon,id-197,10,270,184,1
rec-43-dup-0,oddi5b,id-43,5,,64,1
rec-447-dup-0,riolu,rec-447-dup-0,,202,57,1
rec-447-dup-1,riolv,rec-447-dup-0,7,202,57,1
id-10188,zacian-crowned,id-888,28,3550,360,0
id-10189,zamazenta-crowned,id-889,29,7850,360,0
rec-749-dup-1,mudbrai,id-749,10,,77,1
rec-749-dup-0,mudh4ay,id-749,,1100,77,1
id-10180,stunfisk-galar,id-618,7,205,165,0
id-10181,zygarde-10,id-718,12,335,243,0
id-10182,cramorant-gulping,id-845,8,180,166,0
id-10183,cramorant-gorging,id-845,8,180,166,0
id-10184,toxtricity-low-key,id-849,16,400,176,0
id-10185,eiscue-noice,id-875,14,890,165,0
id-10186,indeedee-female,id-876,9,280,166,0
id-10187,morpeko-hangry,id-877,3,30,153,0
rec-682-dup-0,spr8tzee,rec-682-dup-0,2,5,68,1
rec-10130-dup-0,minior-orange-meteor,id-774,,,154,0
rec-551-dup-0,sanclile,rec-551-dup-0,7,152,58,1
rec-10087-dup-1,camerupt-keka,id-323,,3205,196,0
rec-10087-dup-0,camerupt-ne9a,id-323,,3205,196,0
rec-880-dup-0,drac0zo1t,id-880,18,1900,177,1
id-178,xatu,id-178,15,150,165,1
rec-208-dup-0,steelix,rec-208-dup-0,,4000,179,1
id-179,mareep,id-179,6,78,56,1
id-98,krabby,id-98,4,65,65,1
id-99,kingler,id-99,13,600,166,1
rec-684-dup-0,swirl:x,id-684,4,,68,1
id-172,pichu,id-172,3,20,41,1
id-10109,geodude-alola,id-74,4,203,60,0
rec-472-dup-0,kliacor,id-472,,425,179,1
id-92,gastly,id-92,13,1,62,1
id-93,haunter,id-93,16,1,142,1
rec-226-dup-1,mantirie,rec-226-dup-0,21,2200,170,1
rec-226-dup-0,mantine,rec-226-dup-0,21,,170,1
rec-782-dup-0,jangmo-0,id-782,,297,60,1
rec-79-dup-0,slowpoje,rec-79-dup-0,12,360,63,1
rec-753-dup-0,fomanti5,id-753,3,,50,1
rec-753-dup-1,fomant'ks,id-753,,15,50,1
rec-677-dup-1,espurr,rec-677-dup-0,,35,71,1
rec-677-dup-0,espvrr,rec-677-dup-0,3,35,71,1
id-742,cutiefly,id-742,1,2,61,1
id-10148,pikachu-partner-cap,id-25,4,60,112,0
rec-10023-dup-0,ckyurem-white,rec-646-dup-0,36,3250,350,0
rec-794-dup-0,buzzwole,rec-794-dup-0,,3336,285,1
rec-206-dup-0,turisparce,id-206,15,,145,1
id-851,centiskorch,id-851,30,1200,184,1
id-850,sizzlipede,id-850,7,10,61,1
id-853,grapploct,id-853,16,390,168,1
id-852,clobbopus,id-852,6,40,62,1
id-855,polteageist,id-855,2,4,178,1
id-854,sinistea,id-854,1,2,62,1
id-857,hattrem,id-857,6,48,130,1
id-856,hatenna,id-856,4,34,53,1
id-859,impidimp,id-859,4,55,53,1
id-858,hatterene,id-858,21,51,255,1
rec-296-dup-0,makvhita,id-296,10,,47,1
rec-296-dup-1,makuhuta,id-296,,864,47,1
id-521,unfezant,id-521,12,290,244,1
id-520,tranquill,id-520,6,150,125,1
id-523,zebstrika,id-523,16,795,174,1
id-522,blitzle,id-522,8,298,59,1
id-525,boldore,id-525,9,1020,137,1
id-524,roggenrola,id-524,4,180,56,1
id-527,woobat,id-527,4,21,65,1
id-526,gigalith,id-526,17,2600,258,1
id-529,drilbur,id-529,3,85,66,1
id-528,swoobat,id-528,9,105,149,1
rec-634-dup-0,zweikous,id-634,14,,147,1
rec-634-dup-1,zweil9us,id-634,14,,147,1
rec-369-dup-0,rejicangh,id-369,,234,170,1
id-774,minior-red-meteor,id-774,3,400,154,1
id-775,komala,id-775,4,199,168,1
rec-659-dup-0,bunbelby,id-659,4,,47,1
rec-10040-dup-0,pinsir-jega,rec-127-dup-0,17,590,210,0
rec-10112-dup-0,gahimer-alola,rec-88-dup-0,7,420,65,0
id-778,mimikyu-disguised,id-778,2,7,167,1
id-779,bruxish,id-779,9,190,166,1
rec-10167-dup-0,weexing-galar,id-110,30,,172,0
rec-10167-dup-1,weejing-galar,id-110,,160,172,0
id-749,mudbray,id-749,10,1100,77,1
id-299,nosepass,id-299,10,970,75,1
id-298,azurill,id-298,2,20,38,1
rec-365-dup-1,alrein,id-365,,1506,265,1
rec-365-dup-0,alrin,id-365,14,,265,1
id-293,whismur,id-293,6,163,48,1
id-292,shedinja,id-292,8,12,83,1
id-291,ninjask,id-291,8,120,160,1
id-290,nincada,id-290,5,55,53,1
id-297,hariyama,id-297,23,2538,166,1
id-296,makuhita,id-296,10,864,47,1
id-295,exploud,id-295,15,840,245,1
id-294,loudred,id-294,10,405,126,1
id-459,snover,id-459,10,505,67,1
id-458,mantyke,id-458,10,650,69,1
id-455,carnivine,id-455,14,270,159,1
id-454,toxicroak,id-454,13,444,172,1
id-457,lumineon,id-457,12,240,161,1
id-456,finneon,id-456,4,70,66,1
id-451,skorupi,id-451,8,120,66,1
id-450,hippowdon,id-450,20,3000,184,1
id-453,croagunk,id-453,7,230,60,1
id-452,drapion,id-452,13,615,175,1
id-275,shiftry,id-275,13,596,240,1
id-274,nuzleaf,id-274,10,280,119,1
id-277,swellow,id-277,7,198,159,1
id-276,taillow,id-276,3,23,54,1
id-271,lombre,id-271,12,325,119,1
id-270,lotad,id-270,5,26,44,1
id-273,seedot,id-273,5,40,44,1
id-272,ludicolo,id-272,15,550,240,1
id-96,drowzee,id-96,10,324,66,1
id-97,hypno,id-97,16,756,169,1
id-94,gengar,id-94,15,405,250,1
id-95,onix,id-95,88,2100,77,1
id-279,pelipper,id-279,12,280,154,1
id-278,wingull,id-278,6,95,54,1
id-90,shellder,id-90,3,40,61,1
id-91,cloyster,id-91,15,1325,184,1
id-187,hoppip,id-187,4,5,50,1
id-186,politoed,id-186,11,339,250,1
id-185,sudowoodo,id-185,12,380,144,1
id-184,azumarill,id-184,8,285,210,1
id-183,marill,id-183,4,85,88,1
id-182,bellossom,id-182,4,58,245,1
id-181,ampharos,id-181,14,615,230,1
id-180,flaaffy,id-180,8,133,128,1
id-189,jumpluff,id-189,8,30,207,1
id-188,skiploom,id-188,6,10,119,1
id-10175,linoone-galar,id-264,5,325,147,0
id-678,meowstic-male,id-678,6,85,163,1
id-10177,darmanitan-galar-standard,id-555,17,1200,168,0
id-10176,darumaka-galar,id-554,7,400,63,0
id-10171,moltres-galar,id-146,20,660,290,0
id-10170,zapdos-galar,id-145,16,582,290,0
id-10173,corsola-galar,id-222,6,5,144,0
id-10172,slowking-galar,id-199,18,795,172,0
id-671,florges,id-671,11,100,248,1
id-670,floette,id-670,2,9,130,1
id-673,gogoat,id-673,17,910,186,1
id-672,skiddo,id-672,9,310,70,1
id-675,pangoro,id-675,21,1360,173,1
id-674,pancham,id-674,6,80,70,1
id-677,espurr,id-677,3,35,71,1
id-676,furfrou,id-676,12,280,165,1
rec-34-dup-0,nidiking,rec-34-dup-0,14,620,253,1
rec-68-dup-0,makamp,id-68,,1300,253,1
id-10193,calyrex-ice,id-898,24,8091,340,0
id-10192,zarude-dada,id-893,18,700,300,0
id-10191,urshifu-rapid-strike,id-892,19,1050,275,0
id-10190,eternatus-eternamax,id-890,1000,0,563,0
id-10194,calyrex-shadow,id-898,24,536,340,0
rec-462-dup-0,magnexone,id-462,12,,268,1
rec-210-dup-0,granull,id-210,,487,158,1
rec-243-dup-0,raik0u,id-243,19,,290,1
rec-10188-dup-0,zacian-crowned,rec-888-dup-0,28,,360,0
rec-10025-dup-1,meovvstic-female,id-678,6,,163,0
rec-10025-dup-0,meowstiv-female,id-678,,85,163,0
rec-152-dup-0,chikor:ta,rec-152-dup-0,9,64,64,1
rec-676-dup-0,vurfrov,id-676,12,,165,1
rec-500-dup-0,emboar,rec-500-dup-0,,1500,238,1
rec-500-dup-1,emboar,rec-500-dup-0,16,,238,1
id-635,hydreigon,id-635,18,1600,300,1
rec-888-dup-1,zakian,rec-888-dup-0,28,1100,335,1
rec-888-dup-0,zacian,rec-888-dup-0,,1100,335,1
rec-10074-dup-0,glalie-iiiega,id-362,21,,203,0
rec-862-dup-0,obstsg0on,id-862,16,,260,1
rec-10149-dup-0,marovva1<-totem,id-105,17,,149,0
id-544,whirlipede,id-544,12,585,126,1
rec-354-dup-1,bar'lette,id-354,,125,159,1
rec-354-dup-0,banertw,id-354,,125,159,1
rec-84-dup-0,doduo,rec-84-dup-0,,392,62,1
rec-117-dup-0,seaclra,id-117,12,,154,1
id-750,mudsdale,id-750,25,9200,175,1
id-751,dewpider,id-751,3,40,54,1
id-634,zweilous,id-634,14,500,147,1
rec-10056-dup-0,banedte-mega,id-354,,130,194,0
rec-233-dup-1,poryg9n2,rec-233-dup-0,6,325,180,1
rec-233-dup-0,porygon2,rec-233-dup-0,,325,180,1
id-868,milcery,id-868,2,3,54,1
id-869,alcremie,id-869,3,5,173,1
id-864,cursola,id-864,10,4,179,1
id-865,sirfetchd,id-865,8,1170,177,1
rec-73-dup-0,tentskruel,id-73,,550,180,1
rec-73-dup-1,tentacruej,id-73,,550,180,1
id-860,morgrem,id-860,8,125,130,1
id-861,grimmsnarl,id-861,15,610,255,1
id-862,obstagoon,id-862,16,460,260,1
id-863,perrserker,id-863,8,280,154,1
id-518,musharna,id-518,11,605,170,1
id-519,pidove,id-519,3,21,53,1
id-514,simisear,id-514,10,280,174,1
id-515,panpour,id-515,6,135,63,1
id-516,simipour,id-516,10,290,174,1
id-517,munna,id-517,6,233,58,1
id-510,liepard,id-510,11,375,156,1
id-511,pansage,id-511,6,105,63,1
id-512,simisage,id-512,11,305,174,1
id-513,pansear,id-513,6,110,63,1
rec-770-dup-1,palojsand,rec-770-dup-0,13,2500,168,1
rec-770-dup-0,palos5and,rec-770-dup-0,13,2500,168,1
rec-579-dup-0,reunicoux,rec-579-dup-0,10,201,245,1
rec-10020-dup-1,tundurus-thenan,id-642,,610,290,0
id-163,hoothoot,id-163,7,212,52,1
id-468,togekiss,id-468,15,380,273,1
id-469,yanmega,id-469,19,515,180,1
id-239,elekid,id-239,6,235,72,1
id-460,abomasnow,id-460,22,1355,173,1
id-461,weavile,id-461,11,340,179,1
id-462,magnezone,id-462,12,1800,268,1
id-463,lickilicky,id-463,17,1400,180,1
id-464,rhyperior,id-464,24,2828,268,1
id-465,tangrowth,id-465,20,1286,187,1
id-466,electivire,id-466,18,1386,270,1
id-467,magmortar,id-467,16,680,270,1
id-240,magby,id-240,7,214,73,1
id-241,miltank,id-241,12,755,172,1
id-242,blissey,id-242,15,468,635,1
id-243,raikou,id-243,19,1780,290,1
id-244,entei,id-244,21,1980,290,1
id-245,suicune,id-245,20,1870,290,1
id-246,larvitar,id-246,6,720,60,1
id-247,pupitar,id-247,12,1520,144,1
id-248,tyranitar,id-248,20,2020,300,1
id-249,lugia,id-249,52,2160,340,1
rec-556-dup-1,maractus,rec-556-dup-0,10,,161,1
rec-556-dup-0,maraktus,rec-556-dup-1,10,280,161,1
rec-897-dup-0,spectrier,rec-897-dup-0,,445,290,1
id-644,zekrom,id-644,29,3450,340,1
id-645,landorus-incarnate,id-645,15,680,300,1
id-646,kyurem,id-646,30,3250,330,1
id-647,keldeo-ordinary,id-647,14,485,290,1
id-640,virizion,id-640,20,2000,290,1
id-641,tornadus-incarnate,id-641,15,630,290,1
id-642,thundurus-incarnate,id-642,15,610,290,1
rec-10083-dup-0,pikavhu-pht,id-25,,60,112,0
id-648,meloetta-aria,id-648,6,65,270,1
id-649,genesect,id-649,15,825,300,1
id-886,drakloak,id-886,14,110,144,1
id-887,dragapult,id-887,30,500,300,1
id-884,duraludon,id-884,18,400,187,1
id-885,dreepy,id-885,5,20,54,1
id-882,dracovish,id-882,23,2150,177,1
id-883,arctovish,id-883,20,1750,177,1
id-880,dracozolt,id-880,18,1900,177,1
id-881,arctozolt,id-881,23,1500,177,1
id-10009,rotom-wash,id-479,3,3,182,0
id-888,zacian,id-888,28,1100,335,1
id-889,zamazenta,id-889,29,2100,335,1
rec-613-dup-0,cul>coo,id-613,,85,61,1
rec-871-dup-0,pincurcbin,id-871,,10,152,1
rec-734-dup-1,yungoos,rec-734-dup-0,4,,51,1
rec-734-dup-0,yungoost,rec-734-dup-0,4,60,51,1
id-10008,rotom-heat,id-479,3,3,182,0
rec-656-dup-0,froalcje,id-656,,70,63,1
rec-656-dup-1,froakje,id-656,3,,63,1
rec-558-dup-0,crusgoe,id-558,14,,170,1
rec-725-dup-1,liten,rec-725-dup-0,4,43,64,1
rec-725-dup-0,kitten,rec-725-dup-0,4,43,64,1
rec-479-dup-1,rodom,id-479,,3,154,1
rec-479-dup-0,rotprn,id-479,3,3,154,1
rec-657-dup-1,frogqdier,id-657,,109,142,1
rec-657-dup-0,frogat'ler,id-657,6,109,142,1
rec-531-dup-0,audijo,rec-531-dup-0,11,310,390,1
rec-450-dup-0,hippo3don,rec-450-dup-0,20,3000,184,1
rec-565-dup-0,carracosta,id-565,,,173,1
rec-295-dup-0,explout,rec-295-dup-0,15,840,245,1
rec-367-dup-1,hntall,id-367,,270,170,1
rec-367-dup-0,hinta'll,id-367,17,,170,1
rec-524-dup-0,rogjynrola,id-524,4,,56,1
rec-524-dup-1,roggenrola,id-524,,,56,1
rec-622-dup-0,golet,id-622,10,,61,1
rec-10113-dup-0,muk-a2ola,id-89,10,,175,0
rec-404-dup-0,lux:o,id-404,9,,127,1
rec-730-dup-0,prinariba,id-730,,440,265,1
rec-416-dup-0,vespiquen,rec-416-dup-0,,385,166,1
rec-416-dup-1,vespiwuej,id-416,,385,166,1
rec-536-dup-0,palpiyowd,id-536,8,,134,1
id-4,charmander,id-4,6,85,62,1
id-5,charmeleon,id-5,11,190,142,1
id-6,charizard,id-6,17,905,267,1
id-7,squirtle,id-7,5,90,63,1
id-1,bulbasaur,id-1,7,69,64,1
id-2,ivysaur,id-2,10,130,142,1
id-3,venusaur,id-3,20,1000,263,1
id-8,wartortle,id-8,10,225,142,1
id-9,blastoise,id-9,16,855,265,1
rec-258-dup-0,mudck'lp,id-258,4,,62,1
rec-258-dup-1,mudk9p,id-258,,76,62,1
rec-93-dup-0,haunder,rec-93-dup-0,16,1,142,1
rec-633-dup-0,deino,id-633,,,60,1
rec-10007-dup-1,giratina-origjn,id-487,,6500,340,0
rec-10007-dup-0,giratina-orljin,id-487,,6500,340,0
rec-678-dup-0,meovvstic-male,id-678,6,,163,1
rec-678-dup-1,meow5tic-male,id-678,6,,163,1
rec-427-dup-0,bunearie,rec-427-dup-1,4,55,70,1
rec-427-dup-1,buneari,rec-427-dup-0,4,55,70,1
id-879,copperajah,id-879,30,6500,175,1
id-878,cufant,id-878,12,1000,66,1
id-873,frosmoth,id-873,13,420,166,1
id-872,snom,id-872,3,38,37,1
id-871,pincurchin,id-871,3,10,152,1
id-870,falinks,id-870,30,620,165,1
id-877,morpeko-full-belly,id-877,3,30,153,1
id-876,indeedee-male,id-876,9,280,166,1
id-875,eiscue-ice,id-875,14,890,165,1
id-874,stonjourner,id-874,25,5200,165,1
id-509,purrloin,id-509,4,101,56,1
id-508,stoutland,id-508,12,610,250,1
id-503,samurott,id-503,15,946,238,1
id-502,dewott,id-502,8,245,145,1
id-501,oshawott,id-501,5,59,62,1
id-500,emboar,id-500,16,1500,238,1
id-507,herdier,id-507,9,147,130,1
id-506,lillipup,id-506,4,41,55,1
id-505,watchog,id-505,11,270,147,1
id-504,patrat,id-504,5,116,51,1
rec-828-dup-0,thievul,rec-828-dup-0,12,,159,1
rec-760-dup-0,bevveaah,id-760,,1350,175,1
rec-760-dup-1,bewewr,id-760,,1350,175,1
id-477,dusknoir,id-477,22,1066,263,1
id-476,probopass,id-476,14,3400,184,1
id-475,gallade,id-475,16,520,259,1
id-474,porygon-z,id-474,9,340,268,1
id-473,mamoswine,id-473,25,2910,265,1
id-472,gliscor,id-472,20,425,179,1
id-471,glaceon,id-471,8,259,184,1
id-470,leafeon,id-470,10,255,184,1
rec-437-dup-1,bronxong,rec-437-dup-0,13,1870,175,1
rec-437-dup-0,bron2ong,rec-437-dup-0,13,1870,175,1
id-479,rotom,id-479,3,3,154,1
id-478,froslass,id-478,13,266,168,1
rec-281-dup-0,ckirlia,rec-281-dup-0,8,202,97,1
rec-281-dup-1,kirlia,rec-281-dup-0,,202,97,1
id-259,marshtomp,id-259,7,280,142,1
id-258,mudkip,id-258,4,76,62,1
id-257,blaziken,id-257,19,520,265,1
id-256,combusken,id-256,9,195,142,1
id-255,torchic,id-255,4,25,62,1
id-254,sceptile,id-254,17,522,265,1
id-253,grovyle,id-253,9,216,142,1
id-252,treecko,id-252,5,50,62,1
id-251,celebi,id-251,6,50,300,1
id-250,ho-oh,id-250,38,1990,340,1
rec-10059-dup-0,lucario-mega,rec-448-dup-0,13,,219,0
rec-144-dup-1,artiduno,id-144,17,,290,1
id-653,fennekin,id-653,4,94,61,1
id-756,shiinotic,id-756,10,115,142,1
id-651,quilladin,id-651,7,290,142,1
id-650,chespin,id-650,4,90,63,1
id-657,frogadier,id-657,6,109,142,1
id-656,froakie,id-656,3,70,63,1
id-655,delphox,id-655,15,390,240,1
id-757,salandit,id-757,6,48,64,1
id-659,bunnelby,id-659,4,50,47,1
id-658,greninja,id-658,15,400,239,1
id-754,lurantis,id-754,9,185,168,1
id-895,regidrago,id-895,21,2000,290,1
id-894,regieleki,id-894,12,1450,290,1
id-897,spectrier,id-897,20,445,290,1
id-755,morelull,id-755,2,15,57,1
id-891,kubfu,id-891,6,120,77,1
id-890,eternatus,id-890,200,9500,345,1
id-893,zarude,id-893,18,700,300,1
id-892,urshifu-single-strike,id-892,19,1050,275,1
id-752,araquanid,id-752,18,820,159,1
id-898,calyrex,id-898,11,77,250,1
id-753,fomantis,id-753,3,15,50,1
id-10159,eevee-starter,id-133,3,65,87,0
id-10158,pikachu-starter,id-25,4,60,86,0
id-10157,necrozma-ultra,id-800,75,2300,339,0
rec-820-dup-1,greeclemt,id-820,6,60,161,1
rec-820-dup-0,greedemt,id-820,6,60,161,1
id-10156,necrozma-dawn,id-800,42,3500,340,0
rec-10162-dup-0,ponyta-kalar,id-77,8,,82,0
id-10154,togedemaru-totem,id-777,6,130,152,0
rec-10084-dup-0,pijachu-livre,id-25,4,,112,0
rec-10084-dup-1,pikachu-|ibre,id-25,4,,112,0
rec-483-dup-0,dialia,id-483,54,6830,340,1
rec-483-dup-1,dia1ga,id-483,54,,340,1
id-10152,lycanroc-dusk,id-745,8,250,170,0
id-10151,rockruff-own-tempo,id-744,5,92,56,0
id-10150,ribombee-totem,id-743,4,20,162,0
rec-373-dup-0,stalamerice,id-373,15,,300,1
rec-10058-dup-1,garchomo-mega,rec-445-dup-0,19,950,315,0
rec-10058-dup-0,garchornp-mega,rec-445-dup-0,19,950,315,0
rec-372-dup-0,shel9on,rec-372-dup-0,11,1105,147,1
rec-348-dup-0,armalflo,id-348,,682,173,1
rec-348-dup-1,armaodo,id-348,15,,173,1
rec-51-dup-0,dugdrio,rec-51-dup-0,7,333,149,1
rec-811-dup-1,thwackey,rec-811-dup-0,,140,147,1
rec-811-dup-0,thwakey,rec-811-dup-1,7,140,147,1
rec-864-dup-0,curaola,rec-864-dup-0,10,4,179,1
rec-166-dup-0,lediam,rec-166-dup-1,14,356,137,1
rec-363-dup-0,sphea1,id-363,8,,58,1
rec-156-dup-0,q7ilaya,id-156,,190,142,1
rec-362-dup-0,glal:s,id-362,,2565,168,1
rec-362-dup-1,glali,id-362,15,,168,1
rec-883-dup-0,arctovis,id-883,20,,177,1
rec-863-dup-0,perrzerier,id-863,8,280,154,1
rec-863-dup-1,perr5ercker,id-863,8,280,154,1
rec-378-dup-0,regjce,id-378,,1750,290,1
rec-331-dup-0,cacn4a,rec-331-dup-0,4,513,67,1
rec-331-dup-1,cacnea,id-331,,,67,1
rec-35-dup-0,klefai4y,id-35,,75,113,1
rec-601-dup-0,kllnklang,rec-601-dup-0,6,810,260,1
rec-601-dup-1,klinklank,id-601,6,,260,1
rec-10127-dup-0,wishiwashi-school,rec-746-dup-0,82,,217,0
rec-825-dup-0,dott1er,rec-825-dup-0,4,195,117,1
rec-674-dup-0,pankham,id-674,,80,70,1
rec-655-dup-0,delphox,id-655,,,240,1
rec-705-dup-0,slikoo,id-705,8,,158,1
id-400,bibarel,id-400,10,315,144,1
rec-409-dup-1,ramparclos,id-409,16,,173,1
id-406,budew,id-406,2,12,56,1
rec-215-dup-0,snez5el,id-215,,280,86,1
rec-854-dup-1,sinistea,rec-854-dup-0,,2,62,1
rec-328-dup-0,trapinc,rec-328-dup-0,7,150,58,1
id-815,cinderace,id-815,14,330,265,1
id-362,glalie,id-362,15,2565,168,1
id-361,snorunt,id-361,7,168,60,1
rec-404-dup-1,lux:0,id-404,9,305,127,1
id-360,wynaut,id-360,6,140,52,1
rec-80-dup-0,sl0wbro,id-80,16,,172,1
rec-589-dup-1,escavali3r,rec-589-dup-0,10,330,173,1
rec-589-dup-0,escavalier,rec-589-dup-0,10,,173,1
id-367,huntail,id-367,17,270,170,1
rec-877-dup-0,morpeko-fj|l-belly,id-877,3,30,153,1
id-366,clamperl,id-366,4,525,69,1
id-792,lunala,id-792,40,1200,340,1
id-793,nihilego,id-793,12,555,285,1
id-790,cosmoem,id-790,1,9999,140,1
id-791,solgaleo,id-791,34,2300,340,1
id-796,xurkitree,id-796,38,1000,285,1
id-797,celesteela,id-797,92,9999,285,1
id-794,buzzwole,id-794,24,3336,285,1
id-795,pheromosa,id-795,18,250,285,1
id-798,kartana,id-798,3,1,285,1
id-799,guzzlord,id-799,55,8880,285,1
id-402,kricketune,id-402,10,255,134,1
id-403,shinx,id-403,5,95,53,1
rec-409-dup-0,ranpardos,id-409,16,,173,1
id-401,kricketot,id-401,3,22,39,1
rec-854-dup-0,sin:stea,rec-854-dup-0,1,2,62,1
id-407,roserade,id-407,9,145,258,1
id-404,luxio,id-404,9,305,127,1
id-405,luxray,id-405,14,420,262,1
id-408,cranidos,id-408,9,315,70,1
id-409,rampardos,id-409,16,1025,173,1
rec-10111-dup-0,golem-aoooa,id-76,17,,223,0
rec-316-dup-1,guloin,rec-316-dup-1,4,103,60,1
rec-316-dup-0,kulpin,rec-316-dup-1,4,103,60,1
id-10030,gourgeist-small,id-711,7,95,173,0
id-10031,gourgeist-large,id-711,11,140,173,0
id-228,houndour,id-228,6,108,66,1
id-10033,venusaur-mega,id-3,24,1555,281,0
id-10034,charizard-mega-x,id-6,17,1105,285,0
id-10035,charizard-mega-y,id-6,17,1005,285,0
id-10036,blastoise-mega,id-9,16,1011,284,0
id-10037,alakazam-mega,id-65,12,480,270,0
id-10038,gengar-mega,id-94,14,405,270,0
id-223,remoraid,id-223,6,120,60,1
id-220,swinub,id-220,4,65,50,1
id-221,piloswine,id-221,11,558,158,1
id-226,mantine,id-226,21,2200,170,1
id-227,skarmory,id-227,17,505,163,1
id-224,octillery,id-224,9,285,168,1
id-225,delibird,id-225,9,160,116,1
rec-133-dup-0,eeuee,id-133,,65,65,1
rec-640-dup-1,vinzion,id-640,20,,290,1
rec-640-dup-0,virizi0n,rec-640-dup-0,20,2000,290,1
rec-704-dup-0,goomv,rec-704-dup-0,3,28,60,1
rec-588-dup-0,karraplazt,id-588,5,59,63,1
rec-10140-dup-1,minior-1>l8e,id-774,3,3,175,0
rec-10140-dup-0,minior-biue,id-774,3,,175,0
id-318,carvanha,id-318,8,208,61,1
id-319,sharpedo,id-319,18,888,161,1
id-316,gulpin,id-316,4,103,60,1
id-317,swalot,id-317,17,800,163,1
id-314,illumise,id-314,6,177,151,1
id-315,roselia,id-315,3,20,140,1
id-312,minun,id-312,4,42,142,1
id-313,volbeat,id-313,7,177,151,1
id-310,manectric,id-310,15,402,166,1
id-311,plusle,id-311,4,42,142,1
id-136,flareon,id-136,9,250,184,1
id-137,porygon,id-137,8,365,79,1
id-134,vaporeon,id-134,10,290,184,1
id-135,jolteon,id-135,8,245,184,1
id-132,ditto,id-132,3,40,101,1
id-133,eevee,id-133,3,65,65,1
id-130,gyarados,id-130,65,2350,189,1
id-131,lapras,id-131,25,2200,187,1
rec-201-dup-0,un0wm,id-201,5,,118,1
rec-201-dup-1,unown,id-201,,,118,1
rec-429-dup-1,mismatius,id-429,9,,173,1
id-10032,gourgeist-super,id-711,17,390,173,0
id-138,omanyte,id-138,4,75,71,1
id-139,omastar,id-139,10,350,173,1
id-229,houndoom,id-229,14,350,175,1
id-222,corsola,id-222,6,50,144,1
id-10039,kangaskhan-mega,id-115,22,1000,207,0
rec-10009-dup-0,rotom-vva5h,id-479,3,,182,0
rec-70-dup-1,wipinbeol,id-70,,64,137,1
rec-70-dup-0,weepinbell,id-70,,64,137,1
rec-886-dup-1,drakloak,rec-886-dup-0,14,,144,1
rec-886-dup-0,drakbak,rec-886-dup-0,14,110,144,1
rec-444-dup-0,gabide,id-444,,560,144,1
rec-823-dup-0,corfiknigt,id-823,22,,248,1
rec-641-dup-0,tornadus-incwrnate,rec-641-dup-1,15,630,290,1
rec-350-dup-1,milod:c,id-350,62,,189,1
rec-350-dup-0,mizotic,id-350,,1620,189,1
rec-542-dup-0,leavanriy,id-542,12,,225,1
rec-414-dup-0,motiiii,id-414,,233,148,1
rec-10142-dup-0,minior-viilet,id-774,3,,175,0
rec-10170-dup-0,zapros-9alar,id-145,16,,290,0
rec-10170-dup-1,zapdoj-galar,id-145,,582,290,0
rec-7-dup-0,squirtile,rec-7-dup-0,5,90,63,1
rec-808-dup-0,meltan,rec-808-dup-0,2,,150,1
id-709,trevenant,id-709,15,710,166,1
id-10044,mewtwo-mega-y,id-150,15,330,351,0
rec-10077-dup-0,ckyogre-primal,rec-382-dup-0,98,4300,347,0
rec-10107-dup-0,meowth-alola,rec-52-dup-1,,42,58,0
rec-10107-dup-1,meowrh-alola,rec-52-dup-0,4,42,58,0
id-555,darmanitan-standard,id-555,13,929,168,1
id-705,sliggoo,id-705,8,175,158,1
id-704,goomy,id-704,3,28,60,1
id-706,goodra,id-706,20,1505,300,1
rec-498-dup-0,tepi9,id-498,5,,62,1
rec-10150-dup-0,ribombee-tot4m,rec-743-dup-0,4,20,162,0
id-781,dhelmise,id-781,39,2100,181,1
id-780,drampa,id-780,30,1850,170,1
id-783,hakamo-o,id-783,12,470,147,1
id-782,jangmo-o,id-782,6,297,60,1
id-785,tapu-koko,id-785,18,205,285,1
id-784,kommo-o,id-784,16,782,300,1
id-787,tapu-bulu,id-787,19,455,285,1
id-786,tapu-lele,id-786,12,186,285,1
id-789,cosmog,id-789,2,1,40,1
id-788,tapu-fini,id-788,13,212,285,1
rec-561-dup-1,sigilvph,id-561,14,,172,1
rec-561-dup-0,sigilyp,id-561,14,,172,1
id-413,wormadam-plant,id-413,5,65,148,1
id-412,burmy,id-412,2,34,45,1
id-415,combee,id-415,3,55,49,1
id-414,mothim,id-414,9,233,148,1
id-417,pachirisu,id-417,4,39,142,1
id-416,vespiquen,id-416,12,385,166,1
id-419,floatzel,id-419,11,335,173,1
id-418,buizel,id-418,7,295,66,1
rec-746-dup-0,wishiwashi-solo,rec-746-dup-0,,3,61,1
rec-833-dup-1,chewdle,id-833,3,,57,1
id-10023,kyurem-white,id-646,36,3250,350,0
id-238,smoochum,id-238,4,60,61,1
id-10021,landorus-therian,id-645,13,680,300,0
id-10020,thundurus-therian,id-642,30,610,290,0
id-10027,pumpkaboo-small,id-710,3,35,67,0
id-10026,aegislash-blade,id-681,17,530,250,0
id-10025,meowstic-female,id-678,6,85,163,0
id-10024,keldeo-resolute,id-647,14,485,290,0
id-231,phanpy,id-231,5,335,66,1
id-230,kingdra,id-230,18,1520,270,1
id-233,porygon2,id-233,6,325,180,1
id-10028,pumpkaboo-large,id-710,5,75,67,0
id-235,smeargle,id-235,12,580,88,1
id-234,stantler,id-234,14,712,163,1
id-237,hitmontop,id-237,14,480,159,1
id-236,tyrogue,id-236,7,210,42,1
rec-775-dup-0,kornaia,id-775,4,,168,1
rec-143-dup-0,snoriaecs,id-143,21,,189,1
id-309,electrike,id-309,6,152,59,1
id-308,medicham,id-308,13,315,144,1
rec-56-dup-1,mamkev,id-56,,280,61,1
rec-56-dup-0,manbey,id-56,5,280,61,1
id-307,meditite,id-307,6,112,56,1
id-306,aggron,id-306,21,3600,265,1
id-301,delcatty,id-301,11,326,140,1
id-300,skitty,id-300,6,110,52,1
id-303,mawile,id-303,6,115,133,1
id-302,sableye,id-302,5,110,133,1
id-125,electabuzz,id-125,11,300,172,1
id-124,jynx,id-124,14,406,159,1
id-127,pinsir,id-127,15,550,175,1
id-126,magmar,id-126,13,445,173,1
id-121,starmie,id-121,11,800,182,1
id-120,staryu,id-120,8,345,68,1
rec-478-dup-0,froslaa,id-478,13,266,168,1
rec-478-dup-1,fro5lass,id-478,13,,168,1
id-129,magikarp,id-129,9,100,40,1
id-128,tauros,id-128,14,884,172,1
rec-464-dup-1,rhyperl0r,id-464,,2828,268,1
rec-464-dup-0,rhypetkor,id-464,,2828,268,1
rec-602-dup-0,tynamo,id-602,,,55,1
rec-10038-dup-0,gengar-nega,id-94,,405,270,0
id-866,mr-rime,id-866,15,582,182,1
id-143,snorlax,id-143,21,4600,189,1
id-867,runerigus,id-867,16,666,169,1
id-10138,minior-yellow,id-774,3,3,175,0
id-637,volcarona,id-637,16,460,275,1
id-636,larvesta,id-636,11,288,72,1
id-631,heatmor,id-631,14,580,169,1
id-630,mandibuzz,id-630,12,395,179,1
id-633,deino,id-633,8,173,60,1
rec-517-dup-0,muna,id-517,,233,58,1
id-632,durant,id-632,3,330,169,1
rec-250-dup-0,h-oh,id-250,38,,340,1
rec-139-dup-0,onastar,id-139,10,,173,1
rec-139-dup-1,omasttar,id-139,10,350,173,1
id-149,dragonite,id-149,22,2100,300,1
id-10132,minior-green-meteor,id-774,3,400,154,0
id-10135,minior-violet-meteor,id-774,3,400,154,0
id-10134,minior-indigo-meteor,id-774,3,400,154,0
rec-397-dup-0,starzvia,rec-397-dup-1,6,155,119,1
rec-563-dup-1,cofagrigus,rec-563-dup-0,17,,169,1
rec-563-dup-0,cofagrigus,rec-563-dup-0,,765,169,1
id-10168,mr-mime-galar,id-122,14,568,161,0
rec-434-dup-0,sdunlcy,id-434,4,192,66,1
rec-575-dup-0,gotborita,id-575,,180,137,1
rec-575-dup-1,gotjorita,id-575,,180,137,1
rec-428-dup-1,lopuny,id-428,12,,168,1
rec-428-dup-0,lopunv,id-428,,333,168,1
id-213,shuckle,id-213,6,205,177,1
rec-63-dup-0,ahra,id-63,9,,62,1
rec-466-dup-0,electibire,id-466,,1386,270,1
id-212,scizor,id-212,18,1180,175,1
rec-64-dup-0,l<adabra,id-64,13,,140,1
id-624,pawniard,id-624,5,102,68,1
rec-352-dup-0,kec0eon,id-352,,220,154,1
rec-791-dup-0,solgsle9,id-791,34,2300,340,1
rec-104-dup-0,cuh0ne,id-104,4,,64,1
rec-10020-dup-0,thuncluruz-therian,id-642,30,,290,0
rec-131-dup-0,kaprast,id-131,25,,187,1
rec-131-dup-1,lapraz,id-131,25,,187,1
rec-669-dup-0,flaloebe,rec-669-dup-0,1,1,61,1
id-818,inteleon,id-818,19,452,265,1
rec-10166-dup-0,farfetcbd-9alar,id-83,8,420,132,0
rec-591-dup-0,amoongiss,rec-591-dup-0,6,105,162,1
id-428,lopunny,id-428,12,333,168,1
id-429,mismagius,id-429,9,44,173,1
rec-273-dup-0,seedod,id-273,5,,44,1
id-424,ambipom,id-424,12,203,169,1
id-425,drifloon,id-425,4,12,70,1
id-426,drifblim,id-426,12,150,174,1
id-427,buneary,id-427,4,55,70,1
id-420,cherubi,id-420,4,33,55,1
id-421,cherrim,id-421,5,93,158,1
id-422,shellos,id-422,3,63,65,1
id-423,gastrodon,id-423,9,299,166,1
id-10016,basculin-blue-striped,id-550,10,180,161,0
id-10017,darmanitan-zen,id-555,13,929,189,0
id-10014,castform-rainy,id-351,3,8,147,0
id-10015,castform-snowy,id-351,3,8,147,0
id-10012,rotom-mow,id-479,3,3,182,0
id-10013,castform-sunny,id-351,3,8,147,0
id-10010,rotom-frost,id-479,3,3,182,0
id-10011,rotom-fan,id-479,3,3,182,0
id-10018,meloetta-pirouette,id-648,6,65,270,0
id-10019,tornadus-therian,id-641,14,630,290,0
rec-10103-dup-0,fulpix-alola,rec-37-dup-1,6,99,60,0
id-688,binacle,id-688,5,310,61,1
id-689,barbaracle,id-689,13,960,175,1
id-680,doublade,id-680,8,45,157,1
id-681,aegislash-shield,id-681,17,530,250,1
id-682,spritzee,id-682,2,5,68,1
id-683,aromatisse,id-683,8,155,162,1
id-684,swirlix,id-684,4,35,68,1
id-685,slurpuff,id-685,8,50,168,1
id-686,inkay,id-686,4,35,58,1
id-687,malamar,id-687,15,470,169,1
id-338,solrock,id-338,12,1540,161,1
id-339,barboach,id-339,4,19,58,1
id-330,flygon,id-330,20,820,260,1
id-331,cacnea,id-331,4,513,67,1
id-332,cacturne,id-332,13,774,166,1
id-333,swablu,id-333,4,12,62,1
id-334,altaria,id-334,11,206,172,1
id-335,zangoose,id-335,13,403,160,1
id-336,seviper,id-336,27,525,160,1
id-337,lunatone,id-337,10,1680,161,1
id-110,weezing,id-110,12,95,172,1
id-111,rhyhorn,id-111,10,1150,69,1
id-112,rhydon,id-112,19,1200,170,1
id-113,chansey,id-113,11,346,395,1
id-114,tangela,id-114,10,350,87,1
id-115,kangaskhan,id-115,22,800,172,1
id-116,horsea,id-116,4,80,59,1
id-117,seadra,id-117,12,250,154,1
id-118,goldeen,id-118,6,150,64,1
id-119,seaking,id-119,13,390,158,1
rec-192-dup-0,sunfbra,id-192,,85,149,1
id-219,magcargo,id-219,8,550,151,1
id-204,pineco,id-204,6,72,58,1
id-205,forretress,id-205,12,1258,163,1
id-206,dunsparce,id-206,15,140,145,1
id-207,gligar,id-207,11,648,86,1
id-200,misdreavus,id-200,7,10,87,1
id-201,unown,id-201,5,50,118,1
id-202,wobbuffet,id-202,13,285,142,1
id-203,girafarig,id-203,15,415,159,1
id-208,steelix,id-208,92,4000,179,1
id-209,snubbull,id-209,6,78,60,1
id-758,salazzle,id-758,12,222,168,1
id-759,stufful,id-759,5,68,68,1
id-218,slugma,id-218,7,350,50,1
rec-121-dup-1,starmie,rec-121-dup-0,11,,182,1
rec-121-dup-0,starmiw,rec-121-dup-0,11,800,182,1
rec-17-dup-0,pidgeltto,id-17,,300,122,1
rec-17-dup-1,pitkeotto,id-17,,300,122,1
rec-209-dup-0,snunbull,id-209,,78,60,1
rec-625-dup-0,bis1>arp,id-625,,700,172,1
rec-625-dup-1,bisbaro,id-625,16,,172,1
rec-101-dup-0,eiectrode,rec-101-dup-0,12,666,172,1
id-169,crobat,id-169,18,750,268,1
id-10112,grimer-alola,id-88,7,420,65,0
rec-717-dup-0,yve1tal,id-717,58,,340,1
rec-717-dup-1,yve|tal,id-717,,2030,340,1
id-10116,greninja-battle-bond,id-658,15,400,239,0
id-812,rillaboom,id-812,21,900,265,1
rec-211-dup-1,qwilf:ah,id-211,,39,88,1
rec-211-dup-0,qwilf8sh,id-211,5,,88,1
rec-493-dup-1,arceuj,id-493,,3200,324,1
id-162,furret,id-162,18,325,145,1
rec-401-dup-0,kricket0t,rec-401-dup-0,3,22,39,1
rec-401-dup-1,kricl<etot,rec-401-dup-0,3,22,39,1
rec-10143-dup-0,mimikyu-busyed,rec-778-dup-1,2,7,167,0
rec-465-dup-0,tamgroth,id-465,,1286,187,1
rec-465-dup-1,tangroth,id-465,,1286,187,1
rec-227-dup-0,skarnory,id-227,,505,163,1
rec-227-dup-1,skarnory,id-227,17,,163,1
rec-342-dup-0,crawcaubt,id-342,,328,164,1
rec-10121-dup-1,gumsols-totem,id-735,14,600,146,0
id-643,reshiram,id-643,32,3300,340,1
rec-757-dup-0,zalamdit,id-757,6,,64,1
rec-568-dup-0,trubbix,rec-568-dup-0,6,310,66,1
rec-568-dup-1,trubbish,rec-568-dup-1,6,,66,1
rec-773-dup-0,silvally,rec-773-dup-1,,1005,285,1
rec-773-dup-1,silually,rec-773-dup-0,23,1005,285,1
rec-10190-dup-0,eternatus-etrrnamax,id-890,,0,563,0
rec-10190-dup-1,eteahnatua-eternamax,id-890,1000,0,563,0
rec-50-dup-1,diglett,rec-50-dup-1,,8,53,1
rec-50-dup-0,diglett,rec-50-dup-0,2,,53,1
rec-424-dup-0,ambip0m,id-424,,203,169,1
rec-54-dup-1,psytuck,rec-54-dup-0,8,196,64,1
rec-54-dup-0,psyduck,rec-54-dup-0,,196,64,1
id-769,sandygast,id-769,5,700,64,1
rec-355-dup-0,dustkill,id-355,8,150,59,1
id-10068,gallade-mega,id-475,16,564,278,0
id-767,wimpod,id-767,5,120,46,1
id-10066,sableye-mega,id-302,5,1610,168,0
id-765,oranguru,id-765,15,760,172,1
id-439,mime-jr,id-439,6,130,62,1
id-438,bonsly,id-438,5,150,58,1
rec-251-dup-0,celsl>i,id-251,6,,300,1
id-433,chingling,id-433,2,6,57,1
id-432,purugly,id-432,10,438,158,1
id-431,glameow,id-431,5,39,62,1
id-430,honchkrow,id-430,9,273,177,1
id-437,bronzong,id-437,13,1870,175,1
id-436,bronzor,id-436,5,605,60,1
id-435,skuntank,id-435,10,380,168,1
id-434,stunky,id-434,4,192,66,1
rec-381-dup-1,ladio5,id-381,,600,300,1
id-761,bounsweet,id-761,3,32,42,1
rec-562-dup-0,yamasl<,id-562,5,,61,1
rec-562-dup-1,yamasdk,id-562,,15,61,1
rec-630-dup-0,mandibujz,id-630,,395,179,1
id-697,tyrantrum,id-697,25,2700,182,1
id-696,tyrunt,id-696,8,260,72,1
id-695,heliolisk,id-695,10,210,168,1
id-694,helioptile,id-694,5,60,58,1
id-693,clawitzer,id-693,13,353,100,1
id-692,clauncher,id-692,5,83,66,1
id-691,dragalge,id-691,18,815,173,1
id-690,skrelp,id-690,5,73,64,1
rec-610-dup-0,axww,id-610,6,,64,1
id-699,aurorus,id-699,27,2250,104,1
id-698,amaura,id-698,13,252,72,1
id-327,spinda,id-327,11,50,126,1
id-326,grumpig,id-326,9,715,165,1
id-325,spoink,id-325,7,306,66,1
id-324,torkoal,id-324,5,804,165,1
id-323,camerupt,id-323,19,2200,161,1
id-322,numel,id-322,7,240,61,1
id-321,wailord,id-321,145,3980,175,1
id-320,wailmer,id-320,20,1300,80,1
id-329,vibrava,id-329,11,153,119,1
id-328,trapinch,id-328,7,150,58,1
rec-188-dup-0,slipioom,id-188,6,,119,1
id-109,koffing,id-109,6,10,68,1
id-108,lickitung,id-108,12,655,77,1
id-107,hitmonchan,id-107,14,502,159,1
id-106,hitmonlee,id-106,15,498,159,1
id-105,marowak,id-105,10,450,149,1
id-104,cubone,id-104,4,65,64,1
id-103,exeggutor,id-103,20,1200,186,1
id-102,exeggcute,id-102,4,25,65,1
id-101,electrode,id-101,12,666,172,1
id-100,voltorb,id-100,5,104,66,1
rec-347-dup-1,anorith,rec-347-dup-0,7,,71,1
rec-347-dup-0,anorjth,rec-347-dup-0,7,125,71,1
id-745,lycanroc-midday,id-745,8,250,170,1
id-744,rockruff,id-744,5,92,56,1
id-747,mareanie,id-747,4,80,61,1
id-210,granbull,id-210,14,487,158,1
id-217,ursaring,id-217,18,1258,175,1
id-216,teddiursa,id-216,6,88,66,1
id-215,sneasel,id-215,9,280,86,1
id-214,heracross,id-214,15,540,175,1
id-10001,deoxys-attack,id-386,17,608,270,0
id-10003,deoxys-speed,id-386,17,608,270,0
id-10002,deoxys-defense,id-386,17,608,270,0
id-10005,wormadam-trash,id-413,5,65,148,0
id-748,toxapex,id-748,7,145,173,1
id-10007,giratina-origin,id-487,69,6500,340,0
id-10006,shaymin-sky,id-492,4,52,270,0
id-16,pidgey,id-16,3,18,50,1
id-17,pidgeotto,id-17,11,300,122,1
id-14,kakuna,id-14,6,100,72,1
id-15,beedrill,id-15,10,295,178,1
id-12,butterfree,id-12,11,320,198,1
id-13,weedle,id-13,3,32,39,1
id-10,caterpie,id-10,3,29,39,1
id-11,metapod,id-11,7,99,72,1
id-18,pidgeot,id-18,15,395,216,1
id-19,rattata,id-19,3,35,51,1
rec-494-dup-0,victim'l,id-494,4,,300,1
rec-494-dup-1,victlrii,id-494,,40,300,1
rec-18-dup-1,pidgeot,rec-18-dup-0,15,,216,1
rec-18-dup-0,pidgeot,rec-18-dup-1,,395,216,1
rec-457-dup-0,lumirieon,id-457,12,,161,1
rec-10098-dup-0,pikacju-kalos-cap,id-25,,60,112,0
rec-355-dup-1,dustkull,id-355,8,,59,1
rec-96-dup-0,drowzee,rec-96-dup-0,,324,66,1
rec-10164-dup-1,slowpoke-galar,rec-79-dup-0,12,,63,0
rec-10164-dup-0,slowpoke-galar,id-79,,,63,0
rec-319-dup-0,sharpeto,rec-319-dup-0,18,888,161,1
rec-340-dup-0,whisca5h,id-340,,236,164,1
rec-10109-dup-0,geodudd-alola,id-74,,203,60,0
rec-10109-dup-1,geotude-aoola,id-74,,203,60,0
id-580,ducklett,id-580,5,55,61,1
rec-21-dup-0,spesr0w,id-21,,20,52,1
rec-57-dup-0,pr:meap,id-57,,320,159,1
rec-10044-dup-0,mewtwo-mega-y,rec-150-dup-1,15,,351,0
rec-10044-dup-1,mewywo-mega-y,rec-150-dup-0,15,330,351,0
rec-846-dup-0,arro1<uda,rec-846-dup-0,5,10,56,1
rec-845-dup-0,kramorant,id-845,,180,166,1
rec-361-dup-0,znorunt,rec-361-dup-0,7,168,60,1
rec-83-dup-0,farfeychd,id-83,,150,132,1
rec-429-dup-0,mizmagiuz,id-429,9,44,173,1
rec-381-dup-0,lat:os,id-381,20,,300,1
rec-325-dup-0,spoinck,rec-325-dup-0,7,306,66,1
rec-10145-dup-0,mimikyu-t0tem-busted,rec-778-dup-1,4,28,167,0
rec-10145-dup-1,mimikyu-totem-bu5ted,rec-778-dup-1,4,28,167,0
rec-10032-dup-1,gourgekst-super,id-711,17,,173,0
rec-10032-dup-0,gourgeist-5uper,id-711,17,,173,0
rec-10005-dup-0,wormadarn-trash,id-413,,65,148,0
rec-97-dup-0,hpno,rec-97-dup-0,16,756,169,1
rec-660-dup-1,digjyrsby,rec-660-dup-0,10,424,148,1
rec-660-dup-0,digger5by,rec-660-dup-0,10,424,148,1
id-352,kecleon,id-352,10,220,154,1
id-353,shuppet,id-353,6,23,59,1
id-350,milotic,id-350,62,1620,189,1
id-351,castform,id-351,3,8,147,1
id-356,dusclops,id-356,16,306,159,1
id-357,tropius,id-357,20,1000,161,1
id-354,banette,id-354,11,125,159,1
id-355,duskull,id-355,8,150,59,1
rec-832-dup-0,dubwool,rec-832-dup-0,,430,172,1
id-358,chimecho,id-358,6,10,159,1
id-359,absol,id-359,12,470,163,1
id-594,alomomola,id-594,12,316,165,1
id-595,joltik,id-595,1,6,64,1
id-596,galvantula,id-596,8,143,165,1
id-597,ferroseed,id-597,6,188,61,1
id-590,foongus,id-590,2,10,59,1
id-591,amoonguss,id-591,6,105,162,1
id-592,frillish,id-592,12,330,67,1
id-593,jellicent,id-593,22,1350,168,1
id-598,ferrothorn,id-598,10,1100,171,1
id-599,klink,id-599,3,210,60,1
id-10100,raichu-alola,id-26,7,210,243,0
id-10101,sandshrew-alola,id-27,7,400,60,0
id-10102,sandslash-alola,id-28,12,550,158,0
id-10103,vulpix-alola,id-37,6,99,60,0
id-10104,ninetales-alola,id-38,11,199,177,0
id-10105,diglett-alola,id-50,2,10,53,0
id-10106,dugtrio-alola,id-51,7,666,149,0
id-10107,meowth-alola,id-52,4,42,58,0
id-10108,persian-alola,id-53,11,330,154,0
id-173,cleffa,id-173,3,30,44,1
id-170,chinchou,id-170,5,120,66,1
id-171,lanturn,id-171,12,225,161,1
id-176,togetic,id-176,6,32,142,1
id-177,natu,id-177,2,20,64,1
id-174,igglybuff,id-174,3,10,42,1
id-175,togepi,id-175,3,15,49,1
rec-225-dup-0,delibied,rec-225-dup-0,9,160,116,1
rec-225-dup-1,delibird,rec-225-dup-0,,160,116,1
rec-10003-dup-1,deoxyst-speed,id-386,17,,270,0
rec-10003-dup-0,deoys-speed,id-386,17,,270,0
id-770,palossand,id-770,13,2500,168,1
id-771,pyukumuku,id-771,3,12,144,1
id-772,type-null,id-772,19,1205,107,1
id-773,silvally,id-773,23,1005,285,1
id-10078,groudon-primal,id-383,50,9997,347,0
id-10079,rayquaza-mega,id-384,108,3920,351,0
id-776,turtonator,id-776,20,2120,170,1
id-777,togedemaru,id-777,3,33,152,1
id-10074,glalie-mega,id-362,21,3502,203,0
id-10075,diancie-mega,id-719,11,278,315,0
id-10076,metagross-mega,id-376,25,9429,315,0
id-10077,kyogre-primal,id-382,98,4300,347,0
id-10070,sharpedo-mega,id-319,25,1303,196,0
id-10071,slowbro-mega,id-80,20,1200,207,0
id-10072,steelix-mega,id-208,105,7400,214,0
id-10073,pidgeot-mega,id-18,22,505,261,0
id-23,ekans,id-23,20,69,58,1
id-22,fearow,id-22,12,380,155,1
id-21,spearow,id-21,3,20,52,1
id-20,raticate,id-20,7,185,145,1
id-27,sandshrew,id-27,6,120,60,1
id-26,raichu,id-26,8,300,243,1
id-25,pikachu,id-25,4,60,112,1
id-24,arbok,id-24,35,650,157,1
id-29,nidoran-f,id-29,4,70,55,1
id-28,sandslash,id-28,10,295,158,1
rec-343-dup-1,baltoi,rec-343-dup-0,5,215,60,1
rec-343-dup-0,baltoy,rec-343-dup-0,,215,60,1
rec-114-dup-1,dangela,id-114,,350,87,1
rec-114-dup-0,tankela,id-114,10,,87,1
rec-358-dup-1,chimecbo,id-358,,10,159,1
rec-358-dup-0,chimexo,rec-358-dup-0,6,10,159,1
rec-279-dup-1,pelipper,rec-279-dup-0,12,,154,1
rec-279-dup-0,pelipper,rec-279-dup-1,12,,154,1
rec-830-dup-0,eldeooss,id-830,5,,161,1
rec-305-dup-0,lairiri,id-305,9,,151,1
rec-253-dup-1,krovyle,rec-253-dup-0,9,216,142,1
rec-253-dup-0,grovyle,rec-253-dup-0,9,,142,1
rec-178-dup-0,xatu,id-178,,,165,1
rec-286-dup-0,breloom,rec-286-dup-0,,392,161,1
rec-707-dup-0,klevki,id-707,2,,165,1
rec-533-dup-0,kurturr,id-533,12,,142,1
id-262,mightyena,id-262,10,370,147,1
rec-164-dup-0,noctol,id-164,16,,158,1
rec-164-dup-1,noktowl,id-164,16,,158,1
id-263,zigzagoon,id-263,4,175,56,1
rec-10030-dup-1,gourgeist-smwll,id-711,,95,173,0
rec-10030-dup-0,gourgist-smal|,id-711,7,95,173,0
rec-366-dup-0,klamperl,id-366,,525,69,1
rec-215-dup-1,zneasel,id-215,,280,86,1
rec-366-dup-1,clampwrl,id-366,,525,69,1
id-268,cascoon,id-268,7,115,72,1
id-269,dustox,id-269,12,316,173,1
rec-787-dup-1,tapu-vuiu,id-787,,455,285,1
rec-787-dup-0,dapu-pulu,id-787,19,,285,1
rec-142-dup-0,aerodactyl,rec-142-dup-1,,590,180,1
rec-414-dup-1,mothiiii,id-414,,233,148,1
rec-553-dup-0,krookodole,id-553,,963,260,1
rec-450-dup-1,hippo2don,rec-450-dup-0,20,3000,184,1
rec-482-dup-1,azeld,id-482,,3,290,1
rec-482-dup-0,aze|f,id-482,3,,290,1
rec-332-dup-1,cactufne,id-332,,774,166,1
rec-332-dup-0,kactvrne,id-332,,774,166,1
rec-10184-dup-0,toxtrikity-low-key,rec-849-dup-0,16,400,176,0
rec-326-dup-0,grujpi9,rec-326-dup-1,9,715,165,1
rec-530-dup-0,eecscadriil,id-530,7,404,178,1
id-341,corphish,id-341,6,115,62,1
id-10162,ponyta-galar,id-77,8,240,82,0
id-343,baltoy,id-343,5,215,60,1
id-342,crawdaunt,id-342,11,328,164,1
id-345,lileep,id-345,10,238,71,1
id-344,claydol,id-344,15,1080,175,1
id-347,anorith,id-347,7,125,71,1
id-10163,rapidash-galar,id-78,17,800,175,0
id-349,feebas,id-349,6,74,40,1
id-348,armaldo,id-348,15,682,173,1
id-211,qwilfish,id-211,5,39,88,1
id-583,vanillish,id-583,11,410,138,1
id-582,vanillite,id-582,4,57,61,1
id-581,swanna,id-581,13,242,166,1
id-746,wishiwashi-solo,id-746,2,3,61,1
id-587,emolga,id-587,4,50,150,1
id-586,sawsbuck,id-586,19,925,166,1
id-585,deerling,id-585,6,195,67,1
id-584,vanilluxe,id-584,13,575,268,1
id-741,oricorio-baile,id-741,6,34,167,1
id-589,escavalier,id-589,10,330,173,1
id-588,karrablast,id-588,5,59,63,1
id-740,crabominable,id-740,17,1800,167,1
id-10113,muk-alola,id-89,10,520,175,0
id-168,ariados,id-168,11,335,140,1
id-10111,golem-alola,id-76,17,3160,223,0
id-10110,graveler-alola,id-75,10,1100,137,0
id-10117,greninja-ash,id-658,15,400,288,0
id-743,ribombee,id-743,2,5,162,1
id-10115,marowak-alola,id-105,10,340,149,0
id-10114,exeggutor-alola,id-103,109,4156,186,0
id-161,sentret,id-161,8,60,43,1
id-160,feraligatr,id-160,23,888,239,1
id-10119,zygarde-50-power-construct,id-718,50,3050,300,0
rec-493-dup-0,arfeus,id-493,32,,324,1
id-165,ledyba,id-165,10,108,53,1
id-164,noctowl,id-164,16,408,158,1
id-167,spinarak,id-167,5,85,50,1
id-166,ledian,id-166,14,356,137,1
id-662,fletchinder,id-662,7,160,134,1
id-663,talonflame,id-663,12,245,175,1
id-192,sunflora,id-192,8,85,149,1
rec-10121-dup-0,gunzhoos-totem,id-735,,600,146,0
id-661,fletchling,id-661,3,17,56,1
id-666,vivillon,id-666,12,170,185,1
id-10004,wormadam-sandy,id-413,5,65,148,0
id-664,scatterbug,id-664,3,25,40,1
id-10069,audino-mega,id-531,15,320,425,0
id-768,golisopod,id-768,20,1080,186,1
id-10067,altaria-mega,id-334,15,206,207,0
id-766,passimian,id-766,20,828,172,1
id-10065,sceptile-mega,id-254,19,552,284,0
id-10064,swampert-mega,id-260,19,1020,286,0
id-10063,latios-mega,id-381,23,700,315,0
id-10062,latias-mega,id-380,18,520,315,0
id-10061,floette-eternal,id-670,2,9,243,0
id-10060,abomasnow-mega,id-460,27,1850,208,0
id-38,ninetales,id-38,11,199,177,1
id-39,jigglypuff,id-39,5,55,95,1
id-34,nidoking,id-34,14,620,253,1
id-35,clefairy,id-35,6,75,113,1
id-36,clefable,id-36,13,400,242,1
id-37,vulpix,id-37,6,99,60,1
id-30,nidorina,id-30,8,200,128,1
id-31,nidoqueen,id-31,13,600,253,1
id-32,nidoran-m,id-32,5,90,55,1
id-33,nidorino,id-33,9,195,128,1
rec-821-dup-0,rookidy,id-821,,18,49,1
rec-821-dup-1,roockiclee,id-821,2,,49,1
rec-584-dup-0,vanilluxd,rec-584-dup-0,13,575,268,1
rec-584-dup-1,vanilluxe,rec-584-dup-0,13,,268,1
rec-292-dup-0,shedjnja,rec-292-dup-0,8,12,83,1
rec-543-dup-0,vrnipede,id-543,,53,52,1
rec-10093-dup-0,rat:cate-totem-ajola,id-20,14,1050,145,0
rec-158-dup-1,totidile,id-158,6,95,63,1
rec-158-dup-0,dotofile,id-158,6,95,63,1
rec-189-dup-0,jumplvff,id-189,,30,207,1
rec-67-dup-1,machoke,rec-67-dup-1,,705,142,1
rec-67-dup-0,mzchoke,rec-67-dup-1,15,705,142,1
rec-32-dup-0,nidoran-m,rec-32-dup-0,5,,55,1
rec-505-dup-0,watchog,rec-505-dup-0,11,,147,1
rec-519-dup-0,pid0ye,id-519,,21,53,1
rec-519-dup-1,pidovw,id-519,3,,53,1
rec-232-dup-0,donphan,id-232,,,175,1
rec-10019-dup-0,tornadus-therian,rec-641-dup-0,,630,290,0
rec-10019-dup-1,tornadu5-therian,rec-641-dup-1,14,630,290,0
rec-453-dup-0,kroagunk,id-453,,230,60,1
