label,name,label_type,area,ended
id-74661,Boom Service,Publisher,id-222,f
id-198997,Plain Disguise,,,f
id-145393,Maiden Name Records,,id-150,f
id-100253,PHU Violetta,,,f
rec-73570-dup-1,Sound on Sound,,,f
rec-73570-dup-0,Sovnd on Sound,,,f
rec-66325-dup-0,Jatshaus,Production,id-81,f
id-171755,Secret Land Music,,id-98224,f
rec-228953-dup-1,Omerta Mujic Group,,,f
id-117942,giraffe boy,,id-282,f
rec-115943-dup-0,MGrayeyard,Original Production,id-107,f
id-49334,Sunday Mirror,,,f
rec-164890-dup-0,KAIWARECORD,,id-107,f
rec-182813-dup-0,Dark Site MGMT,,,f
rec-248245-dup-1,MAW Woahds Publishing,Publisher,id-222,f
rec-248245-dup-0,MAW Words Publising,Publisher,id-222,f
id-167366,Family Grooves,,id-53,f
id-237040,Grotesque DRK,,,f
id-191220,Edizioni Pelago,,,f
id-118389,欧乐文化,,,f
id-184783,DreamWorks Urban,Imprint,,f
rec-23864-dup-0,Riot Squat,,id-222,f
rec-23864-dup-1,Riot Squas,,id-222,f
id-155454,Cold Ways,,id-378,f
id-203246,Hyper Utesov Records,,,f
id-246651,Nuclear Waste Records,,,f
id-24497,Rock Express Records,,id-242,f
rec-165378-dup-0,Sheer Agrica,,id-193,f
rec-208912-dup-0,House of Gaga Publish:ng LCC,Publisher,id-222,f
id-75338,NRG Komrads,,,f
id-92530,Pacini Sound Factory,Imprint,id-107,t
rec-116352-dup-0,Vincion Record5,Original Production,,t
rec-116352-dup-1,Vinci0n Records,Original Production,,t
rec-247365-dup-0,Facernelt Records,Publisher,,f
id-217296,Nova Lark Music,Publisher,id-10861,f
id-27670,Flagg Records,Original Production,id-222,f
id-206547,Irving Caesar Inc,Publisher,,f
id-96989,Kalifornia Dreamin Entertainment,,id-222,f
id-96984,Magic Disc Records,Original Production,id-7703,f
id-198168,Mon Mothma Recordings,,,f
id-10611,Upper Left Side Music,Original Production,id-38,f
id-187802,Perfect Prescriptions,,id-221,f
id-40344,Pastels,Imprint,id-81,f
id-26415,Soundmalfunction Recordings,,id-13,f
id-242881,PRVTC,,,f
id-113395,Tentcrest Ltd,Holding,id-221,t
rec-4393-dup-1,WordS0und,Original Production,id-222,f
rec-4393-dup-0,WordSoind,Original Production,id-222,f
id-43158,101 South Records,,,f
rec-245471-dup-1,Ruelas Publixing,,,f
id-87092,Jessica Musikverlag,Publisher,id-81,f
id-237869,Eva Magical Music Sounds,Distributor,,f
rec-228953-dup-0,Omerta Music Grovp,,,f
id-203880,Orlando Music,Publisher,id-222,f
rec-102531-dup-0,Only One Revords,,,t
rec-102531-dup-1,Only One Recorcls,,,t
id-180560,TONIKAKU RECORDS,Original Production,id-107,f
id-89921,Feast Music Group,Publisher,,f
rec-138459-dup-0,Gak Attack Refords,,id-240,f
rec-138459-dup-1,Gak Attacl< Records,,id-240,f
id-34064,Hong Kong Recordings,Original Production,id-81,f
rec-187688-dup-0,Inclecibels,,,f
rec-206957-dup-0,Pamther,,id-106,f
id-239333,IAFDSFBD Songs,Production,id-5213,f
id-7783,MIS Records,Original Production,id-57,f
id-178184,Kärringa Jonson Records,,,f
id-82597,Wolpfack Entertainment,,,f
id-197746,劇伴俱楽部,,,f
id-205156,Rush Hour Store Jams,,,f
id-176936,Repulsive Evil Productions,,,f
rec-172311-dup-1,May Syn Publishing,Publisher,,f
rec-172311-dup-0,May Sun Punlishing,Publisher,,f
rec-81393-dup-1,Lateral Mgmt London Stoc1<holm AB,Publisher,,f
rec-81393-dup-0,Lateral Mgmt London Stockholm AB,Publisher,,f
id-23315,Dollar Record Records,,id-222,f
id-62349,DAutres Cordes Records,Original Production,id-73,f
id-166511,Minner Bucket,,,f
id-89101,Analogic Uberleben,Bootleg Production,,f
id-223017,Kame House Records,Publisher,id-81,f
id-104080,Fax Record Company,,id-7295,f
id-166517,Nille Records,Production,id-81,f
rec-92507-dup-0,Amedhyst,,,f
rec-146709-dup-0,Ikarost Records,,id-84,f
id-192046,Jimmy Classic,,,f
rec-20529-dup-1,BitPhltz,,,f
rec-20529-dup-0,BidPhitz,,,f
id-114974,Digital Dialect,,,f
id-204774,Mark A Mancina Music,Publisher,,f
id-72027,Tete San Ko Publishing Inc,Publisher,id-222,f
id-178504,Refs Music LLC,,,f
rec-161333-dup-0,Wizz Record5,,,f
id-78526,こんがりおんがく,,,f
id-137604,Alma Criolla Records,,,f
rec-217403-dup-0,Tender Collecti0n,,rec-5121-dup-0,f
rec-68320-dup-1,Potomac Recorcls,Production,id-222,f
id-49180,Wonderful Sound,,,f
id-119393,RTV Braća Karić Telecom,,,f
id-243112,MUZA Records,,,f
id-106962,Warfuck Records,Production,id-47,f
id-223497,Namtaru Records,,id-47,f
rec-199956-dup-0,Clastsicaloca Genius Recrods,,,f
id-235618,Tasty,,,f
rec-178704-dup-1,TBA Rec9rds,Production,id-57,f
rec-178704-dup-0,TBA Rec0rds,Production,id-57,f
id-203655,Araize Record,,,f
id-126578,Feet 2 Da Concrete Entertainment,,,f
rec-171501-dup-0,Hag Rekords,,,f
id-76476,Jean‐Michel Franck Rivat,Publisher,id-73,f
id-158756,Cody Jinks LLC,Holding,,f
id-48697,Disques Apache,Original Production,id-73,f
id-126794,Discos Arpón,,,f
id-247263,Mini Mac Music,,,f
id-148079,Progressive Music Publishing Company Inc,Publisher,id-222,f
id-1403,Sub Soldiers,Original Production,id-221,f
id-67257,Grotesque Records,,id-254,f
id-118467,Lavender Sky Music,Original Production,,f
id-250394,NatsumeAtari Inc,,id-107,f
id-94117,All The Cats Recordings,,id-221,f
id-101202,Alpha Brussels,Original Production,id-1793,f
id-173507,MRI,Imprint,id-222,f
id-185420,Blessed Music,,,f
id-85245,Corus Entertainment,,,f
id-69711,Crackpot Records,,,f
rec-114425-dup-0,SPHERE RECORDS,,rec-2230-dup-0,f
id-206121,Rocks Records,,,f
id-19234,petite sono,Original Production,id-38,f
rec-25654-dup-0,Black Pumpkin Records,Publisher,id-222,f
rec-217951-dup-1,Memoreecs,Manufacturer,id-222,f
rec-217951-dup-0,Memorex,Manufacturer,id-222,f
id-66810,Timewave Records,,,f
id-150651,SDK Media,,id-81,f
id-5549,InAkustik GmbH,Distributor,id-74786,f
id-161882,The Arto Company,,id-88326,t
id-110293,Midnite Jazz  Blues,Reissue Production,,f
id-116195,Garelock Records,,,f
rec-82632-dup-0,Black Saddle Entertwinment,,,f
id-174667,Wrong Era,,id-326,f
id-116669,Total Recording Co Ltd,,,f
rec-5614-dup-0,Karaoke Kslk,Original Production,id-81,f
rec-5614-dup-1,Karaocke Kalk,Original Production,id-81,f
id-31715,Dirty Water Records,,,f
id-69546,Solitary Records,,,f
rec-113681-dup-1,Grameopone music,Original Production,rec-95884-dup-0,f
id-75329,エヌ・イー・ティー音楽出版,Publisher,id-107,t
id-184036,Fantasy by Selmerphone,,,f
id-106564,Tonodisc SA,,id-10,f
rec-116638-dup-0,Dio Dron,Original Production,rec-15123-dup-0,f
id-238694,Inarhyme Records,,,f
id-5432,Wallys Groove World,Original Production,id-21,f
id-186361,Jerk Records,,,f
id-43169,La Paloma,,,f
id-9089,Sabres of Paradise,Original Production,id-221,f
id-122407,Beardog Publishing Company,,,f
id-90863,Springalo Toones,Publisher,id-222,f
id-82291,Dark Light,Original Production,id-38,f
id-211356,Autrement dit,,id-73,f
id-201002,Mr Manatti Music,Publisher,id-7020,f
id-171165,Hess Street Songs,Publisher,id-5230,f
rec-213951-dup-0,Alex Spencer Muzic,Distributor,,f
id-96041,Base Trip Records,,id-5075,f
id-96045,101 Noites  Criação de Produtos Culturais Lda,Publisher,id-171,f
id-56232,Wambo Productions,Production,id-52490,f
rec-149573-dup-0,Emme Rec0rd Label,,id-105,f
id-234354,Itspop Music Ltd,Holding,id-113,f
id-244882,Wild Rice Music,Publisher,,f
id-63700,Materie Records,,id-81,f
id-3492,Blue Moon Records,Bootleg Production,,f
id-86622,小学館集英社プロダクション,Publisher,id-107,f
id-177697,Misguided Records,,,f
rec-137589-dup-1,Origen Mu5ic,Production,rec-5197-dup-0,f
rec-137589-dup-0,Or9gen Music,Production,rec-5197-dup-0,f
id-249036,Preachja,Production,id-100,f
id-183301,Gray Castle Studios,Original Production,id-5099,f
rec-51391-dup-0,Bassex Record5,Original Production,id-222,f
id-73999,Baboon Records,,,f
id-231135,Roundabout 7 Music International,Publisher,id-222,f
id-122084,Saltwater Music,,,f
rec-239482-dup-0,Eccejtric Recordings,,,f
rec-245310-dup-0,Bethlebem Music,Publisher,,f
rec-224938-dup-0,Young Jortan,,,f
rec-122407-dup-0,Beardog Publizhing Company,,,f
id-213321,Local Genius and Wizard,,,f
id-31444,Continental Garden,Original Production,id-13,f
rec-203528-dup-1,Chocolate Recordst,Original Production,id-434,f
id-241554,che,,,f
id-192693,Ricochet Dream,Publisher,,f
id-123205,Well Go USA,Distributor,id-222,f
id-161088,滾石國際音樂股份有限公司,Holding,id-205,f
id-104988,Black Gold Records,,id-7703,f
rec-200546-dup-0,800 Wilt,,,f
id-180538,Abstract Reality,,id-73,f
id-100622,Monogram,,id-222,f
id-236050,Spinnup,,,f
id-178571,SynGate Wave,,,f
id-123686,NEWTRAXX,,id-107,f
id-221628,Novica Music,Publisher,,f
id-123681,THC  DIY Records,,,f
id-206333,Old Familiar,,,f
id-117914,Domuz Records,Original Production,id-214,f
id-51441,Guardians of Metal,Original Production,id-171,f
rec-113414-dup-0,BFJ Cloyhing CO,,,f
rec-113414-dup-1,BFJ Clothinh CO,,,f
rec-186625-dup-0,Greajy Vinyl,,,f
rec-186625-dup-1,Greasy Viriyl,,,f
id-127305,Made In England,,,f
id-178889,寺内音楽出版,Publisher,id-107,f
rec-171165-dup-1,Hess Street Son9s,Publisher,rec-5230-dup-0,f
rec-171165-dup-0,Heas Street Songs,Publisher,rec-5230-dup-0,f
rec-17964-dup-0,BugInMyEwrMusic Productions,,,f
rec-17964-dup-1,BugInMyEarMusic Peoductions,,,f
id-252894,Bullhead,,id-262,f
rec-36813-dup-0,Bullsbit Recordz,Original Production,id-202,f
rec-36813-dup-1,Bullshit Revordz,Original Production,id-202,f
id-79599,Motley Music Limited,,id-221,f
id-126094,Patio Music,Original Production,id-222,f
id-84994,HMC  Helsinki Music Company Oy,,id-72,t
id-111080,Compact Disc Center,,,f
id-164159,MVI Music,,,f
id-222203,supporter records,,id-69835,f
id-38033,Green Door Record Company,,,f
rec-215482-dup-0,Sentai H0ldings LLC,Holding,id-222,f
rec-182913-dup-0,음악부,Production,rec-113-dup-0,f
id-88240,Greeninch Sound,,id-67890,f
id-90453,Vetnasj Records,,,f
rec-252578-dup-0,Insidiovs,Imprint,id-240,f
rec-171755-dup-0,Secret Lane Music,,rec-98224-dup-0,f
rec-171755-dup-1,Secret Lznd Music,,rec-98224-dup-0,f
id-136477,Other Int Universal,,,f
id-25654,Black Pumpkin Records,Publisher,id-222,f
id-210697,Daedo Records,,id-2531,f
id-178367,Plus 8 Music Europe,Publisher,id-241,f
rec-199956-dup-1,Clazsicaloca Genius Recrods,,,f
id-93822,HTown Records,,,f
id-38459,Popjinx,Original Production,id-221,f
id-236593,Lemon Song,Bootleg Production,id-107,f
id-131156,Volksbank,Publisher,id-14,f
id-252427,Koze Songs,Publisher,,f
id-252425,Saturn Strip,Original Production,,f
id-33388,Creole Records,Original Production,id-221,f
id-81227,Angel Records,Original Production,id-5060,t
rec-100253-dup-0,PHU Violeta,,,f
id-21825,Party People,,id-221,f
id-202598,BlueZ Records,Original Production,id-222,f
id-54194,Germ Recordings,Original Production,id-222,f
id-227110,New Ruins,,,f
rec-184820-dup-0,Colectivo Casa Amsrela,,id-5062,f
id-21829,Bellwood Records,Imprint,id-107,f
id-16700,Blue Rose Records,,id-81,f
id-189350,you deserve hell,Imprint,,f
id-252393,WinStar Home Entertainment,Imprint,id-222,t
id-158250,Crab Key Records,,,f
id-166378,Ladytron Music,,,f
id-44921,Sleeping Giant Music,,id-38,f
id-168881,KRLF,,id-105,f
rec-174752-dup-0,Nomy Productioj,,,f
rec-174752-dup-1,Nomy Produktion,,,f
id-56041,New Tide Records,,,f
id-202000,That Was EZ,Publisher,,f
id-79915,Night Season,,,f
id-84746,SanCtuS Recordings,,,f
id-209481,Charlotte Lawrence Music Publishing,Publisher,id-222,f
id-124791,VZ recording company,,,f
id-20975,Aspirion Records,,id-222,f
id-61576,Woo Me,,,f
id-17652,Cr2 Records,Production,id-221,f
rec-235847-dup-0,Upward Spiral Music,Publisher,,f
id-204980,Magyar Televízió,,id-97,f
id-21581,GSI Musique,Original Production,id-7279,f
id-251708,Loopdeville,,,f
id-122650,Face Maker Entertainment,Publisher,,f
id-60283,Big Kick Music,,,f
id-163012,Matapalo Music Group,Imprint,,f
id-195653,Marquee,,id-107,f
rec-75329-dup-0,エヌ・イー・ティー音楽出版,Publisher,id-107,t
id-43173,J Albert  Son Pty Ltd,Publisher,id-13,f
id-43172,Emmtee Music,,id-222,f
id-218835,RK4L Music Group,,,f
rec-168895-dup-0,HRB Music Cokpany,,,f
id-47661,Eugene Records,Original Production,id-222,f
id-124371,Palto Flats,,id-222,f
id-217650,Stardust Records,,,f
id-152130,Little Hi Records,,,f
id-42190,Weekend World,Original Production,id-221,f
rec-250394-dup-0,NatjumeAtari Inc,,id-107,f
id-87506,It Books,Publisher,,f
rec-82632-dup-1,Black Saddle Ente4tainment,,,f
id-31038,Streamline Records,,,f
id-239482,Eccentric Recordings,,,f
id-187688,Indecibels,,,f
id-245021,DJS Records,,id-150,f
id-70634,Concession Records,,,f
id-63718,Metal Throne Productions,Production,id-84,f
id-222982,Вадим Володин,,,f
id-124572,Grandpa Stan Ltd,,,f
id-14731,Class Kasetçilik,,id-214,f
id-43565,BamaJam Records,Original Production,id-222,f
rec-188043-dup-0,Mercury Recordz,Holding,id-222,f
rec-188043-dup-1,Mercury Rec0rds,Holding,id-222,f
id-63138,Pet Cemetery Records Inc,,id-221,f
id-201101,LV Music,Imprint,id-5213,f
id-27346,Syncro Music,,id-194,f
id-143664,Addison Ababa,,,f
rec-40344-dup-0,Past4ls,Imprint,id-81,f
id-43814,Blues Forever,Reissue Production,id-105,f
rec-141740-dup-1,CBSSony Sonks,Publisher,,f
rec-141740-dup-0,CBSSonv Songs,Publisher,,f
id-214473,Because London Records,,,f
id-18146,Befria Södern,Original Production,id-202,t
id-123742,Underground Sun,,id-115565,f
rec-31444-dup-0,Contimental Garden,Original Production,id-13,f
id-250158,La Vache Folle,,,f
id-4928,Vegas Tracks,Original Production,id-73,f
id-137394,Mind Bending Music,,,f
rec-235618-dup-0,Tazty,,,f
id-216696,Narvik Records,,id-13,f
rec-96926-dup-0,Culyert Music,,id-38,f
id-88878,Spaghetti Records,Original Production,id-105,f
id-157781,Tiny Room Records,Original Production,id-150,f
id-200431,Relative Music Group,Publisher,id-222,f
id-32371,Premium Records,Original Production,id-107,f
id-58192,Brick Red Records,,,f
id-210755,FuzzTown Records,Original Production,,f
rec-227939-dup-0,desa vu productions,,id-66419,f
id-165378,Sheer Africa,,id-193,f
id-87791,Toy Plane Music,Publisher,id-222,f
id-126552,Punk Uprisings Records,,id-22328,f
id-247889,Miracle Records,Original Production,id-7703,f
id-49502,Vacilando 68 Recordings,Original Production,id-221,f
rec-167964-dup-1,Arvida Muskc,Publisher,id-7971,f
rec-167964-dup-0,Arvida Muslc,Publisher,id-7971,f
id-126089,Kind Songs GmbH  CoKG,Publisher,,f
id-188635,Twelve Notes,,,f
id-77507,Brassland,,,f
id-137972,Unknown House,Distributor,id-81,f
id-90440,LIGHT SHOXX,,,f
id-81108,Hitmix Music,,,f
id-82632,Black Saddle Entertainment,,,f
id-146709,Ikaros Records,,id-84,f
id-44751,Hub Productions,Original Production,id-72,f
id-131495,Imaginosis,,,f
rec-242484-dup-0,Fanous,,,f
rec-242484-dup-1,Famos,,,f
rec-192046-dup-0,Jimmy Clastsic,,,f
rec-192046-dup-1,Jimmy Claasic,,,f
id-55126,Abstract Dance,Original Production,id-221,f
id-246427,ELASTICA,,,f
id-25313,Purple Box Records,Original Production,id-222,f
id-182913,음악부,Production,id-113,f
id-32170,Dogma Records,Original Production,id-107,t
rec-5432-dup-0,Wallys Geoove World,Original Production,id-21,f
rec-5432-dup-1,Wallys Groove Worlcl,Original Production,id-21,f
rec-89101-dup-0,Analogic Ubeahleben,Bootleg Production,,f
id-158642,Kunstkopf,Original Production,id-7709,f
id-247333,Dave Hamelin Publishing,Publisher,,f
rec-33837-dup-1,4hij2u,Original Production,id-14,f
rec-33837-dup-0,4hik2u,Original Production,id-14,f
id-105240,Roots and Wings Music,Original Production,id-5076,f
id-195288,MGill Hill,,id-7713,f
id-207459,Curci Germany GmbH,Publisher,id-81,f
rec-74912-dup-0,Pretty Bov Floyd Records,,,f
id-66291,Mighty Perverts,,,f
id-145612,Festayre Activity,Original Production,id-60638,f
id-98556,Eminor Records,,id-331,f
id-210979,Big Dumb Music,,id-23652,f
rec-23679-dup-0,Tumi Mus8c,,rec-15556-dup-0,f
rec-23679-dup-1,Tumk Music,,rec-15556-dup-0,f
id-97994,ALLOFUS Recordings,,,f
id-76195,Association Valentin Haüy,,,f
id-158267,Soundtable,,id-107,t
rec-42870-dup-0,Dkgital Cellars,Original Production,id-222,f
rec-104635-dup-0,IOSYS,Original Production,id-107,f
rec-167336-dup-0,Lanzoni R3cords,,,f
rec-167336-dup-1,Lanzohi Records,,,f
id-21964,2Fer records,,id-194,f
id-51665,King of Patio Records,Production,id-9274,f
id-213634,eltonjohncom,,,f
rec-186431-dup-0,Impul5e,,,f
rec-105010-dup-0,DTCM Afe,Publisher,,f
rec-153704-dup-0,Extralimeare Musik,,,f
id-130058,Gotte Records,Imprint,id-222,f
rec-174003-dup-0,Soulmade Producti0ns,Production,,f
id-164894,Bubblewrap,Imprint,id-96,f
id-65640,Omi Records,,,f
rec-214473-dup-1,Because London Recoahds,,,f
rec-214473-dup-0,Because L0ndon Records,,,f
id-9249,Doxa Records,Original Production,id-81,f
rec-2823-dup-0,Hot Trackst,Original Production,id-73,t
id-153419,Del Mar Estudio,,,f
id-10399,Inevitable Recordings,Original Production,id-13,f
id-111988,Flying Lecords,,,f
id-30808,OtterSong Records,Original Production,id-222,f
id-198082,SUB tl,,,f
id-225340,Творческий центр Музыкальный Дом,Production,,f
rec-136477-dup-0,Odher Int Universal,,,f
id-726,Zomba Label Group,Original Production,id-221,t
rec-126094-dup-0,Patio Mu5ic,Original Production,id-222,f
rec-126094-dup-1,Padio Music,Original Production,id-222,f
id-157416,Gateway Records,,,f
id-116643,Berk Demir Muzik Yapim,Distributor,id-5065,f
id-14631,EVO Recordings,,,f
id-197350,Mau Tak Mau Records,,id-100,f
rec-244882-dup-0,Wilcl Rice Music,Publisher,,f
id-78331,Vegas Records,Original Production,id-79466,f
id-143599,真宗大谷派宗務所出版部,Publisher,id-107,f
id-93544,Serotonin Shift Music Publishing,Publisher,id-5215,f
rec-169399-dup-1,SP Recordst,Publisher,rec-156-dup-0,f
rec-169399-dup-0,SP Recorcls,Publisher,rec-156-dup-0,f
id-80894,Aural Delight,Bootleg Production,,f
id-206869,Spelling Ventures Music,Publisher,id-222,f
id-235216,Uncle Joshs Song Emporium,Publisher,id-222,f
rec-55126-dup-0,Abstrwct Dance,Original Production,rec-221-dup-0,f
rec-55126-dup-1,Abstract Danc,Original Production,rec-221-dup-0,f
id-239306,Table Basse Records,,id-23037,f
id-133087,Oetstar Rekkers,,id-150,f
rec-73999-dup-0,Baboori Records,,,f
rec-73999-dup-1,Babo0n Records,,,f
id-95891,Talisman Records,Original Production,,f
id-159231,Solar Management Ltd,Production,,f
rec-219819-dup-0,Perfect Pitch Music Marleting,Distributor,,f
rec-219819-dup-1,Perfect Pitch Muskc Marketing,Distributor,,f
id-146889,Hood Famous Publishing,Publisher,id-222,f
id-241796,Snooter Records,Original Production,id-222,f
id-151256,Shena Maydelah Publishing,Publisher,,f
rec-9193-dup-0,Teeto Recorcls,,id-170,f
rec-168010-dup-0,Sount  Vision,Distributor,id-84,f
id-198712,CR2 Compilations,,,f
rec-167366-dup-0,Family Gro0ves,,rec-53-dup-0,f
id-62853,Shitsounds Co,,id-67,f
id-103081,Biamusik,Production,id-38,f
rec-66810-dup-1,Timewave Recoahds,,,f
id-56679,Ball Park Music,,id-13,f
id-63580,Resident Advisor,,id-240,f
id-245471,Ruelas Publishing,,,f
rec-210601-dup-0,Funnyb0ne Records,,id-38,f
rec-23186-dup-0,Yacka,Production,id-107,f
id-224965,Нокс Мьюзик,,,f
id-224962,The Bluesharp Music Co,Publisher,,f
id-58050,Fastlane Productions,,,f
id-23186,Yacca,Production,id-107,f
id-14417,Monarch,Distributor,id-221,f
rec-239333-dup-0,IAFDSFBD Son9s,Production,rec-5213-dup-0,f
rec-43169-dup-0,La Paloma,,,f
rec-90068-dup-0,Badlandz Recordings,,,f
id-162579,Westernmost Records,Original Production,id-30644,f
id-168273,MoonDome Records,,,f
id-23522,Strictly Roots Recordings,,id-222,f
id-91971,Mundo Records,,id-10,f
id-222356,Gong Ear,Original Production,id-21,f
id-101485,Horn OCopia Recordings,Imprint,,f
rec-157416-dup-0,Gateway Recordz,,,f
rec-17712-dup-1,Pois0n Arrow Records,Original Production,id-72,f
rec-17712-dup-0,Pooson Arrow Records,Original Production,id-72,f
id-78605,Weed,Original Production,id-222,f
id-91362,World Records,,,f
id-220643,Hate Prod,,id-170,f
rec-181451-dup-0,WolfvOffice,,,f
id-195630,Pachira Records,,,f
rec-137972-dup-0,Unkbown House,Distributor,id-81,f
id-177532,Siderian Records,Production,,f
id-104079,Blue Box Publishing Promotion Karin Wirthmann,Publisher,id-326,f
id-130189,Beggars Music,Publisher,id-221,f
id-79489,Posh Isolation,Original Production,id-7712,f
id-103728,Sleeping Village,,id-222,t
id-193704,Rocking Time Records,Production,,f
id-173209,Humildad Y Honestidad,,id-194,f
id-98892,Wizzard in Vinyl,Original Production,id-8393,f
id-168895,HRB Music Company,,,f
rec-202598-dup-0,BlueZ Recorcls,Original Production,id-222,f
rec-202598-dup-1,BlueZ Recordz,Original Production,id-222,f
id-158495,Lonmel Publishing,Publisher,,f
id-88133,Autistic Records,,,f
id-165773,Blingnot Media,Publisher,id-299,f
id-202800,Media Vision,Manufacturer,id-88032,f
id-202371,SYLCO,Publisher,id-222,f
id-90548,Dolnośląskie Stowarzyszenie Artystyczne,,,f
id-1562,Traditional Crossroads,Production,id-222,f
id-21807,Talent Müzik,,id-214,f
rec-9089-dup-0,Sabre5 of Paradise,Original Production,rec-221-dup-0,f
rec-9089-dup-1,Sabrej of Paradise,Original Production,rec-221-dup-0,f
rec-80894-dup-0,Aural Deligt,Bootleg Production,,f
id-114128,Loud Rage Music,Distributor,id-175,f
rec-133874-dup-1,Lampshade Meeia,Production,,f
id-67353,UHT,,,f
id-126459,Woodstiff,Publisher,,f
id-246326,Mutant1000000,Publisher,id-1178,f
id-252578,Insidious,Imprint,id-240,f
id-158271,Takeout Records,,,f
id-158273,Fran Record Company,,,f
id-172311,May Sun Publishing,Publisher,,f
id-1629,Scaroline Records,Bootleg Production,id-222,f
id-37764,Cynic Lab,Original Production,id-105,f
id-162139,Shimmy 500,,,f
id-177314,Double J Music,Publisher,,f
id-25291,Krazy Kat,Original Production,id-221,f
id-21973,Pila Music,Production,id-81,f
rec-56776-dup-0,Redd Klah  GhetOVision,,id-222,f
rec-148910-dup-1,Gama Island,Publisher,,f
id-9180,God Mountain,Original Production,id-107,f
rec-108781-dup-0,World ov WIls,,,f
rec-4928-dup-0,Vefas Tracks,Original Production,id-73,f
id-186918,Checkmate Records,,,f
id-74171,The Konspiracy Group,,,f
rec-82650-dup-0,Beyond Rekords,,id-295,f
id-164882,VM 2000,Production,id-105,f
id-207614,Black Hair Music Publishing,Publisher,,f
id-537,VSOP Records,Reissue Production,id-222,f
rec-18111-dup-0,Gjided Missile,Original Production,rec-221-dup-0,f
rec-106029-dup-0,Afenue Beatz Music,Publisher,,f
rec-106029-dup-1,Avenue Beat2 Music,Publisher,,f
rec-209151-dup-0,Plavahs Paradise Entertainment LLC,,,f
rec-209151-dup-1,Playahs Pa4adise Entertainment LLC,,,f
rec-52618-dup-1,Dynamic Revlection,,id-150,f
rec-52618-dup-0,Dynamic Reflectiln,,id-150,f
id-33837,4him2u,Original Production,id-14,f
rec-235216-dup-1,Uncle Joshs Song Emponum,Publisher,id-222,f
rec-235216-dup-0,Uncle J0shs Song Emporium,Publisher,id-222,f
id-245310,Bethlehem Music,Publisher,,f
id-85789,Levande Begravd Records,,,f
rec-32907-dup-0,Catalyst Rec0rds,Original Production,id-222,f
id-4266,Mellow Records,Original Production,id-105,f
id-113681,Grameophone music,Original Production,id-95884,f
id-218216,Schama Production,,,f
id-120921,madnet2000,,id-81,f
id-93537,Misprint Records,,id-5213,f
id-29828,株式会社ファースト・エイド・ネットワーク,,id-107,f
id-185868,Dogtree Records,,,f
id-213951,Alex Spencer Music,Distributor,,f
rec-126578-dup-1,Feet 2 Da Concretr Entertainment,,,f
rec-126578-dup-0,Feet 2 Da Concrete Enteryainment,,,f
rec-125633-dup-0,Environnent Records,Publisher,,f
id-173030,African Echoes,,,f
id-225972,Acrobat Music Ltd,,,f
id-228493,TFC Music Group LLC,,,f
rec-25538-dup-0,Fénix Di5cos,Original Production,,t
id-222540,SIMP Records,Original Production,id-116010,f
id-86490,3 on the B Records,,,f
id-144922,Fallwater Music,Publisher,,f
id-49875,Sethnefer Music,,,f
id-204419,Myelin Mason,Publisher,,f
rec-1075-dup-0,Out of Orloit Recordings,Original Production,id-57,f
rec-238286-dup-0,T0y Soldier Records,Original Production,id-30897,f
rec-89366-dup-1,Mad Maga2ine,Publisher,,f
rec-89366-dup-0,Mad Mzgazine,Publisher,,f
id-196386,Kakelane Music,,,f
id-15402,My First Sonny Weissmuller Recordings,Production,id-150,f
rec-247263-dup-0,Mini Mac Muslc,,,f
rec-247263-dup-1,Mini Mac Mvsic,,,f
rec-206121-dup-0,Rocks Rekords,,,f
rec-206121-dup-1,Rocks Recoahds,,,f
rec-68320-dup-0,Pot9mac Records,Production,id-222,f
id-156433,Harold Pierce Publishing,Publisher,,f
id-223748,Trans Continental Records,Imprint,id-222,f
id-136842,Nomad Music Group,,,f
rec-194004-dup-0,Numarec Mustic,,,f
id-170203,Stereo Enchained,,id-23035,f
id-91962,Mushroom Runner Records,Production,id-81,f
id-89075,Fantasy Memory,Reissue Production,id-222,f
rec-106063-dup-0,Dance F|avour,,,f
id-128879,HArt Records,,id-7717,t
rec-51466-dup-1,Temder Loving Empire,Production,rec-5147-dup-0,f
rec-51466-dup-0,Tender Lovinb Empire,Production,rec-5147-dup-0,f
id-168514,Mister Tipsy,,,f
id-181596,Weather Factory,Distributor,id-221,f
id-98718,Power House Records,,id-222,f
id-59804,Tutti Intersong Éditions musicales,Publisher,id-73,f
id-177643,Vesterinen Yhtiöineen Oy,Publisher,,f
rec-251645-dup-0,KLT Ekoijpenak,,,f
id-205730,Lazy Bones Recordings Inc,,,f
rec-88133-dup-0,Autistic Records,,,f
id-195629,Programmes KK  Co,,id-72,f
id-84945,Innercore Japan,Original Production,id-107,f
rec-144922-dup-0,Fallwater Mysic,Publisher,,f
rec-144922-dup-1,Fallwater Muslc,Publisher,,f
id-90422,Serotonin Productions,,id-88313,f
id-82650,Beyond Records,,id-295,f
id-216255,StrumaIodine,,id-653,f
id-2159,2062,Original Production,id-222,f
id-119194,LosTraxx Records,,,f
rec-187712-dup-0,The Teskey Brothers pty ltd,Holding,,f
rec-187712-dup-1,The Teskey Bfothers pty ltd,Holding,,f
rec-59994-dup-0,Lighteri Up,,,f
rec-173125-dup-1,MIKE Pysh Studio,,,f
rec-173125-dup-0,MIKE Puzh Studio,,,f
id-91143,Mutiny 2000 Record,,,f
id-76947,Ghetto Funk,Original Production,id-221,f
id-225608,Irma Records,,id-100,f
rec-118974-dup-0,Elektra Recorts,Holding,id-222,f
rec-185000-dup-0,Loaf Recordd,,,f
id-202365,STREET LOYALTY,,,f
id-90550,Nasty Habits Productions,Publisher,id-221,f
id-141740,CBSSony Songs,Publisher,,f
id-207270,Direct Holdings Holland BV,,,f
rec-189311-dup-0,Last Resort Rec9rds,,id-57,f
id-54658,Off the Shelf,Original Production,,f
id-5059,Tyrannosaurus,,id-221,f
id-127484,BBC Audiobooks Ltd,,,f
rec-87506-dup-0,It Bookst,Publisher,,f
id-185000,Loaf Records,,,f
id-223916,Devel 16 Coterie ENT,Production,id-222,f
id-239970,Ramon Valdovinos,Distributor,,f
id-185008,Double Dose,,,f
id-246056,Quatermass Music Ltd,Publisher,,f
id-150052,Universal Music SA Greece,Holding,id-84,f
rec-246326-dup-1,Mudant1000000,Publisher,id-1178,f
rec-246326-dup-0,Mutant1000090,Publisher,id-1178,f
id-9193,Teeto Records,,id-170,f
id-230440,Sugar Factory Records,,,f
id-202039,Amidah,Original Production,id-221,f
id-191929,Kobalt Label Services America Inc,Holding,id-222,f
rec-126472-dup-0,Songs 9f Universal,Publisher,id-222,f
rec-126472-dup-1,Songs of Universzl,Publisher,id-222,f
id-5614,Karaoke Kalk,Original Production,id-81,f
id-105010,DTCM Ave,Publisher,,f
id-39227,Fresco Records Spain,,id-194,f
rec-74808-dup-1,Full Ciahcle Entertainment,,,f
rec-224848-dup-0,Soul Ciahcle Music,,,f
id-154352,Shedio Records,Production,,f
id-30132,Bandleader,,id-221,f
id-104384,DBlock Records,,,f
id-17354,8ball Music,Original Production,id-150,f
rec-59804-dup-0,Tutyi Intersong Éditions musicales,Publisher,id-73,f
id-181391,Night  Day,,id-221,f
id-243850,ตราหนูขาว,,,f
id-113166,OMG LLC,Imprint,id-82034,f
id-229602,Blueprint Australia,,,f
id-34233,Planet BEN Records,,,f
id-124335,YasQueenProductions,,,f
id-104358,Perso Records,,,f
rec-91962-dup-0,Mushroom Runnwr Records,Production,id-81,f
rec-72447-dup-1,Doology Records,,,f
id-135915,Megaлайнер Рекордз,,,f
rec-89703-dup-0,Syndicate Sonks II,,,f
rec-89703-dup-1,Syndicade Songs II,,,f
id-20232,G  E Music,Original Production,id-222,f
id-142072,Jungle Voodoo Recordings,,id-7703,f
id-189815,Lost on Vacation Music,Publisher,id-222,f
id-17774,Roton,Production,id-175,f
id-237650,ZR Network,,,f
id-31080,All Other,Production,id-73,f
id-178337,GM Recordings,Original Production,id-221,f
id-249769,ReallyRichEmpire,,,f
id-27373,EPI,,id-222,f
id-198289,Hidle Music,Publisher,,f
rec-154290-dup-1,Jahazi Medya,Publisher,,f
rec-154290-dup-0,Jahazj Media,Publisher,,f
rec-79599-dup-0,Motley Muwic Limited,,rec-221-dup-0,f
id-213366,Silver Kamel Audio,,,f
rec-161151-dup-0,Opem Circuit,Original Production,id-150,f
id-108945,Lick the Star Music,Publisher,id-222,f
id-80658,Adn Nocif,,,f
id-14475,Bee Jazz,Original Production,id-73,f
id-67023,Super Uphon Sound,,,f
id-156441,Scorpios,,id-228,t
rec-194247-dup-0,Alternative Ratio,Original Production,id-222,f
id-108495,Chaos Social,Original Production,,f
id-156930,Cronemeyer Edition,Publisher,id-23698,f
id-137071,Psycho V Records,,,f
rec-113501-dup-1,Chukka Prom0 Records,Publisher,id-81,f
rec-113501-dup-0,Chuckka Promo Records,Publisher,id-81,f
id-113414,BFJ Clothing CO,,,f
id-123154,Estate of Richard Sohl Music,Publisher,,f
id-42249,Flyin Eye,,id-222,f
rec-171501-dup-1,Hzg Records,,,f
rec-150651-dup-0,SDK Meclia,,id-81,f
id-186431,Impulse,,,f
id-169399,SP Records,Publisher,id-156,f
id-178684,Undercontrol,,id-105,f
id-198862,Worlds Within Worlds,,id-5126,f
rec-234131-dup-0,Tkb Rec0rds,,,f
rec-234131-dup-1,Tkp Records,,,f
id-192636,Adam  Liza Music,,,f
rec-191220-dup-0,Edizioni Pekago,,,f
rec-243629-dup-0,QFLM,Publisher,id-97166,f
id-247365,Facemelt Records,Publisher,,f
id-38417,Krijs Records,,id-150,f
id-126472,Songs of Universal,Publisher,id-222,f
id-233203,Makondo Entretenimiento,,id-1008,f
rec-21248-dup-0,Cakra,Production,id-81,f
rec-21248-dup-1,Chakra,Production,id-81,f
rec-6388-dup-1,Nice R4cords,Original Production,id-222,f
rec-6388-dup-0,Nice Rscords,Original Production,id-222,f
id-181425,Karma Chief Records,Imprint,id-9549,f
rec-2371-dup-0,Jarrah Rekords,Original Production,id-13,f
id-239969,Ossian USA,,,f
id-164890,KAIWARECORD,,id-107,f
rec-249987-dup-1,UK Bubblerx,Original Production,rec-221-dup-0,f
rec-249987-dup-0,UK Bubblerst,Original Production,rec-221-dup-0,f
id-5603,Kayax,Original Production,id-170,f
id-96926,Culvert Music,,id-38,f
rec-79707-dup-0,Trens,Production,rec-651-dup-0,f
id-225018,Holloway Tapes,,,f
id-149573,Emme Record Label,,id-105,f
id-2434,The Releasing Eskimo,Original Production,id-202,f
id-61530,Secretsundaze,,id-1178,f
id-181277,Delerecords,Original Production,id-103,f
id-74808,Full Circle Entertainment,,,f
rec-106962-dup-0,Warfuck Reco4ds,Production,rec-47-dup-0,f
rec-106962-dup-1,Warfuck Rscords,Production,rec-47-dup-0,f
id-243629,QFLM,Publisher,id-97166,f
id-227939,deja vu productions,,id-66419,f
id-106731,Sam Wha,,,f
id-51309,Music Shop,Original Production,id-73,f
id-4393,WordSound,Original Production,id-222,f
id-234254,Endemol France,,id-73,f
id-245665,Simsara,,,f
id-53935,Chateaurouge,,,f
rec-84746-dup-0,SanCtuS Recordin9s,,,f
id-2770,Basement Boys Records,Original Production,id-222,f
id-242484,Famous,,,f
id-197145,Lost in Ohio,,id-7953,f
id-24700,Cybertech,Original Production,id-81,f
rec-31715-dup-0,Dirty Water Recorcls,,,f
rec-31715-dup-1,Dirty Water Rdcords,,,f
id-68320,Potomac Records,Production,id-222,f
id-245064,Ferbaby Music,,,f
id-30071,Country Jubilee,Original Production,id-222,f
rec-132187-dup-0,Queens L8tho,,,f
id-29808,Bold Soul Records,Original Production,id-222,f
id-207814,subskillz records,,id-113,f
rec-120536-dup-0,Jeremy Bradvord Music,Imprint,rec-221-dup-0,f
id-90961,PPTStembogen,Original Production,id-73,f
id-165116,CoolNote,,,f
id-28358,Last Affair Records,Original Production,id-222,f
id-209151,Playahs Paradise Entertainment LLC,,,f
id-227719,Kitty Records,,,f
id-55849,Purple Trap,Original Production,id-107,f
rec-224848-dup-1,Soul Circle Mujic,,,f
id-242714,Power Entertainment Inc,,,f
id-31419,KTM,Original Production,id-81,f
id-248420,Universum Film GmbH,Distributor,id-81,t
id-35790,New Spirit,Original Production,id-72,f
id-71414,Red Snow Records,,id-221,f
id-219144,Landmark That,,,f
id-216651,UDC Recordings,Original Production,id-221,f
id-3557,267 lattajjaa,Production,id-72,f
id-204717,Leaf Songs Ltd,Publisher,id-221,t
id-43430,Tamarradio,Original Production,id-105,t
rec-76407-dup-0,Warner Olife Music LLC,Publisher,id-222,f
id-78385,New Media,,,f
id-89703,Syndicate Songs II,,,f
id-18985,Forged in Fire,Reissue Production,id-222,f
rec-67431-dup-1,Generation of the Pop punm,,,f
id-123637,All We Know Records,,,f
id-7254,Raucous Records,Original Production,id-221,f
rec-18146-dup-0,Befna Södern,Original Production,id-202,t
id-210554,Tapes She Said,Original Production,id-5243,f
id-145500,Iron Maiden Ltd,Holding,id-221,f
id-200546,800 Wild,,,f
id-82516,SAMURAI ROCK,,id-107,f
id-211055,Alexis Korner Music,Publisher,,f
rec-179283-dup-0,Propane Muxic,Original Production,id-115659,f
id-142533,MP3 Music Collection,,,f
id-247629,CD Kelly Productions,Production,,f
rec-160493-dup-0,Fonovideo Produzioni Discog4afiche,,,f
id-23604,AWB Productions,Original Production,id-222,f
id-137531,Disques JMS,Original Production,id-73,t
id-118552,Guest Records,,id-7744,f
id-88213,Därängdängdäng Records,,,f
id-155178,HNW Netlabel,Production,id-221,f
id-23864,Riot Squad,,id-222,f
rec-23604-dup-0,AWB Productjons,Original Production,id-222,f
rec-23604-dup-1,AWB Prod8ctions,Original Production,id-222,f
id-201810,HAVELU Records,Publisher,,f
rec-145776-dup-0,Gerhard Ksiser GmbH,Production,id-7714,f
rec-145776-dup-1,Gerhard Kaiser GmbH,Production,id-7714,f
id-227093,Beat Dealer Records,,,f
id-171501,Hag Records,,,f
rec-26415-dup-0,Sountmalfunction Recordings,,id-13,f
id-159116,Mankind Records,,,f
rec-236050-dup-0,Spinbup,,,f
rec-236050-dup-1,Spinriup,,,f
id-68792,Sugar Rush,,id-13,f
id-42870,Digital Cellars,Original Production,id-222,f
rec-220643-dup-1,Hate Prot,,id-170,f
rec-220643-dup-0,Hade Prod,,id-170,f
id-19334,Ganaarecordings,Original Production,id-222,f
id-59994,Lighten Up,,,f
id-233219,Bandore Entertainment,,,f
rec-78761-dup-0,Agrexsor Records,,,f
rec-78761-dup-1,Agressor Rec0rds,,,f
id-145892,The Airborne Toxic Eventpublishing,Publisher,,f
id-174809,Plopscotch Records,,,f
id-158224,Everything to Everyone Records,,,f
id-66890,TJM Records,Original Production,id-221,f
rec-118725-dup-0,Massife Sox,Publisher,id-29483,f
rec-211055-dup-0,Alexist Korner Music,Publisher,,f
rec-252427-dup-0,Koze S0ngs,Publisher,,f
rec-252427-dup-1,Kose Songs,Publisher,,f
id-243059,Ghostown Thang Music,Publisher,,f
id-153984,NAHAL Recordings,Original Production,id-73,f
id-170679,Four Sixty,,,f
id-115131,Basspistol,Publisher,id-202,f
rec-145612-dup-0,Festayre Ac5ivity,Original Production,id-60638,f
id-251932,Tiraquon Recordings,,,f
id-74127,Somethin Lite,Original Production,id-222,f
id-131302,Home Skillet Records,,,f
id-191251,Loaded Lick Recordings,,,f
id-191702,Cype Records,Original Production,id-69933,f
rec-24027-dup-0,Blip,Distributor,rec-221-dup-0,f
rec-24027-dup-1,Blee0,Distributor,rec-221-dup-0,f
id-194779,Count Zero Records,Holding,id-1872,f
id-216863,Briss Dont Miss,,,f
rec-199334-dup-1,Warfear Collect'lve,,id-116443,t
rec-199334-dup-0,Warfear Coloective,,id-116443,t
id-176715,Freeformaniacs,,,f
id-174752,Nomy Production,,,f
rec-223748-dup-0,Trans Contimental Records,Imprint,id-222,f
rec-223748-dup-1,Trans Continental Rekords,Imprint,id-222,f
id-92507,Amethyst,,,f
id-43386,Gaylo Records,,,f
rec-145599-dup-0,Cbicken Skin Records,Original Production,id-107,f
id-20529,BitPhitz,,,f
rec-176912-dup-0,Limited Run Gajes,Distributor,id-222,f
rec-176912-dup-1,Limited Run Game5,Distributor,id-222,f
rec-251780-dup-1,Heron Pond Prodvctions,,,f
rec-251780-dup-0,Heron Pond Productions,,,f
id-187091,Mad King Production,,,f
id-251645,KLT Ekoizpenak,,,f
id-134978,Dream Entertainment Group SRL,Publisher,id-10,f
id-87991,In the City,Production,id-1178,f
rec-90440-dup-0,LIGHT SHOXX,,,f
id-185812,STAREX,,,f
id-111814,Salli Isaak Music Publishing,Publisher,id-222,f
id-218957,Soul From The Vaults,Production,,f
id-139852,National Society For The Decriminalization Of Microtones,,,f
id-199466,Ultra Heavy Records,Distributor,,f
id-26954,Tapestry Records,Bootleg Production,id-122,f
id-207809,櫻坂46,Imprint,id-107,f
id-181954,Ruff N Tuff Recordings,,,f
id-190100,Mangini Muzica,,,f
id-224036,WEBKOO,Imprint,id-107,f
id-134791,Rue Snider,,,f
rec-92507-dup-1,Ameghyst,,,f
id-186413,Sasquatch Cock,Original Production,id-153,f
id-162771,Mark D Music,Publisher,,f
rec-243386-dup-0,Rufus Recordinks,,,f
rec-74808-dup-0,Full Circle Eritertainment,,,f
id-232957,GuideTone Recordings,,,f
id-199517,Apparel Tronic,Imprint,id-7278,f
id-64209,Rampade Org,,,f
rec-164460-dup-1,Refugees Of Rap,,,f
rec-164460-dup-0,Refukees Of Rap,,,f
id-18358,The Red Flag Recording Co,Original Production,id-221,f
id-160519,Method Records,,id-221,f
id-103350,Self Serve Records,,,f
id-112126,Sound News Productions,,,f
rec-213321-dup-0,Locsl Genius and Wizard,,,f
id-122800,Emerald Eye Recordings,Distributor,id-221,f
id-239343,Hot Tub Records,Distributor,id-29447,f
rec-238286-dup-1,Toy Soldier Rekords,Original Production,id-30897,f
rec-14475-dup-0,Bee Jats,Original Production,id-73,f
id-161333,Wizz Records,,,f
rec-31080-dup-1,Akl Other,Production,id-73,f
rec-31080-dup-0,All Otyer,Production,id-73,f
rec-242881-dup-0,PRVTC,,,f
id-148910,Gamma Island,Publisher,,f
id-76407,Warner Olive Music LLC,Publisher,id-222,f
id-211062,Spectra Management Inc,,,f
id-244096,DM SAT video production,Distributor,id-241,f
rec-118974-dup-1,Eleltra Records,Holding,id-222,f
id-18190,לבנטיני,Production,id-104,f
id-23679,Tumi Music,,id-15556,f
rec-49875-dup-0,Sethnefee Music,,,f
id-123737,Together Recordings,,id-221,t
rec-239969-dup-0,Ostsian USA,,,f
id-161151,Open Circuit,Original Production,id-150,f
id-69835,Flava of the Month,Original Production,,f
id-72654,Antena Portuguesa,,,f
id-197675,Retro Music Box,,,f
id-154402,Sonic Camera,Imprint,,f
id-32658,Jellyfish Factory Records,,id-73,f
id-132480,All The Time Records,,,f
rec-134915-dup-0,Spider Invzsion,,,f
rec-43430-dup-0,Tarnarradio,Original Production,id-105,t
id-67792,FMan Media,,,f
id-111770,Golden Triangle Records,,id-7020,f
id-115876,Deeman Music,,,f
id-212345,Musica Divina,Production,id-9279,f
id-19028,Zee Music Company,,id-99,f
rec-207809-dup-0,櫻坂36,Imprint,id-107,f
rec-207809-dup-1,櫻坂q6,Imprint,id-107,f
id-59167,Blondell Productions,,id-81,f
id-246361,Flower Records,,,f
id-127381,Knekelhuis,,id-150,f
id-58343,Extreme Electronics,,,f
id-189534,Ni Entertainment,Imprint,id-229,f
id-158234,Music In The Deep Cosmos,,,f
rec-43158-dup-0,101 Sout Records,,,f
rec-66810-dup-0,Timewsve Records,,,f
rec-67431-dup-0,Generation of the P0p punk,,,f
id-96998,Endeavour Classics,,,f
id-40029,Royal Flyness Records,,id-222,f
id-2371,Jarrah Records,Original Production,id-13,f
id-155725,Sounds of Havana,,,f
id-211857,LHUA Music,,id-7731,f
id-45031,Throwdown Records,,,f
rec-88878-dup-1,Spagbetti Records,Original Production,id-105,f
id-74132,LXR Records,,,f
id-246037,Columbia Records Pressing Plant Bridgeport,,id-12766,t
id-182385,Kai Matthiesen Music,,,f
id-83664,PRMD,Original Production,id-202,f
rec-43386-dup-0,Gaylo Recordst,,,f
id-163318,Bavaria Media GmbH,Publisher,id-76043,f
rec-70659-dup-0,Avterlife,,,f
rec-70659-dup-1,Afterlofe,,,f
rec-165116-dup-0,CoolN0te,,,f
id-103834,Tænia Solium,Original Production,id-68486,f
id-187712,The Teskey Brothers pty ltd,Holding,,f
id-5484,Very Friendly,Production,id-221,f
id-186625,Greasy Vinyl,,,f
id-42462,Insiduous Urban Records,Original Production,id-222,f
id-17964,BugInMyEarMusic Productions,,,f
id-69222,Washashore Records,,,f
id-245600,NEBLINA,Original Production,id-171,f
rec-88878-dup-0,Spaghetri Records,Original Production,id-105,f
id-177130,No Love Entertainment,Imprint,,f
rec-15791-dup-0,Ardex,,id-54,f
id-37959,Creepsville Entertainment,Original Production,id-222,f
id-217219,Life is Pain,,,f
rec-214001-dup-0,Shoshanah Hojan,Manufacturer,,f
rec-140331-dup-0,Digita1 Entertainment,,,f
id-50967,Manohar Records,Original Production,id-38,f
rec-51309-dup-1,Mustic Shop,Original Production,id-73,f
rec-51309-dup-0,Music Sh0p,Original Production,id-73,f
id-118974,Elektra Records,Holding,id-222,f
id-245973,Adub Records,,,f
rec-234254-dup-0,Entemol France,,id-73,f
rec-234254-dup-1,Endemol Framce,,id-73,f
id-70659,Afterlife,,,f
id-233471,Actionpop Records,Original Production,id-1178,f
id-65492,Outernational,,,f
rec-236817-dup-0,Tripal Kitchen,,,f
rec-155178-dup-0,HNW Nwtlabel,Production,rec-221-dup-0,f
id-103298,German Democratic Recordings,,,f
id-235847,Upward Spiral Music,Publisher,,f
id-106063,Dance Flavour,,,f
id-251780,Heron Pond Productions,,,f
id-111977,Pagan Music Ltd,,id-221,f
id-125443,Management Three Music,Publisher,id-222,f
id-125441,Get Dancing Records,Distributor,,f
id-14666,Dominant Fiction,Original Production,id-222,f
id-86562,Vistasboy Music bmi,,,f
id-229345,VOX MUSIC,Imprint,id-107,f
rec-218216-dup-0,Schama Prosuction,,,f
rec-218216-dup-1,Schama Productioj,,,f
id-112845,Toxic Shock Records,Production,id-378,f
id-237594,Tchaikovsky  Bad Wolf Entertainment LLC,Publisher,,f
rec-52125-dup-0,Fosfor Creatioh,,id-202,f
rec-52125-dup-1,Fosfor Creadion,,id-202,f
rec-122266-dup-1,Importe1z Records,Original Production,id-7020,f
rec-122266-dup-0,Importe|2 Records,Original Production,id-7020,f
rec-94445-dup-1,Stereofreese,Distributor,,t
rec-94445-dup-0,Stere0freeze,Distributor,,t
id-83058,Liquid Records,Production,,f
rec-182385-dup-0,Kai Matthiesen Music,,,f
rec-74171-dup-1,The Konspirasi Group,,,f
rec-74171-dup-0,The Kon5piracy Group,,,f
id-103349,Diplomat Records,,id-292,f
id-95939,South American House,Production,,f
id-71834,Luxel,,,f
rec-109460-dup-0,Salnts and Sinners,,,f
id-176740,Pelex,,,f
id-1956,Basic Channel,Original Production,id-81,t
id-52618,Dynamic Reflection,,id-150,f
id-109460,Saints and Sinners,,,f
id-248245,MAW Words Publishing,Publisher,id-222,f
id-192977,artbyFORM,Distributor,id-222,f
id-166446,Ace Chillers Hey,,,f
rec-186841-dup-1,Howlinghorsr Music,Publisher,,f
id-175995,Juke Trax Online,Original Production,,f
id-183372,WAVERIDGE,,id-411,f
id-137229,Hinky Music,Publisher,id-5239,f
id-178473,Magdalena Melodies,Publisher,id-150,f
rec-119194-dup-1,Lo5Traxx Records,,,f
rec-119194-dup-0,LosTraxx Recordw,,,f
id-163435,Angelina Recordz,,id-107,f
id-91817,Oscillation Music,,id-81,f
id-52500,Sons Galiza,Publisher,id-194,f
rec-168019-dup-1,Dollar Mu5ic Gang,Production,rec-29637-dup-0,f
rec-168019-dup-0,Dollar Musiv Gang,Production,rec-29637-dup-0,f
rec-211356-dup-0,Autrement tit,,id-73,f
rec-209481-dup-0,Charlotte Lawrence Music Publixing,Publisher,id-222,f
rec-209481-dup-1,Charlote Lawrence Music Publishing,Publisher,id-222,f
id-89366,Mad Magazine,Publisher,,f
id-28866,Urban Camper Entertainment,Original Production,,t
id-198857,Murray Brothers Records,,,f
rec-158224-dup-0,Everything ro Everyone Records,,,f
rec-158224-dup-1,Everything to Everyone Records,,,f
rec-90863-dup-0,Springalo To0nes,Publisher,id-222,f
rec-57844-dup-1,Maximum Souncl,Original Production,id-106,f
rec-57844-dup-0,Maximum S9und,Original Production,id-106,f
id-174003,Soulmade Productions,Production,,f
id-36153,Tocayos Music,Publisher,,f
rec-48697-dup-0,Diskues Apache,Original Production,id-73,f
id-246163,Honshu,,,f
id-198582,TopartMusic,Production,,f
rec-58343-dup-0,Extreme Electrinics,,,f
id-103627,Stoney Burke,,,f
id-177452,Madamelune,Production,id-73,f
id-208912,House of Gaga Publishing LCC,Publisher,id-222,f
id-247578,BlackFoxMusic,Original Production,id-326,f
id-207238,Artist Publishing Global,Publisher,,f
id-178708,TBA Music,Production,id-57,f
id-77566,Evil Ink,,id-222,f
id-143200,Classic Brit Awards,Imprint,id-221,f
id-178704,TBA Records,Production,id-57,f
id-173125,MIKE Push Studio,,,f
id-114425,SPHERE RECORDS,,id-2230,f
rec-181277-dup-1,Delerecorts,Original Production,rec-103-dup-0,f
rec-190100-dup-0,Mangini Mizica,,,f
rec-726-dup-0,Zomba Labeo Group,Original Production,rec-221-dup-0,t
rec-181596-dup-0,Weatner Factory,Distributor,rec-221-dup-0,f
rec-204774-dup-0,Mark A Manc:na Music,Publisher,,f
id-67431,Generation of the Pop punk,,,f
id-99796,Phunky Data,,,f
id-19812,Devil in the Woods,Original Production,id-22373,t
id-74451,150 Music,,,f
id-199661,Earlybird Records,Production,,f
id-207643,Hertz Recordings,,,f
id-243386,Rufus Recordings,,,f
id-146254,FIRE ON MUSIC CO LTD,Holding,id-205,f
id-167336,Lanzoni Records,,,f
id-9556,Happy Pencil,Original Production,id-221,f
id-120402,Frux,Original Production,id-29528,f
id-202677,Bob Abbott Music Inc,Publisher,,f
id-150144,Universal MGB Autores Asociados,Publisher,id-194,f
rec-207270-dup-0,Direct Holdings Hojland BV,,,f
id-95156,Ekraz Music,Publisher,,f
id-87663,Tam Records,,,f
id-17950,Peace 95,Production,,f
id-69257,Black  Blue Records,,id-222,f
id-190452,TΔG MUSIC,,,f
id-182088,Mankind Disaster Records,,id-221,f
id-47566,Forum Novelties,,,f
id-165875,Dissident Street Records,Original Production,id-23264,f
id-120574,Gritty City Records,Imprint,,f
id-152564,Kulturní agentura Angel,Production,,f
id-90022,Fredag Records,,id-221,f
id-96912,Rytmimystiikka,Original Production,id-72,f
rec-198289-dup-0,Hidlr Music,Publisher,,f
id-116352,Vincion Records,Original Production,,t
id-250799,Edition Cézame,Publisher,,f
id-26533,Stumble Records,Original Production,id-221,f
id-24027,Bleep,Distributor,id-221,f
id-226906,NRL Records,Distributor,,t
id-50592,Pelew Music,Publisher,,f
rec-67023-dup-0,Super Uphon Sond,,,f
id-179283,Propane Music,Original Production,id-115659,f
rec-113681-dup-0,Grameophone muzic,Original Production,rec-95884-dup-0,f
rec-246056-dup-0,Quatermass Muzic Ltd,Publisher,,f
id-194247,Alternative Radio,Original Production,id-222,f
rec-78385-dup-0,New Mddia,,,f
id-230591,Chaos Wrecords,Production,id-221,f
rec-74127-dup-0,Sometin Lite,Original Production,id-222,f
id-134137,Hollywood Boulevard Music,Publisher,,f
id-217403,Tender Collection,,id-5121,f
id-135956,ElRow Music,,,f
id-7866,Furious Records,Original Production,id-221,f
id-70912,Teenager In A Box,,,f
id-7644,RTFM Records,Original Production,id-222,f
id-18332,Woodpecker Records,Production,id-222,f
id-215482,Sentai Holdings LLC,Holding,id-222,f
id-214175,Collector Edition Soundtracks,Original Production,,f
id-180820,Rekord,,id-81,f
id-7080,Image Music,Original Production,id-105,f
id-92200,Sicario Music,Production,id-1503,f
rec-23650-dup-0,Century Rec0rds,Reissue Production,id-107,f
id-112453,Dawg Records,,,f
id-234131,Tkb Records,,,f
id-112926,Soop Records,,id-7703,f
rec-195033-dup-0,Kujaku Ciub,,,f
id-248528,Old Wheat Records,,id-5210,f
rec-218957-dup-0,Soul Fron The Vaults,Production,,f
rec-67257-dup-0,Grotesqve Records,,id-254,f
id-8867,Argon Hörbuch,Original Production,id-81,f
id-129773,Jacred,,,f
id-82526,POP SHOP,Imprint,id-107,f
id-148977,Shattered Music,Production,id-222,f
id-23650,Century Records,Reissue Production,id-107,f
id-215711,Tape Stack,,,f
id-241246,Narcotic Bureau,,,f
id-72186,Fascinoma Records,,,f
id-109894,NoBreaks,,id-326,t
rec-163435-dup-0,Angelina Rekordz,,id-107,f
id-237369,SirLofi,Bootleg Production,,f
id-192755,MoneyHouse LLC,Publisher,id-295,f
id-54268,Metalgate,Original Production,id-56,f
rec-111080-dup-0,Compacd Disc Center,,,f
id-115109,Wontstop Records,Production,id-1468,f
rec-104988-dup-0,Black Gold Recordz,,rec-7703-dup-0,f
rec-144369-dup-0,Amg MusicCâmara Municipai de AlmadaBLITZ,,id-171,f
rec-1562-dup-0,Traditional Cros5roads,Production,id-222,f
rec-192636-dup-1,Adam  Llza Music,,,f
rec-192636-dup-0,Adam  Li2a Music,,,f
id-79486,Access X Denied,,,f
rec-133874-dup-0,Lampshade Medya,Production,,f
rec-223017-dup-0,Kame House Rec0rds,Publisher,id-81,f
id-207229,Maskati Brothers Inc,Publisher,,f
rec-43467-dup-0,zicki records,,,f
id-54633,Epervier,Original Production,,f
id-252983,Mercury Classics Soundtrack  Score,Imprint,,f
id-237856,Als Street Music,Publisher,,f
rec-115561-dup-0,eng'lne records,Publisher,id-7323,f
rec-191929-dup-1,K0balt Label Services America Inc,Holding,id-222,f
rec-191929-dup-0,Kobalt Label Services Anerica Inc,Holding,id-222,f
id-66594,Soul Gorilla Monopoly,,,f
id-181451,WolfyOffice,,,f
id-199334,Warfear Collective,,id-116443,t
id-54047,Haunt,Production,id-81,f
id-251902,CrosSing,,id-107,f
id-21248,Chakra,Production,id-81,f
rec-43814-dup-0,Blues Foreyer,Reissue Production,id-105,f
id-172241,Little Sandwich Music,,,f
rec-170203-dup-1,Stereo Emchained,,rec-23035-dup-0,f
rec-170203-dup-0,Stereo Enchainet,,rec-23035-dup-0,f
rec-227110-dup-0,Nevv Ruins,,,f
id-195033,Kujaku Club,,,f
id-238286,Toy Soldier Records,Original Production,id-30897,f
rec-32658-dup-1,Jellyfijh Factory Records,,id-73,f
rec-32658-dup-0,Jellyfish Factorh Records,,id-73,f
id-166860,Strange Place Records,,,f
rec-187091-dup-0,Mad King Produktion,,,f
rec-72027-dup-0,Tete San Ko Publixing Inc,Publisher,id-222,f
rec-197350-dup-1,Mau Tak Mau Recordst,,id-100,f
id-121106,G Tracks,,,f
rec-66890-dup-0,TJM Recordst,Original Production,rec-221-dup-0,f
id-187601,Yesterdays Gone Records,,,f
id-163148,KDirect AG,Production,id-98031,f
id-56511,Shinen Multimedia,,id-241,f
rec-243112-dup-0,MUZA Rwcords,,,f
rec-149573-dup-1,Emme Recorcl Label,,id-105,f
id-151427,NSR,Distributor,,f
id-213395,Sharak Interactive Records,,,f
rec-28358-dup-0,Last Affaur Records,Original Production,id-222,f
id-186460,GKFAM,,,f
id-222837,Esupendo,Original Production,,f
id-14824,Doirlinn Records,Original Production,id-222,f
rec-69546-dup-1,Solitarv Records,,,f
rec-69546-dup-0,Solitary Rec0rds,,,f
id-167915,Blank Code,,id-5179,f
id-15791,Artex,,id-54,f
id-2823,Hot Tracks,Original Production,id-73,t
rec-87663-dup-1,Tam Recoahds,,,f
rec-87663-dup-0,Taiii Records,,,f
id-231656,Struts  Frets,,,f
id-156655,Production Pathétik,Imprint,id-8391,f
id-164253,Yolo Music,,,f
rec-21829-dup-1,Bellwood Revords,Imprint,id-107,f
rec-21829-dup-0,Bellwoot Records,Imprint,id-107,f
id-18232,Cymbidium Records,Original Production,id-72,f
rec-155469-dup-0,Hittite Rdquiem Music,Publisher,rec-292-dup-0,f
id-56776,Redd Klay  GhetOVision,,id-222,f
rec-186841-dup-0,Howlinkhorse Music,Publisher,,f
id-159049,Sentana Filmproduktion GmbH,Production,id-7710,f
id-219819,Perfect Pitch Music Marketing,Distributor,,f
rec-189350-dup-0,yo8 deserve hell,Imprint,,f
id-147058,Otosagashi Records,,,f
id-160493,Fonovideo Produzioni Discografiche,,,f
id-179705,Fat Cat Music,,,f
rec-2434-dup-0,The Releajing Eskimo,Original Production,id-202,f
id-245887,Foursome Music LLC,Publisher,,f
id-201839,Caroline International Japan,Distributor,id-107,t
rec-69257-dup-0,Blacck  Blue Records,,id-222,f
id-215036,Ape Gang Ent,,,f
id-241500,Funky Child Records,,,f
id-184649,Ghosts and Demons,,,f
id-66325,Jazzhaus,Production,id-81,f
id-133874,Lampshade Media,Production,,f
id-210601,Funnybone Records,,id-38,f
id-244594,Paper Platoon,,,f
rec-134137-dup-0,Hollywood Boulevard Mustic,Publisher,,f
id-154474,High Wind Production,Original Production,id-107,f
id-81774,AxIxAxC,,id-129,f
id-81777,TakeFour Collective,Original Production,id-7310,f
id-144432,Latin Dreams Music,Production,id-47,f
id-22198,Universal Dance,Production,id-13,f
id-78761,Agressor Records,,,f
id-58282,3BP,,,f
id-88818,Oh Music,,,f
id-94445,Stereofreeze,Distributor,,t
id-118352,Metro Sound,,,f
id-200652,OneFitMusic Record Label,Original Production,id-809,f
id-132694,FreshTunes,Distributor,id-5084,f
id-146499,Noirdisc,,,f
id-91129,Devouter Records,,id-3834,f
rec-241554-dup-1,xe,,,f
rec-241554-dup-0,cbe,,,f
id-140436,ACT Music  Vision GmbH  Co KG,,id-81,f
id-224995,Les Productions La Table Ronde,Original Production,id-322,f
rec-72447-dup-0,Doxolog6 Records,,,f
rec-173413-dup-0,Pemaco Rd Recordst,,,f
id-233995,Chocolate Remix,,,f
id-136225,Gymnote Mission,,,f
rec-197350-dup-0,Mau Tak Mau Rec0rds,,id-100,f
rec-54047-dup-0,Haunt,Production,id-81,f
id-81363,Early Learning Centre,Distributor,id-89433,f
id-157074,Laputamusic,,,f
id-139087,La Industria Inc,Production,,f
id-64985,Kindred Recordings,,id-73,f
id-184820,Colectivo Casa Amarela,,id-5062,f
id-2348,Bando Records,,id-113,f
id-36813,Bullshit Recordz,Original Production,id-202,f
id-41341,The Master Recording Company,Original Production,id-221,f
id-78831,Loupgarous Productions,,,f
id-246287,Raton Songs,,,f
id-72447,Doxology Records,,,f
rec-239276-dup-1,Fezihau5,,,f
rec-239276-dup-0,Fesihaus,,,f
id-35914,Megaplomb,Original Production,id-105,f
id-243653,CWPT,,,f
id-153704,Extralineare Musik,,,f
rec-246287-dup-0,Ratom Songs,,,f
id-194004,Numarec Music,,,f
id-93652,B Lucky Music,,,f
rec-40029-dup-0,Royal Flyness Rec0rds,,id-222,f
rec-40029-dup-1,Royao Flyness Records,,id-222,f
rec-74097-dup-0,Generations Gl0bal,,,f
id-207592,Speak  Spell Records,,id-7307,f
id-153015,Electric MVM,Production,id-3813,f
id-205998,Russian pirate label,,id-176,f
id-106456,Orange Moldova,Holding,id-140,f
id-194647,shoeup,,,f
id-153232,Eccofilm,,,f
id-206576,Gaijin Entertainment,Production,id-241,f
id-173939,He Shall Be Peace,,,f
id-113501,Chukka Promo Records,Publisher,id-81,f
rec-229596-dup-0,29 Glopal Public,,,f
id-137979,日本アメリカーナ音楽出版,Publisher,id-107,f
id-20909,Tradition Records,Original Production,id-222,t
rec-31419-dup-0,KTM,Original Production,id-81,f
id-124211,Sette Ottavi,,,f
rec-177532-dup-0,Siderian Rec9rds,Production,,f
id-229596,29 Global Public,,,f
id-190929,Eonity,,,f
rec-90548-dup-0,Dolnośląskie Stowarzyszenie Artystyczne,,,f
id-8400,Ill Boogie Records,,id-222,f
id-159432,Selection Records,,id-378,f
id-93436,Pyknotic Records,Original Production,id-5194,f
id-3696,3 Acre Floor,Original Production,id-222,f
id-168010,Sound  Vision,Distributor,id-84,f
id-168019,Dollar Music Gang,Production,id-29637,f
rec-195630-dup-1,Pachira Rec0rds,,,f
id-162532,Atlantic Rhythms,,,f
id-215,Leaf Recordings,Original Production,id-38,f
rec-216966-dup-0,Cuban Vintave Tour,,,f
id-51391,Bassex Records,Original Production,id-222,f
id-36361,David Media AB,Publisher,id-202,f
id-218440,CMSD,Original Production,id-73,f
rec-65640-dup-0,Omi Recorcls,,,f
id-43467,ziki records,,,f
rec-148910-dup-0,Gamma Isiand,Publisher,,f
rec-114974-dup-0,Di9ital Dialect,,,f
rec-75338-dup-0,NRG Komrads,,,f
id-52445,Full Light Records,,id-222,f
id-168162,Inside Orion Minimal Muzik,,,f
rec-132694-dup-0,FrexTunes,Distributor,id-5084,f
id-230921,Spirit Vision Records,,,f
id-108781,World of WIls,,,f
id-3236,Long Distance,,id-73,f
rec-151427-dup-0,NSR,Distributor,,f
rec-245471-dup-0,Ruelas Publisning,,,f
rec-163645-dup-0,Firsd Celtic Masters,,,f
id-91848,Sandevil Music,Publisher,,f
id-142585,Atmos Games,,,f
id-57635,Picture Show Records,Original Production,id-13,f
id-32907,Catalyst Records,Original Production,id-222,f
rec-198168-dup-1,Mon Modhma Recordings,,,f
rec-198168-dup-0,Mon Mothna Recordings,,,f
id-143694,Clan Alba Productions,Original Production,id-3822,f
id-132993,Agrofin Praha sro,,,f
id-239276,Fezihaus,,,f
rec-131495-dup-1,Imag'lnosis,,,f
rec-131495-dup-0,Imagin0sis,,,f
id-217951,Memorex,Manufacturer,id-222,f
id-140331,Digital Entertainment,,,f
rec-17652-dup-0,Cr2 Recordst,Production,rec-221-dup-0,f
rec-17652-dup-1,Cr2 Recorcls,Production,rec-221-dup-0,f
id-200481,Young 2K,,,f
id-137345,Henson Universal Music,,,f
id-112709,Vulkania,,id-30,f
rec-231656-dup-1,Struts  Freta,,,f
rec-231656-dup-0,Strutj  Frets,,,f
id-168587,OXProject,Original Production,,f
id-53717,GenXtasy Records,,id-222,f
rec-159049-dup-0,Sendana Filmproduktion GmbH,Production,rec-7710-dup-0,f
rec-159049-dup-1,Sentana Filmproduktion GrnbH,Production,rec-7710-dup-0,f
id-219825,Sackville Recordings,,,f
id-146642,Circle WANTAN,,,f
id-138459,Gak Attack Records,,id-240,f
rec-203528-dup-0,Chocolate Records,Original Production,id-434,f
id-206372,AB Records,Original Production,id-160,f
id-199956,Classicaloca Genius Recrods,,,f
id-74912,Pretty Boy Floyd Records,,,f
id-145599,Chicken Skin Records,Original Production,id-107,f
id-67620,Culture Shock Music,,,f
id-137589,Origen Music,Production,id-5197,f
rec-235364-dup-0,Bum Rap Mus8c Inc,Publisher,id-222,f
rec-25291-dup-0,Krazt Kat,Original Production,rec-221-dup-0,f
id-188043,Mercury Records,Holding,id-222,f
id-59471,Keevay Music,,,f
id-130593,Carl Fischer Inc,Publisher,id-7020,f
id-118725,Massive Sox,Publisher,id-29483,f
rec-176740-dup-0,Peleecs,,,f
id-115943,MGraveyard,Original Production,id-107,f
rec-43530-dup-0,Death Bevomes Me,Original Production,rec-221-dup-0,f
id-237159,DefinitionMusic,Original Production,id-7704,f
id-132732,Babbeo Records,Original Production,,f
id-105304,Take Off Your Shoes Records,,id-72,f
id-41590,Enormous Tunes,,id-203,f
id-145776,Gerhard Kaiser GmbH,Production,id-7714,f
id-236954,World Sound,,,f
rec-245021-dup-0,DJS Records,,id-150,f
id-246074,Sonic One Powermastering,,,f
id-150590,Ste‐4 Musique,Imprint,id-7279,f
id-39701,Kaiho Music,Original Production,id-72,f
id-173641,Nómada Records,,,f
id-185164,SageQuinnJude Music,Publisher,id-222,f
id-38145,Original Selection Records,Reissue Production,id-221,f
rec-237869-dup-0,Eva Magical Mus9c Sounds,Distributor,,f
rec-95939-dup-0,South Americqn House,Production,,f
id-74043,Quantum,Original Production,,f
id-186841,Howlinghorse Music,Publisher,,f
id-17929,hihat Records,,id-81,f
id-189311,Last Resort Records,,id-57,f
id-189312,Love OnLine Records,,,f
id-16459,Fire Museum,,id-222,f
id-200805,Jenyer Production,,id-113,f
id-125826,Sarah McQuaid,,,f
id-154290,Jahazi Media,Publisher,,f
rec-103350-dup-0,Self Serve Recoeds,,,f
id-39382,Unichappell Music Inc,Publisher,id-222,f
id-81393,Lateral Mgmt London Stockholm AB,Publisher,,f
rec-252425-dup-0,Sadurn Strip,Original Production,,f
id-116638,Dio Drone,Original Production,id-15123,f
rec-144296-dup-0,Amadeo Österreichische Schallpiatten Aktiengesellschaft,Holding,id-653,t
id-250505,Cavalier,,id-7022,f
id-83438,Skeletor Tapes,,id-72,f
id-102531,Only One Records,,,t
rec-246651-dup-0,Nuclear Wa5te Records,,,f
id-201221,Half Pint Records,,,f
id-141587,Trance Gold Records,,,f
id-238401,ebirecords,,id-107,f
rec-144432-dup-0,Lat:n Dreams Music,Production,rec-47-dup-0,f
rec-144432-dup-1,Ladin Dreams Music,Production,rec-47-dup-0,f
id-10454,Hank the Herald Angel Recordings,Original Production,id-222,f
id-112244,Attenshun Records,Distributor,id-30589,f
id-3681,Kalinkaland Records,Production,id-81,f
id-106029,Avenue Beatz Music,Publisher,,f
id-70765,Think For Yourself Records,,,f
id-31101,Red Frame,Original Production,id-221,f
rec-236954-dup-0,World S0und,,,f
rec-77566-dup-0,Evii Ink,,id-222,f
id-216966,Cuban Vintage Tour,,,f
id-63621,Soliti,,id-72,f
id-239668,Akashic Records,,id-222,f
id-180870,Bellamy Brothers Records,Original Production,id-222,f
id-51876,Recoup Records,,,f
id-8092,Classic Records,Reissue Production,id-222,f
rec-43565-dup-0,BamaJam Recorcls,Original Production,id-222,f
id-220768,ニンニクレコード,,id-107,f
rec-181277-dup-0,Delerekords,Original Production,rec-103-dup-0,f
id-147216,saZon Records,Original Production,id-222,f
rec-150144-dup-0,Universal MGB Autores As0ciados,Publisher,id-194,f
rec-93822-dup-0,HTown Recorts,,,f
id-185883,ts136,,,f
id-170100,ABT Budapest,,id-721,f
id-167803,Unholy Conspiracy Deathwork,Original Production,id-5130,f
rec-181391-dup-0,Night  Dav,,rec-221-dup-0,f
id-251561,Rosesmauet Plater,,id-160,f
id-176912,Limited Run Games,Distributor,id-222,f
rec-241796-dup-0,Snooter Refords,Original Production,id-222,f
id-224938,Young Jordan,,,f
id-224848,Soul Circle Music,,,f
id-181657,CLOU,,id-11955,f
id-78780,Caput Medusae,,id-81,f
rec-162532-dup-0,Atlantic Rjythms,,,f
id-132187,Queens Litho,,,f
rec-202000-dup-0,That Wa5 EZ,Publisher,,f
rec-202000-dup-1,That Wast EZ,Publisher,,f
rec-52445-dup-0,Full Ljght Records,,id-222,f
id-52125,Fosfor Creation,,id-202,f
rec-44921-dup-1,Sleeping G'lant Music,,id-38,f
rec-44921-dup-0,Sleeping Giamt Music,,id-38,f
id-203783,Words  Music Inc,Publisher,id-222,f
id-57844,Maximum Sound,Original Production,id-106,f
rec-74132-dup-0,LXR Rekords,,,f
rec-219144-dup-1,Landmari That,,,f
rec-219144-dup-0,Landmark Tat,,,f
id-203071,Battle Creek Recordings,,,f
id-208798,Dr Awkward Publishing,Publisher,,f
id-144296,Amadeo Österreichische Schallplatten Aktiengesellschaft,Holding,id-653,t
id-114175,Casbah Kidd,Publisher,id-222,f
id-118242,K2 SOUND,Original Production,,f
rec-206869-dup-1,Spelling Venturez Music,Publisher,id-222,f
rec-206869-dup-0,Spelling Ventvres Music,Publisher,id-222,f
id-173413,Pemaco Rd Records,,,f
id-79707,Trend,Production,id-651,f
id-162189,Mirror Music,Publisher,,f
rec-106456-dup-0,Oranjy Moldova,Holding,id-140,f
rec-14417-dup-0,Monarcj,Distributor,rec-221-dup-0,f
rec-9249-dup-0,Doxa Rekords,Original Production,id-81,f
rec-9249-dup-1,Doxa Recordj,Original Production,id-81,f
rec-246427-dup-0,ELASTICA,,,f
id-144369,Amg MusicCâmara Municipal de AlmadaBLITZ,,id-171,f
id-171741,Templo,,,f
id-68950,Musica Celestia,Original Production,id-30,f
rec-161882-dup-0,The Art0 Company,,id-88326,t
rec-161882-dup-1,The Arto Conpany,,id-88326,t
id-172270,Three Boys Music Inc,Publisher,id-222,f
id-93292,There Was an Old Woman Records,,,f
id-74891,Rock Snob Records,,,f
id-224792,KJ,Original Production,id-203,f
id-203528,Chocolate Records,Original Production,id-434,f
id-249987,UK Bubblers,Original Production,id-221,f
rec-179283-dup-1,Propane Mujic,Original Production,id-115659,f
id-25538,Fénix Discos,Original Production,,t
id-236817,Tribal Kitchen,,,f
id-73570,Sound on Sound,,,f
id-155469,Hittite Requiem Music,Publisher,id-292,f
rec-7866-dup-1,Furious Recoeds,Original Production,rec-221-dup-0,f
rec-7866-dup-0,Furio7s Records,Original Production,rec-221-dup-0,f
rec-136225-dup-0,Gymnote Mizsion,,,f
id-1075,Out of Orbit Recordings,Original Production,id-57,f
id-74097,Generations Global,,,f
id-75789,テンスアベニュー・パブリッシャーズ,Publisher,id-107,f
id-120536,Jeremy Bradford Music,Imprint,id-221,f
rec-105304-dup-0,Take Off Your Sh0es Records,,id-72,f
rec-178184-dup-0,Kärringa Jonson Rekords,,,f
rec-195630-dup-0,Pachira Recorts,,,f
id-90068,Badlands Recordings,,,f
id-180914,Capal Records,,,f
rec-20909-dup-0,Traclition Records,Original Production,id-222,t
id-237858,Reezmo Music,Publisher,,f
id-221201,KANECITY RECORDS,,,f
id-125633,Environment Records,Publisher,,f
id-25827,Apart Records,,id-202,f
id-4362,EIR,Original Production,id-13,f
rec-18358-dup-0,The Red Flwg Recording Co,Original Production,rec-221-dup-0,f
id-228953,Omerta Music Group,,,f
id-17712,Poison Arrow Records,Original Production,id-72,f
id-6388,Nice Records,Original Production,id-222,f
rec-57635-dup-0,Picture Show Recorss,Original Production,id-13,f
rec-200481-dup-1,Yourig 2K,,,f
rec-200481-dup-0,Youn9 2K,,,f
rec-98718-dup-0,Power Houje Records,,id-222,f
rec-3236-dup-0,Long Di5tance,,id-73,f
rec-241500-dup-0,Funky Chiod Records,,,f
id-218865,Kapvt Mvndi,,id-1178,f
id-220234,Metal Limb Music,Publisher,id-222,f
id-206957,Panther,,id-106,f
id-85730,Downtown Music Publishing International Inc,Publisher,id-222,f
id-134915,Spider Invasion,,,f
rec-125633-dup-1,Environment Recorts,Publisher,,f
id-104635,IOSYS,Original Production,id-107,f
id-167964,Arvida Music,Publisher,id-7971,f
id-100464,SOLFINSTERRE,Imprint,id-107,f
id-112659,Gralin Music,,,f
id-164460,Refugees Of Rap,,,f
rec-54658-dup-0,Off 5he Shelf,Original Production,,f
id-71226,Premiere Music Distributors,,,f
id-235364,Bum Rap Music Inc,Publisher,id-222,f
rec-18332-dup-0,Woodpecker Recordj,Production,id-222,f
rec-130189-dup-0,Beggarx Music,Publisher,rec-221-dup-0,f
id-214001,Shoshanah Homan,Manufacturer,,f
id-62707,bummms records,,,f
rec-189534-dup-0,Ni Endertainment,Imprint,id-229,f
rec-189534-dup-1,N: Entertainment,Imprint,id-229,f
rec-118352-dup-0,Metro Soynd,,,f
rec-118352-dup-1,Metro Sourid,,,f
id-122266,Importe12 Records,Original Production,id-7020,f
id-122267,Hot,,,f
id-43530,Death Becomes Me,Original Production,id-221,f
id-215289,milk voice records,Production,,f
id-82800,Trackstar The DJ,,,f
id-163645,First Celtic Masters,,,f
rec-160519-dup-0,Method Recordz,,rec-221-dup-0,f
rec-160519-dup-1,Medhod Records,,rec-221-dup-0,f
rec-179705-dup-0,Fat Cay Music,,,f
id-18111,Guided Missile,Original Production,id-221,f
id-236030,Longtail Music,,,f
rec-86490-dup-0,3 on tge B Records,,,f
rec-86490-dup-1,3 on the B Records,,,f
id-147407,Washington Records,,id-222,t
id-51466,Tender Loving Empire,Production,id-5147,f
id-146667,Statens Kunstfond,Imprint,id-57,f
id-199978,Start,Original Production,id-21,t
id-247870,Isolation Tapes,Original Production,id-221,f
id-45273,Golf Channel Recordings,,id-7020,f
rec-85789-dup-0,Levaride Begravd Records,,,f
rec-243850-dup-0,ตราหนูขาว,,,f
id-32707,Scandium Records,,id-73,f
id-182813,Dark Side MGMT,,,f
id-115561,engine records,Publisher,id-7323,f
